question,optimal_trajectory_id,joules_spent,is_correct,source
Which magazine was started first Arthur's Magazine or First for Women?,0,1121.5553773549193,True,hotpotqa
The Oberoi family is part of a hotel company that has a head office in what city?,2,1083.0003959597823,True,hotpotqa
"Musician and satirist Allie Goertz wrote a song about the ""The Simpsons"" character Milhouse, who Matt Groening named after who?",4,2449.5338506525222,True,hotpotqa
 What nationality was James Henry Miller's wife?,3,2299.3483011735298,True,hotpotqa
"Cadmium Chloride is slightly soluble in this chemical, it is also called what?",3,1792.1210275358462,True,hotpotqa
"Which tennis player won more Grand Slam titles, Henri Leconte or Jonathan Stark?",2,829.0558340619974,True,hotpotqa
Which genus of moth in the world's seventh-largest country contains only one species?,8,11005.698593958645,False,hotpotqa
"Who was once considered the best kick boxer in the world, however he has been involved in a number of controversies relating to his ""unsportsmanlike conducts"" in the sport and crimes of violence outside of the ring.",6,5763.102344572104,True,hotpotqa
"The Dutch-Belgian television series that ""House of Anubis"" was based on first aired in what year?",2,718.5704731988155,True,hotpotqa
What is the length of the track where the 2013 Liqui Moly Bathurst 12 Hour was staged?,3,3714.7051598066746,True,hotpotqa
"Fast Cars, Danger, Fire and Knives includes guest appearances from which hip hop record executive?",8,12624.839518675159,False,hotpotqa
"Gunmen from Laredo starred which narrator of ""Frontier""?",8,7454.449229358783,False,hotpotqa
Where did the form of music played by Die Rhöner Säuwäntzt originate?,3,3239.725653621951,True,hotpotqa
In which American football game was Malcolm Smith named Most Valuable player?,1,1111.0208098854275,True,hotpotqa
"What U.S Highway gives access to Zilpo Road, and is also known as Midland Trail?",3,1654.2156176006627,True,hotpotqa
"The 1988 American comedy film, The Great Outdoors, starred a four-time Academy Award nominee, who received a star on the Hollywood Walk of Fame in what year?",8,7493.692310340717,False,hotpotqa
What are the names of the current members of  American heavy metal band who wrote the music for  Hurt Locker The Musical? ,8,7080.688242611428,False,hotpotqa
"Human Error"" is the season finale of the third season of a tv show that aired on what network?",3,2528.426183411703,True,hotpotqa
"Dua Lipa, an English singer, songwriter and model, the album spawned the number-one single ""New Rules"" is a song by English singer Dua Lipa from her eponymous debut studio album, released in what year?",1,492.651068355683,True,hotpotqa
"American politician Joe Heck ran unsuccessfully against Democrat Catherine Cortez Masto, a woman who previously served as the 32nd Attorney General of where?",0,261.10364167572016,True,hotpotqa
"Which state does the drug stores, of which the CEO is Warren Bryant, are located?",8,5799.36888161297,True,hotpotqa
Which  American politician did Donahue replaced ,3,2807.026600864451,True,hotpotqa
"Which band was founded first, Hole, the rock band that Courtney Love was a frontwoman of, or The Wolfhounds?",1,356.15929392794715,True,hotpotqa
How old is the female main protagonist of Catching Fire?,5,2505.444775003629,True,hotpotqa
Chang Ucchin was born in korea during a time that ended with the conclusion of what? ,8,7129.683314704401,False,hotpotqa
Who is the director of the 2003 film which has scenes in it filmed at the Quality Cafe in Los Angeles?,8,6488.840113974612,False,hotpotqa
"New Faces of 1952 is a musical revue with songs and comedy skits, it helped jump start the career of which young performer, and American actress?",3,1219.0033798625752,True,hotpotqa
Were Pavel Urysohn and Leonid Levin known for the same type of work?,0,287.22048222364845,True,hotpotqa
Are both The New Pornographers and Kings of Leon American rock bands?,1,333.0855885964604,True,hotpotqa
"750 7th Avenue and 101 Park Avenue, are located in which city?",0,477.558073686943,True,hotpotqa
"Which actress played the part of fictitious character Kimberly Ann Hart, in the franchise built around a live action superhero television series taking much of its footage from the Japanese tokusatsu 'Super Sentai'?",3,1575.1236100076326,True,hotpotqa
"Who was born first, Pablo Trapero or Aleksander Ford?",1,1311.1784079727474,True,hotpotqa
Are Jane and First for Women both women's magazines?,1,286.8632321589902,True,hotpotqa
What profession does Nicholas Ray and Elia Kazan have in common?,1,273.6217610723565,True,hotpotqa
Where is the company that purchased Aixam based in?,5,3319.8066743388736,True,hotpotqa
"Which documentary is about Finnish rock groups, Adam Clayton Powell or The Saimaa Gesture?",1,828.7026166236863,True,hotpotqa
"Who was inducted into the Rock and Roll Hall of Fame, David Lee Roth or Cia Berg?",0,246.83545269102092,True,hotpotqa
Zimbabwe's Guwe Secondary School has a sister school in what New York cunty?,3,1650.2137966673345,True,hotpotqa
"The Royal Commission into Drug Trafficking (1977–1979) or Woodward Royal Commission was a royal commission initiated by the New South Wales Government to investigate drug trafficking in New South Wales, Australia, especially links between the New South Wales Police and Mafia, The Honoured Society, is a Calabrian 'Ndrangheta criminal confederation, started in Melbourne and currently active in all of which country?  ",1,349.7076093050148,True,hotpotqa
"The 337th Flight Test Squadron (337 FLTS) was most recently part of the 46th Test Wing and based at McClellan Air Force Base, a former United States Air Force base located in the North Highlands area of Sacramento County, in which US state?",0,300.0966602982008,True,hotpotqa
The axial turbojet Pirna 014 was designed by engineers from this German aircraft and aircraft engine manufacturer based in which city?,8,10482.363157536929,False,hotpotqa
"Which faith is designated to the University of Providence, private university accredited by the NW association of Schools and Colleges and located in a third largest city in Montana after being passed by Missoula? ",2,724.9789861974783,True,hotpotqa
Pauline Henry was known as the vocalist of a very popular cover song. Which album was this song from?,7,4860.928315245571,True,hotpotqa
Guitars for Wounded Warriors is an album that was recorded in the village in which New York county?,5,4286.322718940443,True,hotpotqa
"What American country music singer-songwriter, born in May of 1942, sang a duet with her ex-husband the same year that he released the song ""The Battle?""",3,2167.1398110323876,True,hotpotqa
"Who was born first, Francis Nethersole or Elizabeth Stuart?",4,3253.2676782403996,True,hotpotqa
What does the Hacker-Pschorr Brewery have to limit in order to comply with German regulations?,4,1619.3498153829075,True,hotpotqa
"Don Barry Mason was the founder of the Psychedelic Shamanistic Institute (PSI), which other member that's Welsh, that died on 10 April 2016?",8,10304.740879942565,False,hotpotqa
What male actor starred in The Messenger?,8,8793.175817576961,False,hotpotqa
Are Gin and tonic and Paloma both cocktails based on tequila?,0,236.4873161218508,True,hotpotqa
Who is older Glenn Hughes or Ross Lynch?,0,247.25901936598092,True,hotpotqa
"In what year was the creator of the current arrangement of the ""Simpson's Theme"" born?",8,7256.292929441762,False,hotpotqa
The Southern Railway runs from Vienna to Graz and the border with Slovenia at Spielfeld via the first mountain railway built in Europe to use what kind of track?,4,2205.9876057524666,True,hotpotqa
In what show did Cynthia Nixon receive the 2004 Primetime Emmy Award for Outstanding Supporting Actress in a Comedy Series and a Screen Actors Guild Award for her performance?,1,377.84303589636016,True,hotpotqa
"Lee Jun-fan played what character in ""The Green Hornet"" television series?",1,291.86546419605315,True,hotpotqa
"The 1895/96 Football League season was the eighth in Football League history with Everton, their Goodison Park home, is a football stadium located in Walton, Liverpool, in which country?",1,274.4203434439899,True,hotpotqa
"A Head Full of Dreams Tour is the seventh tour by Coldplay, and which had it's first show at a stadium that is known as Estadio Unico and is owned by who?",5,4017.505482886488,True,hotpotqa
"Roger Avary (born August 23, 1965) is a Canadian film and television producer, screenwriter and director in the American mass media industry, he wrote the screenplay for Beowulf, a 2007 British-American 3D motion capture epic fantasy film, directed by who?",0,389.0907463931727,True,hotpotqa
"The American Pre-Code comedy film featuring an American actress, dancer, and singer, widely known for performing in films and RKO's musical films, was released in what year?",4,2768.4377006717796,True,hotpotqa
"An edited version of ""Just the Two of Us"" reached number two on the ""Billboard"" Hot 100 behind a song written and composed by Donna Weiss and Jackie DeShannon which spend how many weeks at No. 1 on the ""Billboard"" hot 100?",8,14233.218784066972,False,hotpotqa
"Which band has more members, Saint Motel or Curve?",2,543.0764576117458,True,hotpotqa
"""Funnybot"" is the second episode of the fifteenth season of which American animated television series, created by Trey Parker and Matt Stone?  ",1,296.9377901126418,True,hotpotqa
"Which private research university is located in Chestnut Hill, Massachusetts Boston College or Stanford University? ",0,252.13158469832118,True,hotpotqa
"What American stage, film, and television actor  who also appeared in a large number of musicals, played Samson in the 1949 film ""Samson and Delilah"".",1,372.96495104718156,True,hotpotqa
Iqaluit Airport and Canadian North are based out of what country?,0,296.3096520254186,True,hotpotqa
In what political party was the man who officially opened he Royal Spa Centre in 1972?,5,2595.4805176695995,True,hotpotqa
Which Oscar-nominated film was written by the screenwriter who wrote a 1991 romantic drama based upon a screenplay by Sooni Taraporevala?,2,912.1823733475683,True,hotpotqa
Are both Tim McIlrath and Spike Slawson American punk rock musicians?,1,325.1121885242171,True,hotpotqa
"The Golden Globe Award winner for best actor from ""Roseanne"" starred along what actress in Gigantic?",8,6548.427224754564,True,hotpotqa
"The expert mentor to the celebrities that perform on ""Splash!"" won the 2009 FINA World Championionship in the individual event at what age? ",8,13353.604112563658,True,hotpotqa
"Still Da Baddest is the fourth studio album by American rapper Trina, following the poor chart performance, ""I Got a Thang for You"" featuring which American singer/songwriter, record producer, business woman, and television personality, and was born in Oakland, California?",2,783.8233386406537,True,hotpotqa
What profession does Am Rong and Alexandre Rockwell have in common?,2,530.0327218707969,True,hotpotqa
El Nuevo Cojo and Golf Magazine are both special interest publications but which one is owned by Time Inc?,1,362.9774951729391,True,hotpotqa
Who funds the bowling team that includes the school bus driver for Springfield Elementary School?,8,7711.938194250232,False,hotpotqa
What city are George Washington University Hospital and MedStar Washington Hospital Center located in?,0,354.8387811585774,True,hotpotqa
what is the connection between Peter O'Meara and Norman Dike?,8,9868.281185053675,False,hotpotqa
"What author has contributed to such works as ""New Statesmen"", ""The Nation"", and ""The Atlantic"", among others, while also being being associated with Dysteleology?",8,9936.469029658621,False,hotpotqa
Who developed the prototype pacemaker used by the 34th President of the USA?,8,10431.129863325348,False,hotpotqa
Which publishing company has published Bizarre and a sister publication devoted to the anomalous phenomena popularised by Charles Fort?,2,673.3098686941626,True,hotpotqa
"Who performed the lead single on the album Friends in Low Places, No Fences, that reached #1 on Billboard?",1,345.07802081189897,True,hotpotqa
Hate to Feel is the tenth track on what Alice in Chains' album that peaked as number six on the Billboard 200?,2,530.1779412501717,True,hotpotqa
"The lead singer and guitarist in the Portland, Oregon rock band consisting of John Gourley, Zach Carothers, Kyle O'Quin, Jason Sechrist and Eric Howk, goes by what alias?",2,542.1051157353967,True,hotpotqa
What year was the winner of the 2016 Marrakesh ePrix born?,5,2811.6272048098244,True,hotpotqa
"South Korean actor Kim Yool-ho starred in what 2016 movie directed by Yeon Sang-ho Yeon Sang-ho and starring actors Gong Yoo, Jung Yu-mi, and Ma Dong-seok?",1,389.95378435051475,True,hotpotqa
According to the 2006 census what is the population of the city in which James Iroha Uchechukwu was born ?,5,5434.692798207857,True,hotpotqa
What actor in the film D.C. Cab also had a role in the TV series Barney Miller?,3,1774.1274780202784,True,hotpotqa
Which industry do Richard Hawley and Chicago's Catherine belong to? ,8,6392.787179046389,False,hotpotqa
Are Pam Veasey and Jon Jost both American?,1,280.3199654946382,True,hotpotqa
Maurice Hines and his brother were famous for what?,8,6683.23057509426,False,hotpotqa
Are the New Orleans Outfall Canals the same length as the Augusta Canal?,8,8094.38308659426,False,hotpotqa
In which stadium do the teams owned by Myra Kraft's husband play?,0,445.3787827871071,True,hotpotqa
What southern California based band covered Blue Öyster Cult's Godzilla?,2,893.5955174912779,True,hotpotqa
"The Swedish-British entertainment studio executive and film executive producer, who was the Executive producer for a 2016 American action thriller film directed by Babak Najafi, currently serve?",8,13187.111116558679,False,hotpotqa
"an Emmy Award winner and two-time Tony Award winner, was on the episode 15 of the third season of ""Chuck"". what is her name ?",3,1463.6339310554145,True,hotpotqa
"What is the current name of the Atlanta Mansion built for the daughter of the 41st Mayor of Atlanta, Georgia?",7,9063.337176835501,True,hotpotqa
Who invented the type of script used in autographs?,8,8207.275826441673,False,hotpotqa
Approximately what percentage of the global population is made up of the ethnic group Princess Fragrant was produced to improve relations with?,6,2309.3461056793863,True,hotpotqa
The Boren-McCurdy proposals were partially brought about by which Oklahoma politician in 1992?,2,687.450099036369,True,hotpotqa
The Thoen Stone is on display at a museum in what county?,3,1764.636298795238,True,hotpotqa
"Is Children's National Medical Center or MedStar Washington Hospital Center the largest private hospital in Washington, D.C.?",1,368.2573499169099,True,hotpotqa
"Prince William, Duke of Gloucester and Prince George of Denmark, were eventually monarchs of which Kingdom?",7,5331.605751324647,True,hotpotqa
"The airline operating in Whitehorse, Yukon handled how many passengers in 2012?",2,618.1383167114861,True,hotpotqa
"What State has a Disney Resort & Spa that is a beachside hotel, resort and vacation destination offering complimentary children's activities and programs and that Djuan Rivers was a General Manager at?",1,326.9139765665755,True,hotpotqa
Are Wenling and Xinzheng both in China?,1,393.0688100908184,True,hotpotqa
What is the birth date of the coach of the 2014-15 Michigan Wolverines men's basketball team?,5,2825.1915471958882,True,hotpotqa
"Which organization presents the award in which Chris Noonan was nominated for his work in ""Babe?""",1,419.04933455509587,True,hotpotqa
Where is the base of one of the three main British intelligence agencies?,7,8871.060526621906,True,hotpotqa
"When a Man Falls in Love, is a 2013 South Korean television series, starring Song Seung-heon, Shin Se-kyung, Chae Jung-an, and which South Korean actor, born on ? ",5,3547.7048409541367,True,hotpotqa
What retailer is the second-largest in the United States and has a commercial featuring the American artist who was 1st runner-up in the 2005 USA Weekend Magazine's songwriting competition?,8,9511.293230437104,False,hotpotqa
"Which English actor of stage, film and television from the 1978 BBC drama ""Pennies From Heaven"" appeared in the 2006 BBC Four television play ""Kenneth Williams: Fantabulosa!?""",6,4149.928530107344,True,hotpotqa
Who hosted both Miss USA 1968 and The Price Is Right?,1,880.2478657686602,True,hotpotqa
What video game published by Sierra Entertainment includes an antagonist figure who's mystery is the core of the series? ,6,3497.204613389359,True,hotpotqa
Close to the Enemy starred the English actor known as Ash Morgan in what BBC series?,3,1638.5059513168094,True,hotpotqa
The Bass Rock Lighthouse was next to what Castle?,1,1907.9136875606787,True,hotpotqa
"Gülhane Park and Zografeion Lyceum, are located in which country?",0,252.27047037769913,True,hotpotqa
"What is the name of the movie in which Edwin Brown plays a man that executed at least 400 people, including William Joyce and John Amery?",5,2640.6630773329894,True,hotpotqa
What genre of music is the solo artist that contributed to Real Damage a variant of?,8,8889.800497784383,False,hotpotqa
Jake David Shapiro was best know for being the screenwriter of a film directed by who?,8,6303.795397862699,False,hotpotqa
"What book contains a poem which, along with ""Beowulf"" and the ""Anglo-Saxon Chronicle"", preserves a legendary list of the kings of the Angles?",8,11538.098340772207,True,hotpotqa
Norbert Holm was arrested and later demoted because of his Chief of Operations association with a military theorist popularly known as what?,8,9444.516667234826,False,hotpotqa
What state does Sang-Wook Cheong work as a materials scientist?,3,4122.703993175415,True,hotpotqa
What type of vegetation does Kniphofia and Baptisia have in common?,8,7140.137335986928,False,hotpotqa
"Californian rock band Lit recorded A Place in the Sun in 1995, but what's their best known song?",2,517.2732533868731,True,hotpotqa
"Gary Harrison, began his career in the 1970s and has written over how many major-label recorded songs including several number-one hits, another artist who have recorded his work include Bryan White, an American country music artist?",7,9068.436580523738,True,hotpotqa
The 1976 German Grand Prix was won by a driver who retired in what year?,8,7625.722915707499,False,hotpotqa
What event at the Asian Junior Athletics Championships has men and women competing at the same time?,8,9596.046974984216,False,hotpotqa
Which 1999 French Open - Women's Doubles runner-up was born in Russia on 7 June 1981?,8,10374.471799999354,True,hotpotqa
What is the length of the River which has Wild Horse Creek as a tributary ?,8,6926.264082720355,False,hotpotqa
Are Manhattan West and Singer Building both projects in New York?,4,1590.516717251611,True,hotpotqa
Who is the American internet entrepreneur who founded the company featured on 24 Hours on Craigslist?,2,706.2205485151608,True,hotpotqa
"Between two tennis players Kim Clijsters and Mary Pierce, who is older?",0,248.1246401177497,True,hotpotqa
Which American college that has sent students to Centre for Medieval and Renaissance Studies was founded in 1874?,5,3215.8827115576723,True,hotpotqa
"Hot Coffee, Mississippi sometimes shares a zipcode with a nearby city with what population at the 2010 census?",8,10585.343591795101,False,hotpotqa
Jo Ann Terry won the 80m hurdles event at what Sao Paulo-based event from 1963?,2,603.915623266042,True,hotpotqa
"Pearl Lowe and Alison Goldfrapp, is of which nationality?",2,1059.330760172816,True,hotpotqa
Which British company whose majority of its business interests are in Asia was related to the London Based Trading house Matheson & Company?,2,722.6850977318894,True,hotpotqa
"What man, also known as mi Sde-Or, created a military self-defense system developed for the Israel Defense Forces?",1,370.33345114326715,True,hotpotqa
Do musicians Robert Fleischman and Jimmy Barnes have the same nationality?,1,333.49160779131773,True,hotpotqa
"What is the name of this American multinational corporation that provides IT services, headquartered in New Jersey, that acquired Mirabeau?",1,973.4015915007701,True,hotpotqa
When was Fannie Lee Chaney's son born?,8,12080.844390585959,False,hotpotqa
"The Canada Memorial in Green Park, London, United Kingdom, commemorates members of the Canadian Forces killed during the First and Second World Wars, the memorial was the result of lobbying and fund raising, much of it in Canada, by the former Canadian media tycoon Conrad Moffat Black, his title is what, of this British former newspaper publisher and author?",3,1730.68816453181,True,hotpotqa
WNP-3 and WNP-5 were constructed by the agency formed in which year?,8,7020.714679112954,False,hotpotqa
"he Central Harbourfront is a waterfront site it is the result of Central and Wan Chai Reclamation, and it sits to the east of the International Finance Centre (IFC), a skyscraper and an integrated commercial development on the waterfront of the Central District, of which territory?",1,297.84731093924324,True,hotpotqa
What city does Bundestag and Reichstag building have in common?,0,296.98080762691666,True,hotpotqa
"Which musician, Edwyn Collins or Jimmie Ross, played the bass guitar?",3,1373.2334477781037,True,hotpotqa
"what is the 3112 acre Pennsylvania state park that took over 11,000 to make due to the wave action of lake Erie called?",8,7354.613050600682,False,hotpotqa
 Teri W. Odom is a member of a scientific journal first published in 2007 by who?,8,8625.207696181646,False,hotpotqa
What forensic psychiatrist consulted on numbers cases including one for a contract killer associated with the DeCavalcante crime family?,5,2894.103794911206,True,hotpotqa
"Which American singer-songwriter known as ""the Caruso of Rock"", recorded on the Monument Records label and had hits such as ""Pretty One,"" and ""Uptown""?",2,542.8926486215951,True,hotpotqa
"The central character of ""The Adventures of Brer Rabbit"" was later adapted into which 1946 Walt Disney Company motion picture film?",1,334.26704617304966,True,hotpotqa
Abraham Weinberg was a suspect in the killing of which Irish-American hitman?,2,923.7480241651601,True,hotpotqa
 Benjamin Halfpenny was a footballer for a club that plays its home matches where?,5,2995.9174093361876,True,hotpotqa
"The 2000–01 NBA season was the Jazz's 27th season in the National Basketball Association, and 22nd season in Salt Lake City, Utah, after the retirement of Jeff Hornacek, the Jazz signed free agents John Starks, and who?",2,750.5200858792505,True,hotpotqa
What was population of the city where the Dutch retired footballer Foeke Booy born?,8,6006.631199506343,False,hotpotqa
In what year was the company that co-developed and distributed the BlackBerry DTEK60 founded?,5,5112.26544609231,True,hotpotqa
Who chaired the ceremony in which the film written by Canet and Philippe Lefebvre won the award for Best Film?,5,5256.791672303923,True,hotpotqa
"Mookychick is an independent daily online magazine and community with more than 100,000 readers a month and over 5,000 forum members, content includes analysis of current sociopolitical events, social and cultural trends, alternative fashion, movies, books, music and arts and crafts from a feminist perspective, in contrast with feminist publications and communities such as which women's lifestyle magazine that is published six times a year, and is published by Debbie Stoller and Laurie Henzel? ",3,3309.8244546818305,True,hotpotqa
Der Mond was composed by the man who was best known for what cantata?,6,2610.8872651603892,True,hotpotqa
Mackenzie Davis appeared in the 2013 Canadian romantic comedy film directed by whom?,2,633.8008102584402,True,hotpotqa
The Developing Communities Project's first executive director was which former President?,8,10420.194144807238,False,hotpotqa
"Jane's Addiction and Weeping Willows, play which genre of music?",5,2230.4169005028657,True,hotpotqa
"Throne of Glass is a young adult high fantasy novel series, by which bestselling American fantasy author?",8,6571.7269688163115,False,hotpotqa
"The largest ship in the ""Imperator"" class ocean liners had how many gross register tons?",3,1751.8036457303192,True,hotpotqa
Axle Whitehead was a part of an American comedy-drama television series that is a remake of the British series with the same name set in what city?,5,5074.74741561946,True,hotpotqa
Were both Joseph Roth and Cid Corman authors?,1,312.01853631477445,True,hotpotqa
What was the event that Afghanistan competed in for the first time in 2017 officially known as?,6,2390.9999169461207,True,hotpotqa
Who was the director of the 2001 American romantic comedy film written by Marc Klein in which Lucy Gordon had a small role?,5,2981.6951017802007,True,hotpotqa
What hamlet and census designated place was the location of the only pay-per-view Bunkhouse Stampede?,2,815.2527783847049,True,hotpotqa
La Barredora was a gang that declared war on the leader of the cartel based where?,8,12530.538143078335,False,hotpotqa
What year did the chairman of the Jenkins Commission die?,5,2749.599029424584,True,hotpotqa
"Who was born first, Odysseas Elytis or Cornel West?",0,253.92430128258187,True,hotpotqa
" ""Let Me Out"" is a song released as the fifth single from what band's fifth studio album ""Humanz"" which was recorded in London, Paris, New York City, Chicago, and Jamaica ?",8,9231.888877264864,False,hotpotqa
Up to how far off can the Deal Timeball be from Coordinated Universal Time?,8,9927.258907421261,False,hotpotqa
"Superheaven and Oceansize, are bands of which shared genre?",5,2833.7856988132144,True,hotpotqa
What nationality was a  historical drama film directed by?,8,10846.793345347307,False,hotpotqa
"Who has more scope of profession, Richard Ford or Robert E. Howard?",0,270.62497283673696,True,hotpotqa
The American Aircraft Penetrator was modified from a helicopter produced by what nation's military?,1,319.4811783913794,True,hotpotqa
"Canton Road Station was a planned railway station on the Kowloon Southern Link of West Rail Line, that was to run beneath a large shopping mall located where?",8,6796.4710673867185,False,hotpotqa
What South Korean sitcom starred a South Korean singer and actress who began her music career at the age of 15?,8,8080.208007328534,False,hotpotqa
Ghostbusters is a song written and recorded by Ray Parker Jr. as the theme song for a movie starring a Canadian-American actor who was an original member of the Not Ready for Prime Time Players on what show?,0,390.1129782480862,True,hotpotqa
"Gelatine was an airship piloted on September 19, 1905 by a pioneer American aviator and what?",8,8114.054711579398,False,hotpotqa
"Which movie was released first, The Hunchback of Notre Dame or Saludos Amigos?",0,250.8526622004181,True,hotpotqa
In what country did the repression of citizens by a dictator during the period of 1973 to 1990 occur?,0,251.00115313534567,True,hotpotqa
The mother of the vice chair of Hillary Clinton's 2016 campaign for President is the director of what institue?,7,8655.098735182512,True,hotpotqa
"Michael Ralph DeVito (born June 10, 1984) is a former American football defensive end, he  the National Football League (NFL), DeVito attended high school at Nauset Regional High School an NEASC accredited high school located in North Eastham, in which state?",0,365.7310660818491,True,hotpotqa
"""Apocalypic"" is a song sung by Lizzy Hale from which group? ",3,2066.098589878601,True,hotpotqa
Ted Sutton plays Sergeant Cunningham in a2002 film that stars Mel Gibson as what character?,8,8347.509350129605,False,hotpotqa
"Who is the former professional tennis player from Italy, Chris Evert or Mara Santangelo?",1,330.3266848059687,True,hotpotqa
Who directed a film that included Sarah Manninen?,8,6285.340588688935,False,hotpotqa
"The republic with the smallest population of all the members of the Council of Europe is one of few places in Europe where a species of beetle cannot be found, that wew originally described in 1809 by whom?",5,5092.046402774309,True,hotpotqa
"At the 2011 census, what was he population of the city where Kerry Saxby-Junna was born?",5,3205.5538633530136,True,hotpotqa
"How many German scientists, engineers, and technicians, were recruited in post-Nazi Germany as a result of the clandestine operation where Arthur Rudolph became one of the main developers of the U.S. ?space program",8,7960.355618256018,True,hotpotqa
 Marion is approximately 50 mi north of a city that is the third-most populous what in the U.S.?,8,9871.083639195349,False,hotpotqa
Jayantabhai Ki Luv Story includes a lead role for the film actress and model who is a native of what city?,8,7621.315088207273,False,hotpotqa
"Which is currently more valuable, Temagami-Lorrain Mine or Meadowbank Gold Mine?",3,1504.6097959027131,True,hotpotqa
St James Street appears as a segment of Whitecross Street on the 1610 map of the Monmouth by an English historian best known as a mapmaker of what perior?,4,1672.0080951908533,True,hotpotqa
The Pineground Bridge formerly carried Depot Road over the Suncook River into a town with a population of what?,5,2652.464936815929,True,hotpotqa
"Which city is the American rock band, that released their album on March 19, 2012, from?",8,8406.491455826728,False,hotpotqa
The Rossendale Free Press serves the town how far north of Manchester?,8,10204.296041212712,False,hotpotqa
Which american president's father was a farmer and he was a former US representative from NY?,5,3734.090201531754,True,hotpotqa
The End of the Innocence was a single by which former member of the Eagles?,8,9534.331635831824,False,hotpotqa
What suburban county on Long Island and the easternmost county in the U.S. state of New York is the location of a village called Lindenhurst?,1,423.5403250915427,True,hotpotqa
Which Lightweight division mixed martial artist founded the American Combat Association?,3,1479.26699124276,True,hotpotqa
Which video game producers worked with an English film director to produce a film about sports?,2,893.3690742940873,True,hotpotqa
Who won a Nobel Prize in 1943 and is associated with Max Volmer?,8,7527.054461901255,False,hotpotqa
Who was born first Neil LaBute or H. Bruce Humberstone?,1,419.13559110701243,True,hotpotqa
Were Eatza Pizza and Your Pie founded in the same state?,0,253.34837630509506,True,hotpotqa
Who is younger Mary Ramsey or Lee Ranaldo ?,4,2257.734324502183,True,hotpotqa
What type of species is a Boreo-arctic Montane species found in the most northerly of the abstract five major circles of latitude as shown on maps of the Earth?,8,7921.993162052383,False,hotpotqa
What year was the thesis supervisor of Jocelyn Bell Burnell awarded the Eddington Medal?,8,7445.298881339565,False,hotpotqa
"What musical genre was the song that, according to Annet Artani, inspired the Britney Spears song ""Everytime""?",5,2657.556073725481,True,hotpotqa
British band The Wanted's third album includes a song with a title about which Barbadian superstar?,1,296.52833712140193,True,hotpotqa
"Jonas Hummels is the younger brother of a German professional footballer who plays for the German national team, and who else?",8,8227.712477815707,False,hotpotqa
How many test centuries did the grandfather of Fabian Cowdrey make for England ?,3,1615.6357399954964,True,hotpotqa
Anti-Semetism in the 21st Century: The Resurgence was hosted by a journalist and writer who is an anchor of what show?,1,339.2232058879005,True,hotpotqa
Which of the following is best known for publicly championing a terminal patient's right to die via physician-assisted suicide: Christy Canyon or Jack Kevorkian?,0,373.6561577188845,True,hotpotqa
The plaintiff in the civil suit Paul v. Clinton was born in which year ?,3,2220.2618057817513,True,hotpotqa
How long was the rule of the dynasty that was active when the Rosetta Stone was inscribed?,8,9129.963107747768,False,hotpotqa
Sojourners and KO Magazine share what publication format?,7,5781.061031829382,True,hotpotqa
"At which stadium does the team, for which Baltimore's Marching Ravens is the official marching band, play its home games?",0,309.94650735999505,True,hotpotqa
"The John Messer Barn is a historic structure within the Great Smoky Mountains National Park in Sevier County, Tennessee, this barn is a different Messer Barn in which valley, in the Great Smoky Mountains of North Carolina, located in the Southeastern United States?",2,757.5134806595099,True,hotpotqa
"The NBC-affiliated television station, owned by an American telecommunications company whose founder is Julian Sinclair Smith, called WJAR is more commonly known as what?",2,533.8678362780286,True,hotpotqa
What nationality is the actress who played the role of Sam Sloan's wife Trudy in the sitcom The Single Guy ?,3,1866.2436218333391,True,hotpotqa
"What shopping mall is the largest in south Texas, Malle del Norte or La Plaza Mall?",0,271.4641159990489,True,hotpotqa
"Who is the mother of the prince that had allegations made against him related to the lawsuit ""Two Jane Does v US""?",8,7513.7878787972995,False,hotpotqa
In between Memphis International Airport and Southwest Georgia Regional Airport which one is in Tennessee?,0,252.34143128539867,True,hotpotqa
"Which airport is closer to Cleaveland, Ohio, Luis Muñoz Marín International Airport or Rickenbacker International Airport?",0,269.01499257660083,True,hotpotqa
What profession do Kōbō Abe and Agatha Christie share?,8,7180.851104999063,False,hotpotqa
What all female high school is located in a town in Sunyani West District  in the Brong-Ahafo Region of Ghana?,8,11080.08031878823,False,hotpotqa
"Jinchang and Liling, are located in which country?",0,237.38429951493922,True,hotpotqa
What type of vegetation does Fothergilla and Clerodendrum have in common?,8,8300.664690686246,False,hotpotqa
What are the plants in the same genus as the Dendranthema boreale sometimes called?,8,10776.503840301853,True,hotpotqa
Who is the composer Howard Ashman worked with on his musical released in 1982? ,1,302.8400416468523,True,hotpotqa
What actor portrayed a character in a television series about a fictional race of superhumans appearing in American comic books published by Marvel Comics?,8,8305.216266790983,False,hotpotqa
What comic book published the female superhero created by J. H. Williams III?,8,7045.071036073436,False,hotpotqa
What country of origin does Nick Kroll and Get Him to the Greek have in common?,6,2400.609833715895,True,hotpotqa
"The character portrayed in ""Giuliani Time"" is a real-life informal adviser to the White House in which area?",3,1797.4409856258956,True,hotpotqa
Thomas Harris is a novelist who is famous for creating which character?,1,384.5298584454177,True,hotpotqa
"Who founded the college attended by Thomas Balston, member of the Whatman paper-making family?",8,7537.9730937661625,False,hotpotqa
Joh Bruce Yeh founded a chamber ensemble who won a Grammy in 1985 for their recording of this work based on what Rusian folk tale?,8,13601.095215264226,False,hotpotqa
"Which director is American, Mark L. Lester or Ken Loach?",0,369.6857591017578,True,hotpotqa
Kerrygold Irish Cream Liqueur is owned by a company that mainly sells what type or product?,1,353.3352496322182,True,hotpotqa
The USS LST-510 is a ferry between New London and Orient but what is the population of Orient?,3,2073.7620809588047,True,hotpotqa
"Which band has more members, Muse or The Raconteurs?",2,532.8648215297912,True,hotpotqa
Titus is the soundtrack to the film that starred which actors?,3,1944.2420961496646,True,hotpotqa
"The producer of The Wreckage of Stars also produced albums for Texas in July, Everclear, and what other American metalcore band from Lancaster, Pennsylvania?",3,2110.7736943323657,True,hotpotqa
"What magazine an American monthly food and lifestyle magazine founded in 1987, Cooking Light or Hot Rod?",0,385.6084699177677,True,hotpotqa
"Which tennis player has received a higher World singles ranking, Xavier Malisse or Virginia Wade?",0,300.39161430436553,True,hotpotqa
"Atoms for Peace are an English-American experimental rock supergroup comprising Radiohead singer Thom Yorke, is an English musician and composer, best known as the singer and principal songwriter of which band?",0,392.80093137354754,True,hotpotqa
What was the year founded of the football team that Aaron Galindo is currently a part of?,8,6942.755612211102,False,hotpotqa
What is the nationality of the singer-songwriter who wrote the poetry collection Early Work ?,4,1604.9766900684483,True,hotpotqa
Where does Lance Stephenson of the Indiana Pacers basketball team play his home games?,1,800.191128309689,True,hotpotqa
Where did the father of Maria Brontë spend most of his adult life?,2,674.7590385343449,True,hotpotqa
What is the name of the architect who designed the Lincoln Memorial dedicated in 1922?,1,405.7084694713204,True,hotpotqa
Toronto's Insight Sports is partially owned by what Canadian businessman?,8,9417.773900657441,False,hotpotqa
Who was born first George Marshall or Allan Dwan ?,0,275.21003221268927,True,hotpotqa
"The 2005 documentary ""The Aristocrats"" was dedicated to a comedian that received how many Emmy Awards?",8,5717.547138428906,False,hotpotqa
The Nike Mercurial Vapor is a football shoe worn by which Colombian striker?,8,5835.807999559289,False,hotpotqa
Lendley C. Black is Chancellor of a university offering how many majors?,8,5839.584336143077,False,hotpotqa
West Ridge and the ridge that has IndependenceAvenue/Liberation Avenue as its eastern boundary are separated by what road? ,3,1158.7410569327,True,hotpotqa
What is the historical name of the acid that dissolves phenazine?,8,9378.264990403295,False,hotpotqa
"Who completed more books in their lifetime, Anne Frank or John Kennedy Toole?",0,289.11238668925444,True,hotpotqa
"Die Meistersinger von Nürnberg and Iphigénie en Aulide, are which type of music drama?",1,288.7535977288069,True,hotpotqa
"What side of town is the Chicago Mayer-endorsed, 38th Ward of the City of Chicago alderman serving?",3,1938.1928801156869,True,hotpotqa
What American professional basketball player born in 1986 was awarded the Dave Gavitt Trophy during the 2007 Big East Men's Basketball Championship? ,8,10734.236717651567,False,hotpotqa
Where is the company that built Woodvale Historic District located?,8,8803.425407405011,False,hotpotqa
"The Time: Night, is a novella by which Russian writer, novelist and playwright?",2,938.8814569227914,True,hotpotqa
From what country are both Maurice Newman and Macquarie University? ,0,330.3088716125213,True,hotpotqa
Were Up and The Watercolor released in the same year?,8,5523.615408108825,False,hotpotqa
Which mentor in the 3rd Sa Re Ga Ma Pa Challenge died in Kokilaben hospital?,4,3123.413209101594,True,hotpotqa
"What city is located in Gauteng, South Africa with a suburb called Kew?",0,378.88873427937784,True,hotpotqa
"What electronic band's  song ""Dangerous"" was certified gold by the RIAA in May 2015?",2,541.0823271715922,True,hotpotqa
Are David Gordon Green and Larry Hagman both actors?,4,1934.7230683430978,True,hotpotqa
For which North American auto racing series launched by the Sports Car Club of America does Jack Baldwin drive a Porsche Cayman S?,2,746.1729666409827,True,hotpotqa
Are Calochone and Adlumia both plants?,1,307.31451700117566,True,hotpotqa
What year was the English actor and film producer born in who also starred in an adaptation with Renee Zellweger?,4,3286.1079343665047,True,hotpotqa
"Who's the Hungarian-born US film director renowned for adapting Stephen King novellas to the screen, including The Mist and The Green Mile?",1,362.13211307145775,True,hotpotqa
" Which species, Cardwellia or Ochagavia, is native to South America?",1,337.54136995014494,True,hotpotqa
Are Grasshopper and Sake bomb both types of drinks?,3,1893.6620598813142,True,hotpotqa
"Donington School F.C. was an English football club, based in which large village and civil parish in the South Holland district of Lincolnshire, England?",6,4221.860611998625,True,hotpotqa
Who achieved fame starring alongside John Richard Schneider in a television series?,3,1379.481553724127,True,hotpotqa
"Who was born first, Joe Manganiello or Kirk Kerkorian?",1,481.92242820036455,True,hotpotqa
Lee Il-hyung's first feature film was released by which company ?,2,745.8360701621596,True,hotpotqa
"Rick Seibold has worked with what artist known for her role in ""Big Time Rush""?",4,3581.600192985057,True,hotpotqa
"Where is the band that wrote ""The Drug in Me Is You"" based in?",5,2703.723829793724,True,hotpotqa
Who wrote and directed the film in which Adam Beach played Slipknot?,3,2094.018481691837,True,hotpotqa
"Alamgir joined Meesha Shafi, Strings, Ali Azmat and Shahzad Hasan as a judge on which popular show?",2,577.8270038537428,True,hotpotqa
What network is the reality TV Show that features American former professional baseball left fielder who played 22 seasons in Major League Baseball (MLB) with the Pittsburgh Pirates and San Francisco Giants?,3,1510.9535180478144,True,hotpotqa
What is the name of the Los Angeles resident who directed a 2016 American superhero film about a surgeon who learns the mystic arts after a career-ending car accident?,2,742.7294804033093,True,hotpotqa
Emprise Bank has branches in a city situated along what river?,8,7170.361734426475,False,hotpotqa
Who represents the district that Gawthorpe is in?,8,5972.257996645558,False,hotpotqa
"George Palmer Putnam, was an American publisher, author and explorer, known for his marriage to who, which American aviation pioneer and author, and was the first female aviator to fly solo across the Atlantic Ocean?",0,264.74229058847783,True,hotpotqa
Emma Rose Kenney's roll in a Blue Sky Studios produced film earned how much money?,8,9811.168117319123,False,hotpotqa
The President of Egypt that changed the Hamayouni Decree was born in what year?,1,312.0817765990849,True,hotpotqa
Is Lysichiton and Ageratum geus in the same family?,0,316.67339827348684,True,hotpotqa
A 2001 Indian epic sports-drama film starred an actor who was also know for his role in what 1999 movie?,8,9943.022614615315,False,hotpotqa
"Huddersfield Giants R.L.F.C. are an English professional rugby league club from Huddersfield, West Yorkshire, the birthplace of rugby league, who play in the Super League competition, they play their home games at the Kirklees Stadium which is shared with Huddersfield Town F.C., is a multi-use sports stadium in Huddersfield in West Yorkshire, in which country?",1,415.01663118908203,True,hotpotqa
"Javier Mora, is a Mexican boxer in the Heavyweight division, he was defeated by Alexander Vladimirovich ""Sasha"" Povetkin, by a 5-round TKO, in which country?",2,628.8998177290127,True,hotpotqa
"Dixit Dominus is a psalm setting by who, which was a German, later British, baroque composer who spent the bulk of his career in London, becoming well known for his operas, oratorios, anthems, and organ concertos?",1,716.9305376489606,True,hotpotqa
Who is the Russian figure skater who danced with a Russian pair skater and in 1988 and 1994.,2,579.9412429202357,True,hotpotqa
It Takes a Family is a response to this 1996 book that was published by who,2,728.4823792493712,True,hotpotqa
The 2016 Washington State Cougars were led by the coach who previously helmed which other team?,8,8451.46033675134,False,hotpotqa
"The San Diego Gulls are a professional ice hockey team in the American Hockey League (AHL) which began playing in the 2015–16 season, the Gulls play their home games at which indoor arena located at Sports Arena Blvd in Point Loma, San Diego?",1,864.1970337525837,True,hotpotqa
Which show connects Arthur Darvill and Matt Smith?,0,409.471681350312,True,hotpotqa
"The Acolytes Protection Agency consisted of what wrestler born November 29, 1966",3,1937.1986547017,True,hotpotqa
"Which K283BV artist is from Columbus, Ohio?",3,1436.8664208739215,True,hotpotqa
"What host of The Voice UK was in ""Doctor Who""?",8,8349.315561024216,False,hotpotqa
What era was the man associated with Fanny Talbot the leading art critic of?,4,2195.852382694001,True,hotpotqa
Who wrote the song that caused the Columbia Kingsmen to change their name to Sha Na Na?,5,2748.094105205675,True,hotpotqa
"Which guest who appeared in the album ""Animal Ambition"" was born with the name Albert Johnson? ",8,7363.472551804168,False,hotpotqa
In what city was the rock band formed which was paid tribute by Listen Without Distraction? ,4,1888.0061461604846,True,hotpotqa
What is found in Prochlorococcus and essential for photosynthesis?,1,377.804644709457,True,hotpotqa
"In which theatre in Los Angeles did the late-night talk show host of ""Chelsea Lately"" host the 2010 MTV Video Music Awards?",3,2280.6291419307286,True,hotpotqa
"Brian Keith ""Herbie"" Flowers, is an English musician specialising in electric bass, double bass and tuba, he has contributed to the recording Give My Regards to Broad Street is the fifth studio album by who, as well as the soundtrack album to his 1984 film of the same name?",2,523.1412133921496,True,hotpotqa
The First Silesian war was fought against the King of Prussia who died in what year?,1,391.3358409830818,True,hotpotqa
"The Chandrasekhar limit was named after an astrophysicist, what is the name of his uncle of which is also a novel laureate?",1,2081.8097305843526,True,hotpotqa
What is the meaning of Trevor Prangley's other division the fought in aside from Light Weight?,8,12223.165851437863,False,hotpotqa
"Who acted in ""Shanghai Knights"" and voiced Lightning McQueen in the ""Cars"" franchise?",4,2194.9613848257236,True,hotpotqa
Which event was a surprise military strike by the Imperial Japanese Navy Air Service while Magruder Hill Tuttle was a senior officer in the United States Navy?,1,316.9558559913319,True,hotpotqa
"Simone Kirby is an Irish actress, her credits include as Tracey Moynihan in which Irish dramatic television series broadcast, on RTÉ Television, the show aired between 2010 and 2014?",2,800.9741150158478,True,hotpotqa
Who did the professional tennis player currently ranked World No. 1 in men's singles defeat in the 2017 Barcelona Open Banco Sabadell - Singles?,3,1532.485533812499,True,hotpotqa
Which league does the 2010 head coach of the SMU Mustangs football team currently coach in?,2,566.0431911872904,True,hotpotqa
Device – Voice – Drum is the fourth live album by a band that produced how many gold albums?,8,6339.600844880866,False,hotpotqa
"The band that released the album ""Let's Cheers to This"" is from what Florida city?",8,6273.940760008142,False,hotpotqa
Which breed of dog is now extinct: Chinese Crested Dog or the Chien-gris?,1,374.45481894824786,True,hotpotqa
Which African-American composer co-wrote Air?,8,6876.54075783124,False,hotpotqa
"Anil V. Kumar,  is a television and film director and producer in India, his production house, Flying Turtle Films co-produced the movie ""Zanjeer"" starring Priyanka Chopra and which actor, and entrepreneur, who works in Telugu cinema?",2,521.280710893565,True,hotpotqa
"On what date did a Canadian politician born January 2, 1979, succeed as leader of the New Democratic Party in Canada? ",5,2683.7377051324247,True,hotpotqa
Which was available first the No Card or the Octopus card?,2,586.8601431045581,True,hotpotqa
What is the phrase that is commonly used on the day which is observed on 25 April each year?,8,6765.623718632043,False,hotpotqa
"Which band's song was used as the theme at the Pepsi Arena on January 8, 2006?",8,11039.947475814693,False,hotpotqa
The Colts' first ever draft pick was a halfback who won the Heisman Trophy in what year?,3,2668.0698051189997,True,hotpotqa
The Grand Lodge of the Republic of Liberia is based on a branch of North American Freemasonry founded on what date?,3,1367.6935481571961,True,hotpotqa
"The first female board member for the Liberal Party, she was born in which county in Norway?",3,1416.5759769296021,True,hotpotqa
Mary Small served the county whose seat is what town?,3,2078.9127209444423,True,hotpotqa
What 1998 film with Arthur Nascarella was directed by Tony Scott?,1,536.4800407086951,True,hotpotqa
"In the draft of the 2017–18 Phoenix Suns season, The Phoneix Suns picked which player that played one season for the Kansas Jayhawks?",1,389.16283963133594,True,hotpotqa
Which Byron Edmund Walker founded institution was originally controlled by the Church of England?,6,2365.3190074197178,True,hotpotqa
The weapon BFG is found in which game developed by id Software ?,0,708.3557519459399,True,hotpotqa
Which court case concerned the president of the Foundation of Moral Law and a stone monument of the Ten Commandments?,5,3994.841094711572,True,hotpotqa
The 2016 Liberty Bowl was sponsored by a company based in what city?,1,771.990748826539,True,hotpotqa
in the 2003-04 Wolfsburg signed a starlet from River Plate who plays in what position ?,1,319.52027049403074,True,hotpotqa
"American actor, Peter Hansen, best known for his role on General Hospital, also starred in The War of the Roses with American film and stage actress and director who has won how many Golden Globe Awards?",1,303.1504031659006,True,hotpotqa
Arthur Noss won a Military Cross as the gunner of a soldier born in which year ?,8,9466.86484571187,False,hotpotqa
"Who produced the movie that ""Puss in Boots: The Three Diablos"" is the sequel of?",1,331.0333627775565,True,hotpotqa
On which former estate was the venue of Aloha from Hawaii Via Satellite located?,5,4380.30374610459,True,hotpotqa
Where is the record company based that was co founded by the frontman of Minor Threat and Fugazi?,1,434.7009015818194,True,hotpotqa
"Kiawah Island, South Carolina was mentioned in ""Porgy and Bess,"" composed by the man best known for which other 1924 orchestral composition?",1,358.4592211468008,True,hotpotqa
"Richard Yates published a work by the name of ""Eleven Kinds of Loneliness"", one of Italo Calvino's best known works was of the same genre and named what?",3,1248.8664091615667,True,hotpotqa
"Extras, is a British sitcom about extras working in television, film, and theatre, the series was co-produced by the BBC and HBO and was created, written, and directed by Ricky Dene Gervais, an English comedian, actor, writer, producer, director, singer, and musician, born on which date?",1,594.7151673913247,True,hotpotqa
Are Patrick White and Katherine Anne Porter both writers?,1,267.0630653618919,True,hotpotqa
Who directed a 2016 musical filmed in Howth?,5,2801.7914423735456,True,hotpotqa
Son of Paleface starred the comedian and vaudevilian of what nationality?,0,248.71748796825054,True,hotpotqa
What television series did the actor that Penny Layden performed with in The Libertine star in and subsequently became a teen idol?,8,9492.226782954995,False,hotpotqa
What network did the show on which Kim Roberts played Neeva air on?,3,1254.702956850903,True,hotpotqa
Which rivalry were involved in the chant referring to the United Kingdom's Victories of the First and Second World War?,8,14885.246878326869,False,hotpotqa
Marpessa Hennink modeled fashions created by which two Dolce & Gabbana founders and designers?,2,549.0839485538772,True,hotpotqa
Formally the Games of the XXX Olympiad what sports event did Dirkie Chamberlain represent her country?,4,2438.8108504056604,True,hotpotqa
"""Touch"" is a song from an album released under which labels ?",8,8728.679865890454,False,hotpotqa
When was the stadium Wollongong Wolves Football Club plays at opened?,2,568.2283862092897,True,hotpotqa
"Irma Pamela Hall, an American actress who has appeared in numerous films and television shows since the 1970s, and is best known for playing matriarchal figures including in which 2004 American black comedy thriller film directed by Joel and Ethan Coen?",3,1613.1717965481967,True,hotpotqa
"From an Andrey Zvyagintsev drama, which American city did the actual events upon which the drama is based take place?",8,8513.632551495364,False,hotpotqa
Alan Furst and Lee Child are what?,8,8181.179085406855,False,hotpotqa
"Tenth Avenue Freeze-Out  is the second song on which of Bruce Springsteen's breakthrough album, that is the third studio album by American singer-songwriter Bruce Springstee?",1,595.3942669844807,True,hotpotqa
What New York county is Hartland Swamp Wildlife Management Area located in?,2,573.0571837410669,True,hotpotqa
In what city did Duane Swank get his PhD?,3,1268.9058823456703,True,hotpotqa
Which publication is published more often: Modern Drummer or Bookmarks?,0,251.85231158170137,True,hotpotqa
"Which actress plays both Iris Carr in The Lady Vanishes, and Riley Blue in Sense8?",3,3658.276052911866,True,hotpotqa
Mindless Self Indulgence and Tappi Tíkarrass are both what?,1,335.3797546778958,True,hotpotqa
"Tothill Fields was an 18th-century area of Westminster in the county of Middlesex, a historic county in south-east region of which country?",0,439.8424782480018,True,hotpotqa
What quarterback for the Atlanta Falcons did Baker Mayfield win the starting job at Oklahoma over?,2,582.4153777973823,True,hotpotqa
"Terenzo is a city in the Province of Parma, which region of Italy is Terenzo located in?",8,7064.245783390082,False,hotpotqa
When was the  Prime Minister of India after which V. K. Krishna Menon was regarded as the second most powerful man in India born?  ,5,2876.4392902977706,True,hotpotqa
The Colombian airline that has been the national airline and flag carrier of Colombia since 1919 is wholly owned by a company headquartered in what country?,2,533.3268515241972,True,hotpotqa
What is the approximate population of the country that Koularo lies in?,8,5274.159941233505,False,hotpotqa
"What actor in Holding the Fort is also known for being a television presenter for shows ""Game for a Laugh"", ""You Bet!"" and ""Stars in Their Eyes""?",2,561.9022100171505,True,hotpotqa
"What other band was featured on the cover page of the Alternative Press magazine for the ""100 Bands You Need to Know in 2010"" alongside The Cab discography and Never Shout Never? ",3,2311.8736809081793,True,hotpotqa
In what year did the English actor from the film The System die?,8,5926.9363600233755,False,hotpotqa
One of the football forwards who plays for SC Pinkafeld is from which European country that borders Austria?,1,612.7840022985608,True,hotpotqa
"What is the birthdate of this Count of Luxembourg and King of Bohemia, who was father of Psalter of Bonne de Luxembourg?",5,2882.8780886125096,True,hotpotqa
Are both Simon Wincer and Patrice Leconte film directors?,1,277.65552110107643,True,hotpotqa
Who wrote the song that was sung to the famous tune of the composer known as the Father of the Symphony?,8,14189.033311944422,False,hotpotqa
what the real name of the welsh electronic music producer DJ who have been visited the night club called Flex in vienna hundreds of times?,8,7203.299191992202,False,hotpotqa
Nakayama Miho no Tokimeki High School included music by the composer best known for the games by what company?,1,764.7616546146932,True,hotpotqa
What was the 2011 population of the unitary authority area that includes the village Eastoft?,8,6506.024535614703,False,hotpotqa
Robinsons and Pocari Sweat are both what kind of product?,3,1524.6577468735618,True,hotpotqa
 Rani Silautia is an Indian politician from a party having links with which Hindu nationalist organization ?,8,6776.057138241027,False,hotpotqa
"What is a resort and National Historic Landmark in Palm Beach, Florida, built from 1924 to 1927 by cereal-company heiress and socialite Marjorie Merriweather Post, that has Magazines available for free to members of the resort?",1,475.35633463733456,True,hotpotqa
Did both Carl Boese and Franco Zeffirelli direct and produce film?,3,1938.4816607292912,True,hotpotqa
"Route 146, Interstate 890, and what other highway all run through Schenectady, New York?",8,11386.707280470322,False,hotpotqa
"Who won the election that ran concurrently with the North Dakota gubernatorial election, 2016?",4,1965.5506006745632,True,hotpotqa
Who released the album with a single which originally reached number 60 on the UK Singles Chart in 1997?,8,10568.584183545085,False,hotpotqa
What was the official name for the draft that Thomas E. O'Donnell was a public opponent of?,8,8343.130914427624,False,hotpotqa
"The creation of Fontana Lake submerged Proctor, North Carolina and what other town?",2,793.0301740196603,True,hotpotqa
"Which air force base is the headquarters for the Eastern Air Defense Sector and located 12 mi east of Panama City, Florida?",0,299.17252187568795,True,hotpotqa
"What vehicle, introduced for model year 2006, does Patrick Carpentier currently drive in the NASCAR Sprint Cup Series?",4,2399.436136381684,True,hotpotqa
When was the company that publishes the journal Magnetic Resonance Imaging established ?,5,2732.345130351618,True,hotpotqa
"Ian Hunter and Stuart Murdoch, have which musical occupation in common?",3,1331.3237218279019,True,hotpotqa
"Signet Jewelers owns what Delaware based retailer, along with Kay and Jared?",5,2530.0359119412133,True,hotpotqa
Since when has the automobile driven by Garrett Smithley for MBM Motorsports been sold?,8,8855.246811631849,False,hotpotqa
Who was the husband of the first olympic gymnast to be awarded a perfect score of 10.0?,3,2389.0725111085003,True,hotpotqa
What other real life boxer did Mike Williams act with in Rocky V?,2,550.8026643766937,True,hotpotqa
"Spaceballs is a 1987 American comic science fiction film co-written, produced and directed by Mel Brooks, the film also features which American actor, businessman, and animal welfare advocate, best known for his role as patriarch Tom Bradford on the ABC television comedy-drama ""Eight Is Enough""?",8,7764.832332314603,False,hotpotqa
"What Dutch DJ did Richard Bedford collaborate with on the album ""Intense""?",2,714.9443407109103,True,hotpotqa
 Is Advanced Micro Devices or Level 3 Communications headquartered further west?,0,440.77722984167417,True,hotpotqa
Wayne's World featured the actor who was a member of what Chicago comedy troupe?,1,1570.7973770514595,True,hotpotqa
Tulapur is a village in which second largest city in Maharashtra?,1,1033.1930645730158,True,hotpotqa
Peter Bakovic played for which National Hockey League team?,2,843.6927312470166,True,hotpotqa
"Who is older, Vincent Walker or David Usher?",2,767.5305834070762,True,hotpotqa
"Yukio Mishima and Roberto Bolaño, are Chilean?",0,399.62108233755674,True,hotpotqa
What telenovela inspired the TV show that the band Eme 15 was formed on in 2012?,5,2561.7158458781387,True,hotpotqa
"Who released their second album with a band from Louisville, Kentucky?",8,11730.686829607075,False,hotpotqa
Who is married to Jim Tomlinson and released an album entitled Raconte-moi?,2,702.0207392653369,True,hotpotqa
What sport did Jack Sock and Raffaella Reggi play?,1,604.315001048236,True,hotpotqa
"Heartbreak Express, Dolly Parton's 24th solo studio album, featured this re-recording of what song, originally recorded in 1973 and featured in the ""Best Little Whorehouse in Texas Soundtrack""?",2,681.8857695780616,True,hotpotqa
"In which theatre of New York City did a play, described as Marxism but using the figure from a Christmas pantomime in the United Kingdom, perform?",6,3516.3176622727037,True,hotpotqa
"The university who was led to six national championships by Paul ""Bear"" Bryant, had its first ever Heisman Trophy winner drafted by what NFL team?",3,2232.8371729832556,True,hotpotqa
"Which actor starring in ""Lisa Picard Is Famous"" was born in Douglas County?",3,2055.4627730863285,True,hotpotqa
"What is based in Sankt Ulrich bei Steyr, Austria? ",2,1184.739781832737,True,hotpotqa
"What is the name for the regulatory body of over 25,000 football clubs in Germany?",2,977.9211143854077,True,hotpotqa
"Which was halted by a natural disaster, Camlaren Mine or Barton Mine?",8,6250.899677234761,True,hotpotqa
Where is the company based that sold Vodafone it's New Zealand operations?,8,7650.643928052029,False,hotpotqa
" ""The Twentieth Century is Almost Over"" was re-recorded five years later by Cash and Waylon Jennings,  Kris Kristofferson, and  Willie Nelson, one of the most recognized artists in what type of music?",1,733.4640936653677,True,hotpotqa
"Charles Hutchison and Reginald Barker, have which mutual occupation?",4,1728.443361299372,True,hotpotqa
Was Beyond the Gates of Splendor or Jesus Camp released first?,0,420.1325964093425,True,hotpotqa
"Tura Beach, New South Wales is a suburb of a town that had what population at the 2016 census?",5,3374.4193285136666,True,hotpotqa
How many stores are in the major shopping centre that is served by the Garden City bus station?,3,1655.5977300563695,True,hotpotqa
Padgate is a suburb of an english town on the banks of the River Mersey whose population was estimated to be 208800 in 2016 but in which unitary authority area is it located?,8,7185.173317249299,False,hotpotqa
"What band originally from Tucson, Arizona and currently from Albany, New York released their first album in 2000?",8,8782.740696826928,False,hotpotqa
Are Randal Kleiser and Kyle Schickner of the same nationality? ,3,1566.9694971451377,True,hotpotqa
Barbara Jordan and Mark Knowles are both what?,8,7680.547535179792,False,hotpotqa
Was the president who appointed Thomas C. Mann a democrat or a republican?,3,3166.3054857495217,True,hotpotqa
Walter O'Brien was played by which English actor?,5,2906.0704742722287,True,hotpotqa
"What  teen sex comedy film written by Adam Herz and directed by brothers Paul and Chris Weitz, starred an actor best known for her role as Jessica ?",1,317.93928318816097,True,hotpotqa
"The Sia song ""Never Give Up"" is from the soundtrack of a film that is based on what non-fiction book?",7,5715.982672316978,True,hotpotqa
What two skills do Lee Hong-gi and Dee Snider have in common?,8,8443.739208730336,False,hotpotqa
What area is the species of Spruce which can be found in Rensselaer Plateau native to?,3,1680.067314766452,True,hotpotqa
United 300 and 300 were both made in what country?,7,6291.988661690369,True,hotpotqa
"1979, is a song by American alternative rock band, the Smashing Pumpkins, the second single from their third studio album, was released on October 23, 1995 in the UK, is titled?",3,1780.332232712553,True,hotpotqa
"Lookwell was a television pilot written and produced by Conan O'rien and Robert Smigel, and was a personal favorite of what American television executive who was president of NBC from 1980-1991?",2,686.2040563864889,True,hotpotqa
Where is the globe that succeeded the Globe of Peace as the world's largest rotating globe located?,3,1847.0503275140593,True,hotpotqa
"Bath School of Art and Design is an art college in Bath, England, it forms part of the Bath Spa University, a public university in Bath, England, with its main campus based at Newton Park on which location?",3,2605.7146016861134,True,hotpotqa
"Are both Nasdaq, Inc. and Citrix Systems catering to the same customer bases?",1,2594.0870252514155,True,hotpotqa
Are George Avakian and Bobby Managoff both record producers?,8,7642.902977951844,False,hotpotqa
"Benji is an upcoming American drama film written, co-produced and directed by who, and is a reboot of the 1974 film of the same name?",2,918.1470110014498,True,hotpotqa
"The man that had a single titled ""That's My Pa"" played what character in the film ""High Noon""?",8,7929.7544402952635,False,hotpotqa
Barclay Henley was born in a city whose population at the 2010 census was what?,8,8763.778733281079,False,hotpotqa
Tess Asplund fought against the Neo-Nazi movement that existed in which countries?,8,11077.647414264675,False,hotpotqa
"The Pantanal is a mid-size pickup truck made by the Brazilian off-road vehicle manufacturer Troller Veículos Especiais S/A, a manufacturer of off-road vehicles in which country, from 2006 to 2008?",0,245.4259369081617,True,hotpotqa
Where is the there a small medevial castle,8,10410.829957652462,False,hotpotqa
What is the name of this policy of favoring members of a disadvantaged group who suffer or have suffered from discrimination within a culture of which Black Economic Empowerment is a form? ,0,288.2216185871391,True,hotpotqa
The 32nd TCA Awards were hosted by a  Mexican actor best known for his roles as Fernando Mendiola in what?,5,2917.1722883345674,True,hotpotqa
"Are the documentaries Welcome to Durham, USA and The Agronomist both about Durham, North Carolina?",1,324.2150965664505,True,hotpotqa
"Which member of the band Bad Seeds was older, Anita Lane or Nick Cave?",0,366.7999051340375,True,hotpotqa
"Which close friend of George Washington, Alexander Hamilton, and Thomas Jefferson, did a scion of the Huger family of South Carolina attempt to rescue?",8,11722.210934009487,False,hotpotqa
John Severin was an American comics artist who had a 45 year stint with the magazine Cracked that was founded in what year?,1,367.8008201967197,True,hotpotqa
Rags Ragland died how many years after starring in Meet the People?,8,7199.7607529007,False,hotpotqa
Do filmmakers Chris Carter and Theo van Gogh share the same nationality?,1,1331.73482112359,True,hotpotqa
What genre is The Warriors Gate?,8,13148.03080851779,False,hotpotqa
Brutti di notte is a parody of the film starring which actress?,3,2961.975732372729,True,hotpotqa
What poem by this writer born in September 1872 was used in devotional and spoken word recordings?,8,11409.947500444676,False,hotpotqa
Rhodochiton and Platystemon are both genuses of what kind of life form?,3,2182.392335802021,True,hotpotqa
How much is the company that Jessica Alba is associated with worth as of 2015?,3,1754.3525745831369,True,hotpotqa
James Mulgrew is the star of which comedy sketch show?,8,9310.689095039483,False,hotpotqa
 Elkhan Mammadov is the project leader for the bid for which quadrennial competition?,2,798.0620942743975,True,hotpotqa
"Q: What venue, also called the ""Convent Garden,"" did Adrian Boult conduct for?",4,2122.45128170118,True,hotpotqa
Jess Weixler starred in what comedy-horror film directed by Mitchell Lichtenstein?,2,854.4949359849024,True,hotpotqa
"Who directed he Paris Opera Ballet from 1983 to 1989 and its chief choreographer until October 1992, and he gave the tittle of étoile to a member of the Paris Opera Ballet from 1978?",2,669.7147653623908,True,hotpotqa
Which airline founded by Frank Lorenzo was affected by a strike in 1989?,8,6377.945658502637,False,hotpotqa
What 2001 novel by Britney Spears is dedicated to an American author and mother of film and television producer Bryan Spears and country singer Jamie Lynn Spears?,2,737.5800322578641,True,hotpotqa
What county named for a hero in the French and Indian War and a general in the American Revolutionary War is represented by Assemblyman Kevin Byrne?,8,9301.079686313526,False,hotpotqa
"Rob Jenkins is an Australian actor, which of his movies, was a 2014 science fiction thriller film?",3,1921.1160858902165,True,hotpotqa
"What Carnegie library building located in the most populous city in Kansas was built in 1915, and listed on the National Register of Historic Places in 1987?",2,872.7074645156554,True,hotpotqa
The Centralia Massacre was committed by which pro-Confederate guerrilla leader?,2,613.1518200965374,True,hotpotqa
"What football club has won 3 UFEA Super Cups, and has also employed Scottish footballer Hugh ""Hughie"" Clifford?",8,6779.292226648962,False,hotpotqa
Garth Jennings and Lee Cheol-ha shared what occupation?,3,1623.2178887009013,True,hotpotqa
When was the record producer that produced Love Has Come for You born? ,8,8001.418029531963,False,hotpotqa
"How many weeks did the lead single from Culture Beat's second studio album spend at number one on the ""RPM"" Dance chart in Canada?",8,9941.80331262955,False,hotpotqa
"Walloon Legion, a collaborationist volunteer unit, that served on the Eastern Front, in which war?",0,269.7080149203365,True,hotpotqa
"Before finishing her feature film, Something's Got to Give, when did American actress, model and one of the most popular sex symbols of the 1950s, Marilyn Monroe die?",2,772.9428737094643,True,hotpotqa
"Which was released second, Charley and the Angel or Planes?",1,332.60421109699513,True,hotpotqa
Which of the following documents the issues of the LGBT community: Pride Divide or The Big Melt?,0,282.8814258630586,True,hotpotqa
Silent Möbius is heavily influenced by the movie directed by whom?,1,332.19427707132076,True,hotpotqa
What number album of Taylor Swift did Colbie Marie Caillat win a Grammy for?,8,10810.208856333516,False,hotpotqa
"Who was born first, Martin Heidegger or Lydia Davis?",0,261.02827062561613,True,hotpotqa
Mike Gibbons won the middleweight championship after the previous champion was found murdered where?,8,10748.207008866313,False,hotpotqa
Are Thums Up and Mott's based in the same country?,1,277.78343241922033,True,hotpotqa
What roles does American actress which  Manfish featured in  the motion picture debut of do play,8,8526.215895145677,False,hotpotqa
"Which genus has more species, Fir or Chelone?",8,8215.342826831984,False,hotpotqa
John Kassir and Tom Kenny both voice this one character?,2,819.4989554575728,True,hotpotqa
What year did the the German composer whose compositions are in The Individualism of Gil Evans die?,4,2071.7928242406138,True,hotpotqa
At which laboratory was Carsten Olsen employed as an assistant to the Danish chemist who introduced the concept of pH?,2,755.9752224204412,True,hotpotqa
What nationality is the male lead of the film Fishtales?,3,1456.4704604666488,True,hotpotqa
What German automotive marque does the high-performance aftermarket tuning company Brabus specialize in?,8,6098.477989925827,False,hotpotqa
Which 20th Century Fox film cast Zazie Beetz as Domino?,2,559.9630377897153,True,hotpotqa
Which American animated television series created by Trey Parker and Matt Stone features a character called Butters who thinks up schemes to take over the world in its 86th episode?,1,534.6956409992275,True,hotpotqa
"Which stadium hosts the rivalry game between the all-male, historically African American College located in Atlanta and Tuskegee?",5,4495.171243706248,True,hotpotqa
Do both Juniper and Indigofera belong to the cypress family Cupressaceae?,0,277.52659397316773,True,hotpotqa
Who is the current world record holder in high jump and uncle of Lorenzo Sotomayor Collazo? ,1,768.6756390891259,True,hotpotqa
"What film director is from Great Britain, Miloš Forman or Alex Cox?",0,260.60385639641396,True,hotpotqa
where did they film hot tub time machine,8,7722.461931523202,False,nq
who has the right of way in international waters,8,10991.017565208844,False,nq
who does annie work for attack on titan,8,7275.0817958177895,False,nq
when was the immigration reform and control act passed,6,3004.572972080616,True,nq
when was puerto rico added to the usa,8,10413.135985226887,False,nq
who has been chosen for best supporting actress in 64 national filmfare award,8,8789.948905860476,False,nq
which side of the white house is the front,5,3469.639641220088,True,nq
names of the metropolitan municipalities in south africa,8,6569.86718321667,False,nq
who's hosting the super bowl in 2019,4,2661.802085970835,True,nq
in which year vivo launch its first phone in india,1,306.5913073384474,True,nq
where does it talk about mary magdalene in the bible,8,11959.2958805013,False,nq
who carries the nuclear football for the president,3,2895.874208986058,True,nq
what is the origin of the name cynthia,1,283.28771596832485,True,nq
who is the guy who voiced disney channel,8,7609.291345770515,False,nq
what's the legal marriage age in new york,0,249.49192754862037,True,nq
when do the red hot chili peppers tour,8,6046.665325817651,False,nq
who plays mavis in the movie hotel transylvania,8,7003.282522057866,False,nq
what is the channel number for cartoon network on spectrum,8,6521.474825374036,False,nq
when are the fa cup semi finals played,8,6312.075681083203,False,nq
when did the ipod touch 6 gen came out,2,530.2601767658246,True,nq
west ham players in the 1966 world cup,8,6066.775611358579,False,nq
who sings the theme song for miami vice,3,1902.9093817146647,True,nq
who sings should have seen it in color,8,6158.77433654163,False,nq
who starred in the movie deep water horizon,8,6522.071229165409,False,nq
when did justin bieber perform at madison square garden,2,510.7308303469646,True,nq
protozoan classification used to be based on their means of,1,275.2657920545694,True,nq
who was the first one to migrate to madinah,8,9769.166537198706,False,nq
ice sheets and tundra are typical of which koppen climate category,8,8670.509528126551,False,nq
what is the size of the angles of an equilateral triangle,2,490.9219451748454,True,nq
when does beaty and the beast take place,8,10264.52603028284,False,nq
who sings done for me with charlie puth,8,6805.374644763494,False,nq
what counties are in the 6th congressional district in ga,8,5953.147041538369,False,nq
who was heading indian army during bangladesh libration war 1971,1,270.0199295918606,True,nq
who wrote the music for somewhere in time,2,527.631970409938,True,nq
who sings the marriage of figaro in shawshank redemption,3,2273.9627713692607,True,nq
who did chris long play football for last year,8,6697.005671784759,False,nq
when did harry potter and the deathly hallows come out,3,1887.1558290516168,True,nq
how many episode of my hero academia season 2,4,2466.849221057783,True,nq
during the rebuttal section of a formal debate which team speaks first,5,3582.068137661882,True,nq
when was the last amendment made to the us constitution,4,2137.8393140536955,True,nq
starch based food to be made into plastic,8,13082.063896893915,False,nq
when did north korea launch the first missile,8,9756.892882611699,False,nq
what mineral in 4 ga sandstones was dated to determine the age of the earth,1,453.6130998397332,True,nq
when is the last time a total eclipse happened in the us,0,246.3880452542616,True,nq
when did india participate in olympics for first time,1,286.83297032673255,True,nq
when is it revealed that luke and leia are siblings,3,2292.042426553731,True,nq
what is the population of farmington new mexico,8,7096.226857966953,False,nq
what was the last year they made the gmc envoy,8,6401.536145607909,False,nq
new amsterdam was the main settlement in the dutch colony of,1,391.86759236796547,True,nq
in the bible who was thrown into the fiery furnace,8,10512.41476127899,False,nq
how does the oral cavity help the digestive system,8,13925.00614783524,False,nq
who was alf married to in home and away,6,2577.5941763311644,True,nq
when did miss usa last win miss universe,3,2231.3291479847203,True,nq
when did the shooting happen in greys anatomy,8,6735.076023930989,False,nq
who sings in there's something about mary,5,2760.6352573268773,True,nq
when will new tappan zee bridge be completed,8,11843.991894409086,False,nq
where is the rio grande river located in jamaica,8,5966.638548190986,False,nq
where did the us get the statue of liberty,8,10204.511752750259,False,nq
where is the new tottenham stadium being built,8,6562.026334878826,False,nq
who won icc t 20 world cup 2016,1,264.52366009537513,True,nq
who does jessica marry in the merchant of venice,1,251.92469744726526,True,nq
when were the triplets born on this is us,3,2297.53113763882,True,nq
what degree do you get out of medical school,0,240.67769953440978,True,nq
what was the source of alpha particles in rutherford's experiment,8,6608.5073294827425,False,nq
who plays glenn on the good doctor episode 7,8,9345.961266753624,False,nq
who does patrick stewart play in star trek,0,241.82621642163608,True,nq
real name of ginny weasley in harry potter,1,267.54184019820036,True,nq
what animal is mr. big in the movie zootopia,8,6641.075593899019,False,nq
who coined the phrase what happens in vegas,8,8730.370643109578,False,nq
when did the suite life of zack and cody first air,3,2435.3694045074276,True,nq
who began the mass printing of bibles five centuries ago,1,271.41117980969875,True,nq
who is next in line if president dies,1,268.2945793187873,True,nq
what was the famous window called in the notre dame cathedral in paris france,1,289.2810600078198,True,nq
what is reagan's job in new girl,8,5892.787878805239,False,nq
who played raoul in the phantom of the opera,4,2143.8744015458115,True,nq
what are the two main political parties in france,8,6548.4423583876605,False,nq
when did the golden knights join the nhl,0,242.61284500923438,True,nq
how many episodes in season 1 of the oc,4,2480.1831390887482,True,nq
where are the upper motor neurons that control skeletal muscles found,8,10435.600261627646,False,nq
what type of government structure does the us have,8,9553.666136800057,False,nq
when did apple computer change to apple inc,3,2253.4649593929234,True,nq
who won the mens money in the bank match,2,549.9263657069789,True,nq
the depth of the wave base is approximately,1,266.11759091388876,True,nq
cities in washington state that start with o,8,5858.121926806604,False,nq
when is tornado season in the united states,3,1851.9663696476086,True,nq
when did the olympics start every 2 years,3,2200.428976586528,True,nq
who says the opening of law and order svu,3,2259.0003350568372,True,nq
who has highest number of subscribers on youtube,3,2207.0369740156216,True,nq
when did they launch the international space station,1,271.5650218513752,True,nq
who played willy wonka in the original movie,1,301.93170593383064,True,nq
who wrote the song i drive your truck,8,6871.167747953658,False,nq
where did the idea of a messiah come from,1,274.50890515461236,True,nq
who was the film chariots of fire about,8,8756.116628608037,False,nq
membership in the european union requires countries to have which type of government,8,9002.970085259381,False,nq
when did the life of pablo come out,1,333.2575025672791,True,nq
who played freddy krueger in the 2010 nightmare on elm street,1,293.8461737562581,True,nq
who sings dont you wish your girlfriend was hot like me,3,2365.281842267145,True,nq
who did lebron james play for before the cleveland cavaliers,0,237.8191369199233,True,nq
where does the reed go on a saxophone,4,2087.7674318770723,True,nq
who stars in the movie my cousin rachel,2,499.62727212725866,True,nq
who explored the west coast of north america,8,7427.620878538674,False,nq
when were the subways built in new york city,8,8869.469545060383,False,nq
a blend of capitalism and socialism is known as,0,239.9021969658171,True,nq
when did once upon a time in venice come out,8,4477.278217959587,False,nq
who features in birds in the trap sing mcknight,8,7079.088860273054,False,nq
how many membranes do gram negative bacteria have,8,6699.166077489779,False,nq
who pitched the last perfect game in baseball,4,2125.3425665167215,True,nq
when is the next episode of flash going to air,8,9708.209884510065,False,nq
when did significant amounts of oxygen appear in the earths atmosphere,8,8522.188297456469,False,nq
when was the a* introduced at a level,5,2805.790591355242,True,nq
where did the song santa claus is coming to town come from,3,2292.931293315364,True,nq
where did adam lambert go to high school,8,6206.210068686941,False,nq
who played jimmy in high school musical 3,8,9086.194332743844,False,nq
a memorial commemorating the landing of the 1820 settlers,3,1960.1455418279097,True,nq
who plays earl on my name is earl,1,268.5765600636226,True,nq
who sings i get by with a little help,3,2551.224500065676,True,nq
when did they stop making tin type photos,3,2252.635986740807,True,nq
who introduced the concept of providing alu in the computer system,2,485.06388247299907,True,nq
how many keys are on microsoft windows standard keyboard,0,263.26779152667524,True,nq
who was the first chief minister of punjab after independence,8,9394.178379098541,False,nq
who plays andy's brother in the office,2,480.9670010366128,True,nq
1. what is erikson’s stage for the early childhood age group,8,5921.162060991713,False,nq
13 reason why season 2 episode 1 release date,3,1931.4493368315975,True,nq
when did the original my little pony come out,8,5895.487589409231,False,nq
when does marvel's the gifted come out,8,6344.006017270714,True,nq
who won cricket match between india and bangladesh,0,259.3461075929947,True,nq
where is the saracens rugby union team based,8,7001.429840432658,False,nq
where did the term trick or treat come from,8,9128.081579926322,False,nq
what is the school in dead poets society,1,271.4918087325252,True,nq
when did the baseball player jackie robinson die,3,1984.9301992125522,True,nq
who won the last mens cricket world cup,0,237.5764112558896,True,nq
who produced it ain't hard to tell,2,510.99311060310094,True,nq
what is the second biggest state in united states,1,266.90642808413315,True,nq
which is the state flower of himachal pradesh,1,307.132726806391,True,nq
where is walnut grove on little house on the prairie,6,3109.37283793579,True,nq
song how sweet it is to be loved by you lyrics,1,265.70428834291624,True,nq
what is the mlb record for most hits in a row,8,8970.91911475455,False,nq
where does the money for unemployment benefits come from,4,2121.1471615186147,True,nq
who sang since you've been gone by rainbow,3,1884.9325628204342,True,nq
when does star wars the last jedi play,8,7160.919813914103,False,nq
who played jade on days of our lives,4,2605.7002672178205,True,nq
where is the mekong river delta located in vietnam,3,1838.9730894976208,True,nq
what is a natural source of salicylic acid,8,10561.312768175343,False,nq
who played the mother on the partridge family,1,275.336047512209,True,nq
who played bill cosby's son on the cosby show,3,2438.8802175876904,True,nq
who played tita in like water for chocolate,1,385.4693058618944,True,nq
who came up with the idea of daylight saving time,5,2853.43373189857,True,nq
when do they stop measuring crown to rump,8,8716.01769258372,False,nq
who is the highest goal scorer in the epl,8,11040.930462975395,False,nq
which u.s. political party is considered to lean to the left,3,2459.9661489530627,True,nq
who did the texas rangers play in the world series,3,1861.4839425325667,True,nq
who was first indian governor general of india,7,9739.028818044593,True,nq
when does the season finale of andi mack come on,8,8757.285970833727,False,nq
who is next in line for the royal throne of england,1,291.2532608711149,True,nq
when was the first cabbage patch kid made,2,499.83351168041327,True,nq
who is the ceo of t rowe price,8,6645.208889342415,False,nq
when did the 4th harry potter book come out,2,534.1129029542618,True,nq
who was islands in the stream written for,3,2295.229227463415,True,nq
how many cities of refuge were the israelites to form,8,6521.4321428284875,False,nq
who was the first band to play at woodstock,8,6926.288178281794,False,nq
what was the third battle of the american revolution,8,9403.7468908973,False,nq
who is the starting kicker for the atlanta falcons,4,2599.036685084718,True,nq
which two countries were the leading powers during the cold war,8,8596.288082849305,False,nq
who played the oompa loompas in charlie and the chocolate factory,1,264.5096268367549,True,nq
when does the school year start in france,3,2203.740491416348,True,nq
who said give me loberty or give me death,1,270.87756216254,True,nq
when did we start the pledge of allegiance,6,3134.3105060572143,True,nq
what is the difference between a 1931 and a 1932 ford,3,2027.7173667731618,True,nq
what is the real name of sleeping beauty,1,285.8387277067205,True,nq
when do real housewives of orange county start,8,6781.969015440626,False,nq
who has scored the most goals in a premier league debut season,8,11830.030029312575,False,nq
who has more la liga goals messi or ronaldo,1,262.15694023889205,True,nq
who won the champions trophy 2017 cricket tournament,2,511.76335847108516,True,nq
who sings the song save a horse ride a cowboy,3,2740.2894425837544,True,nq
what's the name of the latest james bond movie,2,550.2314446982358,True,nq
when did the tv show full house start,3,1904.8635093705307,True,nq
who is responsible for the bombing in quantico,8,9850.44764643592,False,nq
in the otolith organs the otoliths are calcium carbonate particles that ____,4,2519.1208013025744,True,nq
the centers of most cities became business areas after the invention of what,8,12113.041140602874,False,nq
what is the tallest building in baltimore city,2,487.05518910059914,True,nq
who play the character of anarkali in mughal e azam,5,3161.210736552751,True,nq
when was if you were coming in the fall written,8,6761.077832686765,False,nq
who was required to have affirmative action programs,8,8898.86141130004,False,nq
what episode of the flash is crisis on earth x,8,8249.674997965014,False,nq
who invented the first gear driven calculating machine,3,1898.8968307957025,True,nq
who sings i can't go for that,4,2128.0113872909405,True,nq
writer of the monk who sold his ferrari,1,271.2746151097212,True,nq
when is the next new episode of agents of shield,8,6286.964747462959,False,nq
when did 3 point shot start in college basketball,4,2175.168591586004,True,nq
who plays al pacino in jack and jill,2,479.9072659234758,True,nq
once upon a time season 7episode 11 release date,8,8588.694060420063,False,nq
who plays the voice of joy in inside out,1,285.576289051684,True,nq
what was the number one song on april 20th 2000,8,7397.784918429712,False,nq
who plays noah in the boy next door,3,2244.4214296698756,True,nq
who ruled the ottoman empire at its height in about 1550,6,3204.1784922588254,True,nq
when does damon first develop feelings for elena,8,9274.975444436166,False,nq
who plays kim kelly on freaks and geeks,2,497.97088691391053,True,nq
who wrote take it easy by the eagles,2,491.1738513131694,True,nq
how many korean athletes in winter olympics 2018,7,11097.978972709378,True,nq
how much does it cost to renew a cuban passport,8,9519.522022083689,False,nq
who was the comic book series amar chitra katha created,1,285.95489388235296,True,nq
who holds the record for most confirmed sniper kills in history,8,9306.835184664373,False,nq
miss world japan 2016 is a great grand child of a former chief minister of,8,9205.088996847004,False,nq
who played barry gordy on the temptations movie,8,8965.610162956056,False,nq
what country does the name zoe come from,8,9008.37968962105,False,nq
simba's mother's name in the lion king,1,266.5813994021889,True,nq
who won the last triple crown in baseball,3,2290.1520433671144,True,nq
what kind of telescope is the chandra observatory,8,9483.290044558813,False,nq
when was gold discovered in the klondike region of the yukon,3,2376.4506747020587,True,nq
who is the current president of france today,0,254.79661064899275,True,nq
the point of concurrence of medians is called,1,269.0355327096596,True,nq
how many pages is the forest of hands and teeth,8,10188.254579999755,False,nq
where did the industrialization first begin in europe,5,2896.5188770530794,True,nq
how long until a sunburn starts to peel,2,505.21288550811687,True,nq
what was the robot maids name on the jetsons,2,503.90106166391337,True,nq
when did the battle of the bulge start,0,270.0050766052171,True,nq
when is the last time scotland were in the world cup,1,267.0049538292817,True,nq
what nations were the central powers in ww1,8,5940.399540567913,False,nq
who has been appointed as the new chancellor of nalanda university,8,6490.577367489851,False,nq
is windows movie maker used for development or playback,8,10201.586206795651,False,nq
who plays anastasia in fifty shades of grey,0,242.57591286838084,True,nq
who has won more oscars then anyone else,1,294.6438501128987,True,nq
who plays gisele in fast and furious 6,2,486.6683134012469,True,nq
what was the point of the anaconda plan,8,10263.038260966016,False,nq
what's the name of the white sox park,1,292.5069301630217,True,nq
who was jesus in the greatest story ever told,1,293.14295885006675,True,nq
when did the lyrics to o canada change,1,283.6305451508643,True,nq
which team is on top in fifa 2018,8,7026.171313019692,False,nq
when does the new dragonball super come out,8,10012.601000702422,False,nq
the vedic period in india is marked by the development of,8,10381.136950285692,False,nq
who do you play as in pokemon yellow,8,6188.332369087733,False,nq
who ran the first sub 4 minute mile,1,285.8946414512596,True,nq
who was in series 1 of safe house,8,9191.271309637443,False,nq
who played the other twin in parent trap,2,491.80201870244537,True,nq
where is the gum wall in seattle washington,8,6967.130270101781,False,nq
what year did the christmas story come out,1,291.0576009529953,True,nq
who plays rebecca in bridget jones edge of reason,3,1887.0088879968334,True,nq
who won season 8 of rupaul's drag race,3,2283.2688594660763,True,nq
who want to be a millionaire winners uk,8,9435.593571067475,False,nq
who does the voice of chucky in seed of chucky,1,290.49255783069503,True,nq
who does cody zeller play for in the nba,0,255.11716064037415,True,nq
when does new season of first 48 start,8,6937.0943014227,False,nq
who qualified in group h 2018 world cup,8,6056.47271011798,False,nq
who is the voice of the t rex in the good dinosaur,3,2005.5317394701294,True,nq
how many episodes of sea patrol are there,3,2203.7388749253128,True,nq
who discovered systemic blood circulation system in human body,0,242.6309957786019,True,nq
what is the dog called in midsomer murders,8,6000.596287242603,False,nq
what did the animals turn into in cinderella,8,9723.819605542232,False,nq
the leader of iraq during the persian gulf war was,0,240.85183121583574,True,nq
who are the quad city river bandits affiliated with,2,523.1552179109581,True,nq
who plays the vulcan on star trek enterprise,1,295.2921149516819,True,nq
who won the first academy award for best picture,1,281.11067485631213,True,nq
who scored the most goals in one season in la liga,5,3187.8629771764727,True,nq
who is the series all american based on,8,6060.398122300234,False,nq
who won last year's women's ncaa tournament,1,281.17784560933296,True,nq
how many seats in ontario to have party status,8,6590.301635113063,False,nq
when did wrath of the lich king release,2,508.5491905366431,True,nq
when does the great christmas light fight 2017 start,8,5865.071775806344,False,nq
who starred in the original movie the magnificent seven,7,11084.31304694609,True,nq
who does wolverine fight at the end of origins,8,9440.506843080319,False,nq
who does the voice of the food critic in ratatouille,3,2311.877035443508,True,nq
when do we need to revisit bcp plan and strategy,4,2502.3140524618216,True,nq
who wins season 2 of americas next top model,8,4324.472755779508,False,nq
who sings small town throwdown with brantley gilbert,8,6663.262829942808,False,nq
the four noble truths presupposed what three characteristics of reality,8,6906.4366686535905,False,nq
shmuel the boy in the striped pajamas actor,2,484.4720014122241,True,nq
where is most of earths fresh water located,1,281.53227898360103,True,nq
who is often considered america's most prolific composer,1,266.44849042082967,True,nq
who has the longest win streak in the nba,3,2275.474682938012,True,nq
average hourly wage in india in us dollars,8,6153.416217963764,False,nq
the dot product of two vectors results in a,8,9140.138019681279,False,nq
how many episodes are there in the tv series yellowstone,8,6451.398515302653,False,nq
who organized known elements by placing them into groups of three called triads,5,2751.8867120802283,True,nq
when was the last time kansas state university was in the elite 8,1,290.82236230506163,True,nq
where does the tip of a picc line end,1,359.80491718157003,True,nq
when did us gain control of the philippines,3,1899.9934993845452,True,nq
the first collaboration of richard rodgers and oscar hammerstein ii was,2,504.28358321526946,True,nq
who wrote the song kind of a drag,3,2234.296843870745,True,nq
when was the last time a nuclear bomb was detonated,1,292.2086902346546,True,nq
who is the pink hair girl in sailor moon,8,8951.863729802506,True,nq
who's the best selling female artist of all time,3,1903.8270591089258,True,nq
when was the last province added to canada,8,6518.602893389559,False,nq
what is the most populated region in ghana,8,6623.048187936115,False,nq
when was the last time the panthers were in the superbowl,1,287.29901481784947,True,nq
where was the airport scene in dumb and dumber filmed,2,484.1315121396476,True,nq
the united states today uses which kind of currency,8,6520.300194067695,False,nq
which nation was not part of the united nations allied military force in korea,6,2145.0491632650974,True,nq
how much points did lavar ball average in college,8,9012.85116394264,False,nq
what brings in more money nba or nfl,8,6810.076917135828,False,nq
where is the office of un general assembly located,0,230.64645078093605,True,nq
where did the phrase eating crow come from,1,268.4671563516068,True,nq
the optic nerve is known also as what cranial nerve,8,6516.830437351216,False,nq
who has the final authority under the federal system,3,2171.1024579557206,True,nq
who does sam marry in foyle's war,5,2906.1445126428703,True,nq
when does new series of dr who start 2018,5,3208.742842944872,True,nq
how many episodes in series 1 of orange is the new black,0,259.79292637309135,True,nq
which second messenger molecule acts on the endoplasmic reticulum to release calcium ions,8,10041.718347125152,False,nq
who holds the record for most 3 pointers in a finals game,2,517.707115698349,True,nq
who was the first captain of pakistan cricket team,3,2365.215939408312,True,nq
who plays anna in days of our lives,2,523.5184886152645,True,nq
when was the movie love me tender released,2,583.7908486548533,True,nq
when did the story to kill a mockingbird take place,2,506.14916421601356,True,nq
who played the preacher in inherit the wind,8,6798.083830508871,False,nq
monarch of canada date of entry into position,4,2251.0073385268033,True,nq
who wrote the first computer virus called elk cloner,3,2425.129878346239,True,nq
what do you call someone from new guinea,1,287.85582750445695,True,nq
who is chips voice in beauty and the beast,3,2671.7664504992463,True,nq
who is jake's mom in the dark tower,8,6816.84994355288,False,nq
boyles law relates the pressure of gas to its,8,6588.9995336160255,False,nq
who plays angie in that 70's show,8,6067.230313518283,False,nq
where is the most tobacco grown in the world,1,287.92783174020855,True,nq
the type of decent that explains why all species are linked in a single tree of life,8,9887.672787264217,False,nq
where are most of the world's earthquakes located,1,281.71276309675153,True,nq
when did heaven by kane brown come out,8,6540.640645952807,False,nq
who is playing the guitar in august rush,2,490.2052276339729,True,nq
who sings you say it best when you say nothing at all,8,6101.930896582644,False,nq
who has the longest winning streak in ufc,3,2098.44786957448,True,nq
who is the actress that plays dabby on disjointed,3,2079.5106424868163,True,nq
who died from the movie fast and furious,1,272.59886250155853,True,nq
who wrote song say you wont let go,1,264.3617322715214,True,nq
2006 best picture nominees that lost to the departed,8,11636.302645071057,False,nq
when does the reboot of charmed come out,3,2299.425684824473,True,nq
who sang baby it's cold outside in a movie,8,6944.085079575774,False,nq
who does mabel's voice on gravity falls,2,491.2084816810532,True,nq
when did the movie inside out come out,0,245.28535051322572,True,nq
what does the zip in zip code stand for,1,271.2539437813549,True,nq
what was the inaugural year of the ncaa tournament,0,241.4208368619624,True,nq
what episode will the chimera ant arc end,8,8304.45760600461,False,nq
where does the colorado river end in texas,8,6603.464586827755,False,nq
who performs the secretarial duties for the states of massachusetts pennsylvania and virginia,8,8802.291574995535,False,nq
what is the name of ca s o4,1,283.90337363559905,True,nq
at present in which state is the nathulla pass,8,9620.32212352018,False,nq
what do you call someone from czech republic,0,227.44059343484693,True,nq
when did the dog from turner and hooch die,8,10238.739173033104,False,nq
when is the litany of the saints sung,2,489.7698949736971,True,nq
when did the temporary foreign worker program start,1,288.94878626173966,True,nq
where are the gifts of the spirit found in the bible,6,3320.8978811984466,True,nq
the lowest possible energy level for an electron is known as,0,244.65433834017267,True,nq
who sang had the time of my life,8,6783.374564909742,False,nq
girl who plays in guardians of the galaxy,8,6438.686764815745,False,nq
what is the age of the oldest living person on earth,8,8715.971349253696,False,nq
halloween 6 who is the man in black,8,9506.525365877445,False,nq
when did the first ipod video come out,8,5939.902656488856,False,nq
what's the name of the prince in sleeping beauty,3,2304.517377225353,True,nq
when does star trek discovery season 2 start,8,6875.2487809329705,False,nq
which delta is the largest delta in the world,1,312.7508293162789,True,nq
where do they grow wheat in the us,8,9124.869837650342,False,nq
when is game of thrones next book coming out,3,2252.911114689982,True,nq
what are the nine forms of mother durga,8,9004.423292660089,False,nq
who plays helen of troy fall of a city,8,6640.437848182883,False,nq
highest run scorer of under 19 world cup 2018,8,6381.363994994445,False,nq
who played the hulk in the tv series,2,489.6223640755875,True,nq
when did the first cell phone with a camera come out,1,291.3967891493954,True,nq
correct order to read game of thrones books,8,6434.010686242962,False,nq
when is ariana grande album sweetener coming out,2,504.47690100460864,True,nq
where is the main famine effected continent in the world,0,240.91002119392954,True,nq
who played freddy eynsford hill in my fair lady,8,6231.344723140059,True,nq
the individual best known for his work on behavior theory is,8,8338.069396825931,False,nq
who wrote don't stop me now by queen,1,287.12223827175825,True,nq
the truth about the harry quebert affair tv show release date,8,8373.821174660055,False,nq
how old do you have to be to conceal carry in indiana,8,6213.3747976788645,False,nq
movie with will smith and tommy lee jones,1,285.73138509673146,True,nq
who won the popular vote in 2012 us presidential election,3,2277.0570639082184,True,nq
who plays in won't you be my neighbor,8,9452.766574946632,False,nq
night at the museum 3 ben stiller characters,8,6643.473626684196,False,nq
what is the largest tree in the united states,8,12686.916824606677,False,nq
who legalized the practice of christianity in the roman empire,0,240.45739196319812,True,nq
what type of printer has a nozzle like printhead,2,500.64220867935137,True,nq
what is the cast of big bang theory paid,8,9846.80191335947,False,nq
when did doritos spicy sweet chili come out,8,6297.381844998681,False,nq
who has won the most titles in wwe,0,242.3717298156737,True,nq
when did they start drafting for the vietnam war,7,8644.580202016085,True,nq
can't you see marshall tucker band album,0,242.15299863326354,True,nq
when did the price is right first air,8,6432.058122312753,False,nq
what is the percentage of finding a four leaf clover,8,10156.481337388585,False,nq
who plays the part of susan in days of our lives,3,2049.279307097586,True,nq
where did the edict of worms take place,6,2317.7232918835934,True,nq
who is required to file suspicious activity reports,4,2512.9280139967627,True,nq
where did ac/dc get their band name,8,11635.209243707668,False,nq
when did jennifer lopez released her first single,5,3259.228097761781,True,nq
who has more national championships clemson or south carolina,8,6194.714743851152,True,nq
who wrote the book 31 songs about his favourite music,3,3040.735295066409,True,nq
who wrote the lyrics to you've got a friend,1,275.3113427256618,True,nq
star cast of kuch tum kaho kuch hum kahein,8,7038.397099564656,False,nq
when written in morse code i am represented by a dot dash and another dot,8,6655.219539692111,False,nq
whose diary describes the great plague of london,1,288.50684555620757,True,nq
who is broadcasting the super bowl on sunday,2,489.35632776891293,True,nq
who plays gwen stacy in into the spiderverse,3,2348.0255277156084,True,nq
where did frasier go in the last episode,6,2424.870227238381,True,nq
annual salary for the president of the united states,0,241.74383856578487,True,nq
who sang the super mario bros super show theme song,2,486.9934000034125,True,nq
when was the election to the constituent assembly held in india,1,287.97443828821963,True,nq
when does episode 5 come out for batman the enemy within,8,6194.625446621142,False,nq
what is the theme of midnight in paris,8,9149.294812540467,False,nq
who has been elected next president of the united nations in first week of june 2018,3,1952.303307429841,True,nq
who wrote the national anthem of south africa,6,1833.8771984671182,True,nq
who played jill abbott on the young and the restless,8,6494.013347072656,False,nq
who is the president of the united states 2016,0,240.3131173382165,True,nq
what is the name of jacob tribe in twilight,8,8238.820421509297,True,nq
minimum age to contest for president in nigeria,1,273.32305403172137,True,nq
where is the movie peace love and misunderstanding filmed,2,539.8498465713484,True,nq
who sings the hell song in the south park movie,8,6773.768363941661,False,nq
where is the piano found in an orchestra,8,9366.29186242058,False,nq
where did the braves play during the olympics,4,2513.8374203737308,True,nq
when was bring it on fight to the finish filmed,3,2275.5573632838123,True,nq
when was the first episode of charmed aired,1,310.02349109295926,True,nq
what type of tissue does a nerve cell come from,8,6626.259557312395,False,nq
highest goal scorer in nigeria premier league 2017,8,9660.595764968626,False,nq
who won the presidential election 2018 in zimbabwe,8,6152.62125650196,False,nq
what did dwight dress up as for christmas,2,487.0194350061578,True,nq
where was tears dry on their own filmed,1,348.6953140349086,True,nq
who is the owner of berjaya times square,0,242.4160483649275,True,nq
when did the movie the greatest show man come out,3,1938.5905945652576,True,nq
when was i'll be home for christmas released,1,286.78781331331226,True,nq
during the middle ages who was most likely to own a manuscript or book,8,12165.262505563773,False,nq
who plays pearl in the scarlet letter movie,8,9251.155554945744,False,nq
where is the nhl all-star game in 2018,4,2170.263129340428,True,nq
what canadian network is a million little things on,8,6657.650008515256,False,nq
when did the tax free savings account start,3,2277.42486758567,True,nq
who sings the original king of the road,8,5910.356588758276,False,nq
who was crowned emperor of the west in 800 ce,0,241.82014129098204,True,nq
average life expectancy of a man in england,8,9417.139102522402,False,nq
who plays the toilet in bob's burgers,8,6737.46567092007,False,nq
who has won the 2017 men's single australian open tennis tournament,2,505.93758633546065,True,nq
when does spiderman homcoming come out on dvd,3,1999.9393099798672,True,nq
who are the voices on the phone walking dead,8,9159.876953932906,False,nq
who's on the 20 dollar note australia,8,5781.145613635625,False,nq
when does the geological record indicate that the earth formed,1,298.2953070006265,True,nq
what is the southern end of the appalachian trail,1,292.9862220832608,True,nq
when did the tenth doctor regenerate into himself,4,2269.374058654975,True,nq
which river takes its name from loess soil,0,255.36549578810872,True,nq
how many hungarians were killed in 1956 by soviet forces,8,8998.704807419961,False,nq
number of starbucks stores in the united states,8,9848.475415929926,False,nq
highest goal scored in a champions league season,8,9634.062152145349,False,nq
what is the longest race track in the world,4,2544.7165268747535,True,nq
who are the players on the nrl trophy,8,7458.4517983463065,False,nq
what are saturn's rings mostly made of,8,8672.844141031639,False,nq
what is the value of absolute zero on the celsius scale,2,525.1927010808818,True,nq
who led chinas naval exploration during the age of exploration,0,241.43714038098992,True,nq
what do you call animals live in water,3,2137.8475344444205,True,nq
who won the espy for best nba player,3,2523.5079981370404,True,nq
who are the chefs on america's test kitchen,8,8292.331832951895,False,nq
who played in how to marry a millionaire,2,462.1129232543359,True,nq
who plays lance salisbury in home and away,2,524.6411495836189,True,nq
who belongs to the absurd school of drama,3,2456.4159216475427,True,nq
first person to reach the top of mt everest,8,9387.082170133679,False,nq
when was the last time germany lost world cup,1,276.19919163145767,True,nq
what is the first known polyphonic setting of all the sung movements of the mass ordinary,8,12533.776867158942,False,nq
who plays the she elf in hobbit 2,3,1884.7826372963661,True,nq
who played hillary on the fresh prince of bel-air,8,6812.347478076063,False,nq
where is once upon a time in hollywood being filmed,0,242.53087366405995,True,nq
who was the highest-ranking black officer in the u.s. army at the beginning of the first world war,1,270.8751608079182,True,nq
who played the lone ranger in the 1950s,1,306.76590731632234,True,nq
who plays male lead in far from the madding crowd,8,6903.433403699324,False,nq
topiramate (topamax trokendi) is used to treat which of the following diseases,1,271.86231083688546,True,nq
who writes the guinness book of world records,8,7010.667241319511,False,nq
where is the cannon bone located on a horse,3,2235.051964674066,True,nq
who discovered sandwich (now hawaiian) isles,1,279.8903134275262,True,nq
when did libya give up its nuclear weapons,3,2275.352222623721,True,nq
what state will see the total solar eclipse first,0,240.46918382874495,True,nq
who is the presiding officer of the house of reps,4,2476.8120522983963,True,nq
who does the voice of hogarth in the iron giant,3,2240.172122492665,True,nq
who runs the fastest 40-yard dash in the nfl,8,6373.788879346685,False,nq
longest win streak in major league baseball history,1,265.6331103197733,True,nq
when was don't ask don't tell established,3,2794.094795471901,True,nq
how far is summerville south carolina from charleston,8,9266.053713239384,False,nq
what is the wage base for social security,2,505.9535454717809,True,nq
when was the internet invented for home use,8,9722.328619104263,False,nq
when did wireless charging come out for samsung,8,6139.436865678697,False,nq
when did come and get your love come out,3,2351.9180824955647,True,nq
who is the girl in transformers dark side of the moon,3,1926.9202363243567,True,nq
what episode does angelina leave in season 2,8,9775.119520880777,False,nq
who has most superbowl wins afc or nfc,8,6644.014843613075,False,nq
words made from the first letters of other words,1,340.05001158830567,True,nq
what type of economic system does thailand have,8,12785.13984520222,False,nq
who wrote the lyrics to all you need is love,0,242.94459408657076,True,nq
packed to the rafters season 5 episode 1,8,12077.411682301017,False,nq
last of the mohicans filming locations north carolina,8,6762.814507339134,False,nq
who is the largest tractor manufacturer in the world,2,510.3438423730338,True,nq
where are the world athletic championships being held,8,6559.928912612615,False,nq
when does perks of being a wallflower take place,3,3120.6569660812756,True,nq
when does episode 11 of station 19 air,5,3238.69973352709,True,nq
who plays erica hahn on grey's anatomy,2,566.5958736497607,True,nq
who scored the most goals in a single nhl game,5,3045.3154504460776,True,nq
who said stand on the shoulders of giants,5,2810.794274569329,True,nq
french explorer who first arrived in canada in 1534,0,242.25029476214772,True,nq
where does the ultimate power reside in a democracy,8,11822.374620502382,False,nq
when was disney the fox and the hound first released,0,260.5553668329336,True,nq
when did la paz become the capital of bolivia,0,242.41809199319752,True,nq
approximately what percentage of earth’s surface is covered with water,1,268.9814539477289,True,nq
who is in the group why don't we,8,6547.659804577037,False,nq
who played young jane in jane the virgin,8,6767.56195298633,False,nq
when did the brave season 1 episode 10 air,8,6582.811966488834,False,nq
when is episode 10 of boruto coming out,8,10506.899595687506,False,nq
what does ar stand for in a rifle,8,9535.568005907895,False,nq
the aleutian islands are part of which state,1,265.69742959264363,True,nq
when was the american flag flown for the first time,4,2539.595615101485,True,nq
who sang i just died in your arms,5,3158.99370506961,True,nq
what episode of bleach does the fullbring arc start,8,9662.337487364653,False,nq
who is in the band 4 non blondes,8,9657.751281610208,False,nq
To whom did the Virgin Mary allegedly appear in 1858 in Lourdes France?,1,1902.4411992632502,True,squad
What is in front of the Notre Dame Main Building?,8,9373.18388388194,False,squad
The Basilica of the Sacred heart at Notre Dame is beside to which structure?,8,9770.669493247286,False,squad
What is the Grotto at Notre Dame?,8,15213.831357748311,False,squad
What sits on top of the Main Building at Notre Dame?,8,8227.307259039213,False,squad
When did the Scholastic Magazine of Notre dame begin publishing?,8,13559.83082280968,False,squad
How often is Notre Dame's the Juggler published?,8,6710.808783914918,False,squad
What is the daily student paper at Notre Dame called?,2,525.4501053416986,True,squad
How many student news papers are found at Notre Dame?,4,2272.6471599782267,True,squad
In what year did the student paper Common Sense begin publication at Notre Dame?,2,526.9982418563354,True,squad
Where is the headquarters of the Congregation of the Holy Cross?,8,10155.604876259955,False,squad
What is the primary seminary of the Congregation of the Holy Cross?,8,12216.870624567415,False,squad
What is the oldest structure at Notre Dame?,5,4220.049294174741,True,squad
What individuals live at Fatima House at Notre Dame?,6,3793.1428790067257,True,squad
Which prize did Frederick Buechner create?,8,9371.651813693928,False,squad
How many BS level degrees are offered in the College of Engineering at Notre Dame?,8,9466.158432224986,False,squad
In what year was the College of Engineering at Notre Dame formed?,8,7574.599337832094,False,squad
Before the creation of the College of Engineering similar studies were carried out at which Notre Dame college?,1,331.0270423717214,True,squad
How many departments are within the Stinson-Remick Hall of Engineering?,8,8833.244191412829,False,squad
The College of Science began to offer civil engineering courses beginning at what time at Notre Dame?,8,13604.290731625948,False,squad
What entity provides help with the management of time for new students at Notre Dame?,7,11875.367957192322,True,squad
How many colleges for undergraduates are at Notre Dame?,8,10740.182424072484,False,squad
What was created at Notre Dame in 1962 to assist first year students?,3,3703.8704005688865,True,squad
"Which organization declared the First Year of Studies program at Notre Dame ""outstanding?""",3,3049.613002568278,True,squad
The granting of Doctorate degrees first occurred in what year at Notre Dame?,4,3246.9090645342767,True,squad
What type of degree is an M.Div.?,0,291.053098600328,True,squad
Which program at Notre Dame offers a Master of Education degree?,8,7863.092738898655,False,squad
In what year was a Master of Arts course first offered at Notre Dame?,7,9162.845392976382,True,squad
Which department at Notre Dame is the only one to not offer a PhD program?,8,8659.034192287823,False,squad
What institute at Notre Dame studies  the reasons for violent conflict?,1,379.6405470809712,True,squad
What is the title of Notre Dame's Theodore Hesburgh?,8,10437.32289269192,False,squad
In what year was the Joan B. Kroc Institute for International Peace Studies founded?,1,332.737891069565,True,squad
To whom was John B. Kroc married?,8,7972.7624875798365,False,squad
What company did Ray Kroc own?,0,243.89190828178965,True,squad
How many stories tall is the main library at Notre Dame?,8,8703.544542345688,False,squad
What is the name of the main library at Notre Dame?,8,13027.006453422975,False,squad
In what year was the Theodore M. Hesburgh Library at Notre Dame finished?,1,340.2438299866167,True,squad
Which artist created the mural on the Theodore M. Hesburgh Library?,2,506.32920573457,True,squad
What is a common name to reference the mural created by Millard Sheets at Notre Dame?,2,606.0893074427659,True,squad
How many incoming students did Notre Dame admit in fall 2015?,8,14839.799983566836,False,squad
What percentage of students were admitted to Notre Dame in fall 2015?,8,12637.579847013916,False,squad
Where does Notre Dame rank in terms of academic profile among research universities in the US?,8,17758.205409609927,False,squad
What percentage of students at Notre Dame participated in the Early Action program?,3,2716.2191834339446,True,squad
How many miles does the average student at Notre Dame travel to study there?,8,9053.363409380847,False,squad
Where did U.S. News & World Report rank Notre Dame in its 2015-2016 university rankings?,8,11382.763778738656,False,squad
Forbes.com placed Notre Dame at what position compared to other US research universities?,2,524.7275731893254,True,squad
The undergrad school at the Mendoza College of Business was ranked where according to BusinessWeek?,3,2503.168721123606,True,squad
In 2014 what entity named Notre Dame 10th best of all American universities?,3,3167.1210926244307,True,squad
What percentage of Notre Dame students decide to study abroad?,2,504.21481063793055,True,squad
What person was the Director of the Science Museum at Notre Dame in the late 19th century?,6,4938.5847937188755,True,squad
What was the lifespan of John Augustine Zahm?,8,8321.106411255863,False,squad
What program did John Augustine Zahm come to co-direct at Nore Dame?,3,3546.4888383641746,True,squad
What book did John Zahm write in 1896?,2,596.2079504087628,True,squad
What professorship did Father Josh Carrier hold at Notre Dame?,3,2233.2635645192017,True,squad
In what year did Albert Zahm begin comparing aeronatical models at Notre Dame?,5,4123.049765723338,True,squad
Which professor sent the first wireless message in the USA?,8,18537.42487105458,False,squad
In what year did Jerome Green send his first wireless message?,8,12168.756986831528,False,squad
Which individual worked on projects at Notre Dame that eventually created neoprene?,3,3001.166417403284,True,squad
What did the brother of John Zahm construct at Notre Dame?,8,8213.74550560447,False,squad
Work on a germ-free-life ended up in the creation of which Notre Dame institute?,2,521.5528322347487,True,squad
Around what time did Lobund of Notre Dame become independent?,5,4185.689134871714,True,squad
In what year did Lobund at Notre Dame become an Institute?,4,3309.542030006441,True,squad
The Lobund Institute was merged into the Department of Biology at Notre Dame in what year?,3,4076.380266933364,True,squad
When did study of a germ-free-life begin at Notre Dame?,2,585.7653620388428,True,squad
Gurian created what in 1939 at Notre Dame?,2,526.2366712456874,True,squad
What was the Review of Politics inspired by?,8,14553.329586686754,False,squad
Over how many years did Gurian edit the Review of Politics at Notre Dame?,2,505.15682319637136,True,squad
Thomas Stritch was an editor of which publican from Notre Dame?,5,4027.8049040704714,True,squad
Who was the president of Notre Dame in 2012?,1,423.2497304676418,True,squad
The Kellogg Institute for International Studies is part of which university?,8,8654.957004002708,False,squad
What does the Kroc Institute at Notre Dame focus on?,3,2225.346747587416,True,squad
In what year did Notre Dame begin to host the Global Adaptation Index?,6,3988.042489647012,True,squad
What threat does the Global Adaptation Index study?,1,287.3653111933637,True,squad
How many undergrads were attending Notre Dame in 2014?,3,3019.1278801658814,True,squad
What percentage of students at Notre Dame are the children of former Notre Dame students?,2,614.8641222580015,True,squad
How many teams participate in the Notre Dame Bookstore Basketball tournament?,6,2410.0689140881045,True,squad
For what cause is money raised at the Bengal Bouts tournament at Notre Dame?,3,2123.4158783119337,True,squad
How many students in total were at Notre Dame in 2014?,8,14860.121944907392,False,squad
What percentage of undergrads live on the Notre Dame campus?,4,2272.0432629022407,True,squad
How many student housing areas are reserved for Notre Dame's graduate students?,8,12462.187248918935,False,squad
How many dorms for males are on the Notre Dame campus?,8,11838.00252920184,False,squad
What amount of the graduate student body at Notre Dame live on the campus?,2,522.4371564157777,True,squad
There are how many dorms for females at Notre Dame?,3,2912.328461694377,True,squad
What is Congregation of Holy Cross in Latin?,2,578.1464453757256,True,squad
What percentage of Notre Dame students feel they are Christian?,8,12712.25633910778,True,squad
How often is Catholic mass held at Notre Dame in a week?,5,3773.469013452291,True,squad
How many chapels are on the Notre Dame campus?,8,15863.465152793868,False,squad
What amount of the student body of Notre Dame identifies as Catholic?,3,2623.347797851682,True,squad
What was the music hall at Notre Dame called?,2,624.4964995217388,True,squad
In what year was the Main Building at Notre Dame razed in a fire?,1,403.98526774276786,True,squad
Who was the president of Notre Dame in 1879?,1,320.86826593170747,True,squad
On what date was the rebuilding of The Main Building begun at Notre Dame after the fire that claimed the previous?,8,7406.606963585131,False,squad
What did the Science Hall at Notre Dame come to be known as?,3,2248.9158747471147,True,squad
What type of education was pushed at Notre Dame before its embracing of national standards?,8,12570.999204982963,False,squad
Which college did Notre Dame add in 1921?,3,2129.44205114243,True,squad
"In 1919 a new president of Notre Dame was named, who was it?",2,534.4337321715211,True,squad
Over how many years did the change to national standards undertaken at Notre Dame in the early 20th century take place?,8,13260.664493415346,False,squad
Those who attended a Jesuit college may have been forbidden from joining which Law School due to the curricula at the Jesuit institution?,8,14843.197492090025,False,squad
"The Notre Dame football team got a new head coach in 1918, who was it?",2,540.3096008875482,True,squad
What was the amount of wins Knute Rockne attained at Notre Dame while head coach?,1,330.67539717194256,True,squad
In what year did the team lead by Knute Rockne win the Rose Bowl?,1,337.96427393733364,True,squad
How many years was Knute Rockne head coach at Notre Dame?,3,2042.9250185625897,True,squad
How many national titles were won when Knute Rockne coached at Notre Dame?,3,2148.814127470254,True,squad
"Catholic people identified with Notre Dame, what religious group did people feel Yale represented?",8,10268.10601129219,False,squad
Notre Dame students had a showdown in 1924 with which anti-catholic group?,1,421.0491273180491,True,squad
Which college president of Notre Dame is credited with preventing more confrontations between students and the KKK?,3,3651.2738043420195,True,squad
What type of event did the Klan intend to have at Notre Dame in March of 1924?,5,4492.235703360885,True,squad
Where did Notre Dame students and the KKK have their encounter?,3,3009.398058274449,True,squad
Which person became vice-president of Notre Dame in 1933?,3,2742.0229244796033,True,squad
Who was the president of Notre Dame in 1934?,2,531.3059685377725,True,squad
Irvin Abell was given what award by Notre Dame?,2,509.9579130342607,True,squad
Which year was the Laetare Medal first given out at Notre Dame?,1,318.25757433439713,True,squad
For whos glory did Father O'Hara believed that the Notre Dame football team played?,8,13627.402116257177,False,squad
Around the time that Rev. Cavanaugh became president of Notre Dame by how much did the undergrad student body of Notre Dame increase?,2,527.5594016299447,True,squad
Which institute involving animal life did Cavanaugh create at Notre Dame?,3,4347.468471579126,True,squad
What is O'Shaughnessy Hall of Notre Dame formerly known as?,2,530.2137808372773,True,squad
Which president did Notre Dame have in 1947?,8,7885.282038622598,False,squad
"Outside of an institute studying animals, what other institute did Cavanugh create at Notre Dame?",8,9000.086045888387,False,squad
What was the lifespan of Theodore Hesburgh?,8,8257.951155086046,False,squad
In the time that Hesburgh was president of Notre Dame by what factor did the operating budget increase?,3,3522.9936828355785,True,squad
What was the size of the Notre Dame endowment when Theodore Hesburgh became president?,8,8490.435403857127,False,squad
During what years was Theodor Hesburgh president of Notre Dame?,8,8523.896436088602,False,squad
How many faculty members were at Notre Dame when Hesburgh left the role of president?,5,3607.6821540940578,True,squad
What type of educational institute is Hesburgh given credit for creating at Notre Dame?,8,9237.545866175144,False,squad
Which role did Charles Sheedy have at Notre Dame?,3,2192.198025558374,True,squad
What title did Thomas Blantz have at Notre Dame?,5,4734.458756255849,True,squad
In what year did Notre Dame have its earliest undergraduate that was female?,3,2891.127232566092,True,squad
With what institute did Notre Dame agree to an exchange program in the 1960s?,2,573.7348766445189,True,squad
During what years was Edward Malloy president of Notre Dame?,8,11325.283971293697,False,squad
"What was the SAT score, on average, at Notre Dame when Edward Malloy became president?",3,2110.0201758171656,True,squad
When Malloy became president of Notre Dame what was the size of the endowment?,7,6149.752784628841,True,squad
When Malloy reached the end of his time as president how much annuals funding for research did Notre Dame have?,8,9302.94051288162,False,squad
The amount of professors at Notre Dame increased by what amount under Malloy?,3,3120.819014200037,True,squad
When did John Jenkins become the president of Notre Dame?,8,8617.054192813912,False,squad
"In terms of the amount of presidents Notre Dame has had, where is John Jenkins on the list?",2,520.9123225673181,True,squad
Who was the Notre Dame president that preceded John Jenkins?,8,9471.864252762902,False,squad
Which arena was constructed under Jenkins at Notre Dame?,2,590.755948462456,True,squad
How much money was spent on enhancing Notre Dame Stadium under John Jenkins?,8,15237.998034197059,False,squad
Which congregation is in charge of the Old College at Notre Dame?,2,547.9710785060206,True,squad
What structure is found on the location of the original church of Father Sorin at Notre Dame?,2,825.4176971061269,True,squad
In which architectural style is the Basilica of the Sacred Heart at Notre Dame made?,8,10247.786583251736,False,squad
Which individual painted the inside of the Basilica of the Sacred Heart at Notre Dame?,3,2179.1771084128754,True,squad
In what year was the Grotto of Our Lady of Lourdes at Notre Dame constructed?,2,541.4202182166164,True,squad
Which person oversaw the creation of a science hall at Notre Dame in 1883?,8,12554.29885234599,False,squad
In what year did the student union building at Notre Dame get renamed to LaFortune Center?,2,566.0775502815718,True,squad
After which individual was the LaFortune Center Notre Dame named?,2,523.8834802277337,True,squad
How large in square feet is the LaFortune Center at Notre Dame?,7,8034.521518707971,True,squad
What is the annual budget of Notre Dame's LaFortune Center?,2,533.3268099596369,True,squad
How many halls are at Notre Dame that house students?,8,12027.180763279264,False,squad
Which library was built at Notre Dame in 1963?,2,516.6566689709211,True,squad
How many books are housed at the Theodore Hesburgh Library?,8,9187.455121343583,False,squad
Construction for which hall started on March 8th 2007 at Notre Dame?,8,7769.192023204862,False,squad
Which baseball stadium is found at Notre Dame?,2,533.7147787172662,True,squad
In what year did Notre Dame create the Office of Sustainability?,6,3860.7251667250666,True,squad
What percentage of the food served at Notre Dame is locally grown?,2,513.0107422356043,True,squad
"Notre Dame got a ""B"" for its sustainability practices from which entity?",3,3481.812362699728,True,squad
Gustavo Gutierrez is faculty of which institute?,2,551.9121406038864,True,squad
In what year did Notre Dame first have a facility in England?,8,12815.828106953626,False,squad
At which location is the London Center operated by Notre Dame found?,8,8817.030549621833,False,squad
"Notre Dame has a center in Beijing, what is it referred to as?",8,8183.6939077632505,False,squad
In what year did the Suffolk Street location start to house a Notre Dame facility?,8,8099.565280172522,False,squad
What was Notre Dame's first college?,8,13759.03702329759,False,squad
In what year was the The College of Arts and Letters at Notre Dame created?,2,534.8088265975645,True,squad
In what year did the College of Arts and Letters at Notre Dame grant its first degree?,8,12387.6704262515,False,squad
On which university did Notre Dame base its curriculum on?,8,14845.51631850105,False,squad
How many BA majors does the College of Arts and Letters at Notre Dame offer?,8,9094.588302943826,False,squad
Which president at Notre Dame created the College of Science?,8,13762.380896756758,False,squad
In what year was the Notre Dame College of Science formed?,1,304.69029200244154,True,squad
How many years long was a scientific course under Patrick Dillon at Notre Dame?,8,8317.032210828242,False,squad
Which hall at Notre Dame contains the current College of Science?,8,13968.816697235352,False,squad
How many undergrad students attend the College of Science at Notre Dame today?,8,13003.18635116656,False,squad
In 1899 Notre Dame formed which college?,8,13106.907630818858,False,squad
In what building is the current School of Architecture housed at Notre Dame?,3,2044.0564021951832,True,squad
What length is the course of study at the Notre Dame School of Architecture?,3,3371.4903912884033,True,squad
In which location do students of the School of Architecture of Notre Dame spend their 3rd year?,8,9360.027153601899,False,squad
Which prestigious prize does the School of Architecture at Notre Dame give out?,3,3577.018693204867,True,squad
In what year did the opening of a theology library at Notre Dame occur?,2,506.31203808335954,True,squad
Where is the theology library at Notre Dame?,8,9081.43558578525,True,squad
How many books are held by the Notre Dame libraries?,4,3214.3245271717283,True,squad
Currently where does Notre Dame's library rank in the nation?,8,13145.9809100842,False,squad
What caused many intellectual Catholics to leave europe in the 1930s?,3,3156.4465682045056,True,squad
From where did Anton-Hermann Chroust come to reach Notre Dame?,2,518.5965957504806,True,squad
What field of study did Anton-Hermann Chroust specialize in?,5,3552.39918208386,True,squad
Who did Waldemar Gurian receive his tutelage under while seeking his doctorate?,8,9152.780285031142,False,squad
What was Ivan Meštrović known for being?,8,13472.170545373408,False,squad
"The school known as Notre Dame is known by a more lengthy name, what is it?",1,362.7775880670951,True,squad
What type of institution is the Notre Dame?,8,16006.992654266414,False,squad
The French words Notre Dame du Lac translate to what in English?,1,1145.6768339889993,True,squad
Who is the patron saint of Notre Dame?,7,7257.728584278974,True,squad
How large is Notre Dame in acres?,3,2506.9783393095286,True,squad
What caused Notre Dame to become notable in the early 20th century?,8,12839.469650762408,True,squad
Which 20th century Notre Dame football coach is most notable?,1,341.3208062955259,True,squad
Which athletic association are the student athletes at Notre Dame a part of?,8,9256.671130837844,False,squad
How many students at Notre Dame received the Heisman Trophy?,3,3521.451105300151,True,squad
"There were multiple students from Notre Dame who entered the Pro Football Hall of Fame, how many?",2,527.0700467182583,True,squad
Where among US universities does Notre Dame rank?,8,14701.592330289586,False,squad
How many individual colleges are part of Notre Dame?,8,10691.318731383195,False,squad
Which prize does the Architecture School at Notre Dame give out?,8,18759.303822344864,False,squad
How many doctorate and masters programs are available at Notre Dame?,5,5943.506695289044,True,squad
Which art museum does Notre Dame administer?,3,2924.126956379813,True,squad
In what year was Father Edward Sorin given two years to create a college?,1,510.30213531101884,True,squad
Which individual offered land to Father Edward Sorin?,2,533.1360766725575,True,squad
Which church was Father Edward Sorin representing?,3,2409.459000476524,True,squad
On what date did brothers from Holy Cross arrive at the future location of Notre Dame?,8,14249.503058847215,True,squad
Which structure was the first used for the purposes of the college?,8,18047.83110730285,False,squad
In what year did the initial degrees get handed out at Notre Dame?,4,2470.326560955358,True,squad
In what year did the original Sorin built Main Building get replaced?,4,2873.8068004683787,True,squad
Which individual began a library at Notre Dame?,8,11113.421253868219,True,squad
"In what year had the library at Notre Dame reach 10,000 books?",3,3528.437760487443,True,squad
In what year was the library at Notre Dame started?,5,4249.233705103356,True,squad
Which television station finds its home at Notre Dame?,1,307.3925764005325,True,squad
How many programs did NDtv feature in 2002?,8,10055.780389864221,False,squad
Which radio station provides radio to the students of Notre Dame at 88.9 FM?,2,551.4770691201063,True,squad
Which internet radio station of Notre Dame is served as an internet stream?,3,2418.1373107271397,True,squad
How much is Eddy Street Commons at Notre Dame expected to cost?,4,2753.8167597623747,True,squad
When was ground broke on the Eddy Street Commons Project of Notre Dame?,2,573.1149444941714,True,squad
Who is the developer of Eddy Street Commons?,8,9015.00038645987,False,squad
Which entity did Notre Dame hire to build a parking structure outside of Eddy Street Commons?,2,542.5595652429115,True,squad
"There were protested as a part of the construction at Eddy Street Commons, they came due tot he hiring of whom?",3,2071.370666571797,True,squad
What does the acronym NCAA stand for?,1,350.6259596940148,True,squad
Which league did Notre Dame Fighting Irish teams participate in in 1982?,8,20568.57800025199,False,squad
What when conference do the Notre Dame fencing teams take part in?,2,623.253332008545,True,squad
"There is a conference that the male hockey team of Notre Dame competes in, what is it?",6,3718.481280765767,True,squad
In what conference did the Fighting Irish take part in in 2012?,5,3945.3157470676815,True,squad
To what conference did the Fighting Irish go after the Big East?,1,335.8826535308598,True,squad
How many teams in each season do the Fighting Irish commit to play against ACC opponents?,3,2605.5671726081205,True,squad
"Where did the Fighting Irish hockey team compete prior to a move to Hockey East, in terms of conference?",2,535.7909179201272,True,squad
What colors are the official ones used by Notre Dame in sport competition?,4,3196.906740514981,True,squad
What type of mascot do the Notre Dame sport teams have?,2,539.9280814196327,True,squad
Who currently provides uniforms to Notre Dame sport teams?,2,505.21866040422185,True,squad
What is the value of the contract between Under Armour and Notre Dame?,8,16313.334844732184,False,squad
When did the Notre Dame marching band form?,8,10363.544840872646,False,squad
What is notable about the Notre Dame marching band?,3,2990.136804935031,True,squad
What is the Notre Dame fight song?,1,383.087625543505,True,squad
Which team did Notre Dame's football team find inspiration from?,8,14597.597996748398,False,squad
In what year did Notre Dame football begin?,1,311.6005074384338,True,squad
What university is Notre Dame tied with in terms of most Heisman Trophy winners?,2,509.25298471770094,True,squad
Against which team does Notre Dame compete for the Jeweled Shillelagh?,2,516.7973382968394,True,squad
In terms of Notre Dame students in the College Football Hall of Fame the amount of students named is what ?,8,7301.867805992892,False,squad
What notable football player played at Notre Dame from 1916 to 1920?,3,4358.665689408886,True,squad
"Against which opponent did Knute Rockne tell his team to ""win one for the Gipper?""",8,12106.112891160208,False,squad
"Which person portrayed Knute Rockne in the 1940 movie ""Knute Rockne?""",1,324.58021107257537,True,squad
"Ronald Reagan played the role of whom in 1940's ""Knute Rockne?""",8,10143.44950108174,False,squad
How many seats are in Notre Dame Stadium?,8,7651.644009109212,False,squad
What is displayed at Zahm House for football home games at Notre Dame?,3,2265.458050476742,True,squad
What occurs at midnight preceding a football home game at Notre Dame?,3,3151.8588240784347,True,squad
From where does the Band of the Fighting Irish lead a march to the Notre Dame Stadium for football home games?,8,9711.492294466183,False,squad
What songs does the trumpet section of the Band of the Fighting Irish play preceding home football games?,8,9260.708959633157,False,squad
On what day do Notre Dame home football games occur?,3,1943.8219624988055,True,squad
How many wins does the Notre Dame men's basketball team have?,8,9913.98148693826,False,squad
How many schools have a similar men's basketball record to Notre Dame in terms of wins?,8,12478.80542213478,False,squad
How many NCAA tournaments did the Notre Dame men's basketball team take part in?,8,8264.597205227454,False,squad
Which Notre Dame men's basketball player has the record for more points in one game?,3,2511.1771176987054,True,squad
Who was the Notre Dame men's basketball coach in 2014?,1,298.6747838221716,True,squad
Who wrote the original lyrics to the Notre Dame Victory March?,2,535.8454888616027,True,squad
In what year did Michael J. Shea graduate from Notre Dame?,5,4182.187880083844,True,squad
"Who is responsible for writing the music for ""Notre Dame Victory March?""",2,526.3126042066694,True,squad
"In what year did ""Notre Dame Victory March"" get copyrighted?",2,508.72012438152717,True,squad
"To where are the loyal sons in ""Notre Dame Fight Song"" marching?",5,3566.2217669172683,True,squad
"Ronald Reagan had a nickname, what was it?",1,326.78245370933234,True,squad
"In what film did a parody of the ""Win one for the Gipper"" speech appear?",3,2452.040193010772,True,squad
Who starred as Daniel Ruettiger in the film Rudy?,1,331.20031831758087,True,squad
Which person was a former comrade to Ted Striker in the film Airplane!?,2,523.103776933097,True,squad
Pat O'Brien portrayed which person in the film Knute Rockne?,3,2106.599223365437,True,squad
Which Secretary of State attended Notre Dame?,6,2807.4715509137095,True,squad
Which Notre Dame alum from the College of Science won a Nobel Prize?,2,525.4729443171934,True,squad
Who is the current president of Notre Dame?,8,16092.107728446124,False,squad
Mariel Zagunis is notable for winning what?,8,12192.351012699331,False,squad
Which notable astronaut is known to have attended Notre Dame?,2,603.9136365540439,True,squad
When did Beyonce start becoming popular?,8,16635.495120108433,False,squad
What areas did Beyonce compete in when she was growing up?,3,2818.6718609665904,True,squad
When did Beyonce leave Destiny's Child and become a solo singer?,1,344.64496808808684,True,squad
In what city and state did Beyonce  grow up? ,1,999.0785145514392,True,squad
In which decade did Beyonce become famous?,8,13523.976835133164,False,squad
In what R&B group was she the lead singer?,8,9356.435518154123,False,squad
What album made her a worldwide known artist?,8,8382.090506526285,False,squad
Who managed the Destiny's Child group?,2,519.0837659889457,True,squad
In what city did Beyonce grow up?,0,306.3601598088454,True,squad
What was the name of Beyonce's first solo album?,3,3170.9082913503876,True,squad
On what date was Beyonce born?,1,491.27740163891673,True,squad
What is Beyonce's full name?,1,390.2969725653621,True,squad
When did Beyoncé rise to fame?,5,4602.102285531268,True,squad
What role did Beyoncé have in Destiny's Child?,3,2497.07401744934,True,squad
What was the first album Beyoncé released as a solo artist?,1,340.1452017035884,True,squad
When did Beyoncé release Dangerously in Love?,1,340.07595704518195,True,squad
How many Grammy awards did Beyoncé win for her first solo album?,8,6763.038278046854,False,squad
What was Beyoncé's role in Destiny's Child?,3,2099.198937280759,True,squad
What was the name of Beyoncé's first solo album?,2,513.5319333481679,True,squad
When did Beyoncé release her first solo album?,1,342.44513877340216,True,squad
"After her second solo album, what other entertainment venture did Beyonce explore?",8,9417.372766349818,False,squad
Which artist did Beyonce marry?,5,3253.3422265326844,True,squad
"To set the record for Grammys, how many did Beyonce win?",8,7172.562365013885,False,squad
For what movie did Beyonce receive  her first Golden Globe nomination?,1,307.7026501837138,True,squad
When did Beyonce take a hiatus in her career and take control of her management?,1,371.18250516813777,True,squad
Which album was darker in tone from her previous work?,8,12774.613060154092,False,squad
"After what movie portraying Etta James, did Beyonce create Sasha Fierce?",2,529.0226085979762,True,squad
When did Destiny's Child end their group act?,8,13306.581590626362,False,squad
What was the name of Beyoncé's second solo album?,1,317.9860506938248,True,squad
"What was Beyoncé's first acting job, in 2006?",1,293.3756945525162,True,squad
Who is Beyoncé married to?,8,8390.139330382215,False,squad
What is the name of Beyoncé's alter-ego?,0,249.91079229123085,True,squad
"In her music, what are some recurring elements in them?",8,9482.001526289605,False,squad
Time magazine named her one of the most 100 what people of the century?,3,2210.446470430777,True,squad
Which magazine declared her the most dominant woman musician?,8,7773.327345710355,False,squad
In which decade did the Recording Industry Association of America recognize Beyonce as the The Top Certified Artist?,2,514.5032107248899,True,squad
What magazine rated Beyonce as the most powerful female musician in 2015?,1,291.51446085655994,True,squad
How did Beyonce describe herself as a feminist?,3,3473.390329998757,True,squad
In which years did Time rate Beyonce in the 100 most influential people in the world?,3,3278.738907447425,True,squad
How many records has Beyonce sold in her 19 year career?,8,11840.100129062379,False,squad
How many records did Beyoncé sell as part of Destiny's Child?,5,3251.0411426846026,True,squad
"After leaving Destiny's Child, how many records did Beyoncé release under her own name?",8,8355.781160685696,False,squad
How many Grammy awards has Beyoncé won?,8,4464.107358367788,False,squad
What magazine named Beyoncé as the most powerful female musician for 2015?,1,321.6860540959775,True,squad
Beyonce's younger sibling also sang with her in what band?,3,1965.154346629453,True,squad
Where did Beyonce get her name from?,8,11365.256519031042,False,squad
What race was Beyonce's father?,8,7720.314638128467,False,squad
Beyonce's childhood home believed in what religion?,8,7159.759554484424,False,squad
Beyonce's father worked as a sales manager for what company?,6,2239.7275674180833,True,squad
Beyonce's mother worked in what industry?,8,10695.2950420572,False,squad
What younger sister of Beyonce also appeared in Destiny's Child?,1,305.87799957382083,True,squad
Beyonce is a descendent of what Arcadian leader?,7,13939.493717768795,True,squad
What company did Beyoncé's father work for when she was a child?,8,12292.01954789061,False,squad
What did Beyoncé's mother own when Beyoncé was a child?,8,7684.067784832477,False,squad
What is the name of Beyoncé's younger sister?,1,308.1293900614947,True,squad
Beyoncé is a descendant of which Acadian leader?,2,529.9191449041231,True,squad
Beyoncé was raised in what religion?,3,3257.0466653987305,True,squad
What town did Beyonce go to school in?,8,8975.12562113344,False,squad
Who was the first person to notice Beyonce's singing ability?,3,2997.7694220925596,True,squad
Beyonce moved to which town after she left her first elementary school?,3,3756.244152386679,True,squad
Which of her teachers discovered Beyonce's musical talent?,8,7408.215585489552,False,squad
I which church was Beyonce  a member and soloist  in the choir?,1,412.54850569541674,True,squad
What type of school was Parker Elementary School?,8,12503.536748592194,False,squad
Which song did Beyonce sing to win a competition at age 7?,8,10832.586454716507,False,squad
What city was Beyoncé's elementary school located in?,8,9213.64832870239,False,squad
What was the name of Beyoncé's first dance instructor?,2,547.9721660061479,True,squad
How old was Beyoncé when she won a school talent show?,5,4972.242587284572,True,squad
What choir did Beyoncé sing in for two years?,5,3887.524451232647,True,squad
Who decided to place Beyonce's group in Star Search the talent show?,3,3392.5009807478023,True,squad
"In 1995, who decided to manage the girls singing group?",8,17158.66608859634,False,squad
Who was the first record label to give the girls a record deal?,8,13116.536694750033,False,squad
Who brought Beyonce to California and enter her group in Star Search?,8,12011.627904133276,False,squad
In what year did Beyonce's father quit his job to manage her group?,3,5033.286564538321,True,squad
What large record company recorded Beyonce's group's first album?,8,15233.294743069813,False,squad
What record company first signed Beyonce's group and later cut them?,5,4981.569714626253,True,squad
At what age did Beyonce meet LaTavia Robertson?,8,10016.405266704272,False,squad
How old was Beyoncé when she met LaTavia Roberson?,8,12578.194387418347,False,squad
What was the name of the first group Beyoncé was a part of?,2,620.2337140590325,True,squad
Who placed Girl's Tyme in Star Search?,5,3793.130513614374,True,squad
When did Beyoncé begin to manage the girl group?,8,8212.991118010641,False,squad
"Who signed the girl group on October 5, 1995?",2,540.7176850036983,True,squad
Which film featured Destiny's Child's first major single?,3,6896.537993141469,True,squad
"For which song, did Destiny's Child take home the grammy award for best R&B performance?",7,12792.285313077733,True,squad
"Who did Beyonce record with for the movie ""The Best Man?""",3,3558.621448670862,True,squad
Beyonce's group changed their name to Destiny's Child in what year?,3,2764.819269321137,True,squad
The name Destiny's Child was based on a quote in which book of the Bible?,3,2109.951534419473,True,squad
"Debut song, ""Killing Time"" was featured on what movie's sound track?",5,3342.367284410944,True,squad
What song won Best R&B Performance in the 43 Annual Grammy Awards?,8,8548.152803584477,False,squad
"What singer did Beyonce record a song with for the movie, ''The Best Man""?",3,6246.305379701864,True,squad
Where did Destiny's Child get their name from?,3,3326.415481148681,True,squad
"Destiny's Child song, Killing Time, was included in which film's soundtrack?",2,526.7391668539574,True,squad
What was Destiny's Child's first major song hit?,3,8180.142905686323,True,squad
When did Destiny's Child release their second album?,6,2047.6913634521916,True,squad
"Who did Beyoncé sing a duet with for ""The Best Man"" film?",2,518.7494379576591,True,squad
What mental health issue did Beyonce go through?,8,11310.934543496636,False,squad
What event occured after she was publicly criticized?,8,9992.925725574516,False,squad
Who supported Beyonce through her depression?,8,11915.109913997503,False,squad
What event caused Beyonce's depression?,8,16079.903696460899,False,squad
How long was Beyonce depressed?,8,13514.123028071548,False,squad
Who helped Beyonce fight her depression the most?,8,17134.145793300137,False,squad
Who replaced Luckett and Roberson in Destiny's Child?,3,3311.897202492361,True,squad
Who was blamed for Luckett and Roberson leaving Destiny's Child?,1,317.3769460168856,True,squad
Who helped Beyoncé overcome her depression during the years following the Destiny's Child split?,8,11300.662502375259,False,squad
Which newest member was removed from Destiny's Child?,8,12164.869381940864,False,squad
"""Charlie's Angels"" featured which single from the band members?",8,8286.064686971467,False,squad
"How many weeks did their single ""Independent Women Part I"" stay on top?",5,4419.895701512025,True,squad
"For what network, did Beyonce land a major movie role in?",8,9454.212420325981,False,squad
"Their third album, Survivor, sold how many during its first week?",8,10237.360283591173,False,squad
What French composer wrote the original opera ''Carmen'' in the 19th century?,0,247.93448612396443,True,squad
What album caused a lawsuit to be filed in 2001?,8,12540.74673953226,False,squad
Independent Women Part I was on which 2000 film's soundtrack?,1,328.02902178961125,True,squad
Which film did Beyoncé star in 2001 with Mekhi Phifer?,3,2776.3339807138036,True,squad
What was the name of Destiny Child's third album?,2,624.0744884115436,True,squad
Who filed a lawsuit over Survivor?,8,9532.386025334834,False,squad
When did Destiny's Child announce their hiatus?,8,8501.416459915901,False,squad
"Who did Beyonce star with in the movie, ""Austin Powers in Goldmember""?",1,307.68261467853205,True,squad
"Which three countries did Beyonce's song ""Work It Out"" achieve top ten status?",8,7931.016918490182,False,squad
Beyonce starred with Cuba Gooding Jr. in which film?,2,516.9833303681112,True,squad
"Who did Beyonce record the lead single with in the movie ""The Fighting Temptations""?",8,10561.018324329678,False,squad
Which other song from the soundtrack did better in the charts?,8,12847.171898415441,False,squad
What film did Beyonce appear in with Mike Myers?,3,2152.6290146370548,True,squad
"What large amount did the movie ""Goldmember"" gross?",8,9049.783184137199,False,squad
"What genre of movie did Beyonce star in with Cuba Gooding, Jr?",3,4025.9448868161717,True,squad
What song was the lead single from the film's sound track?,8,13628.695060076516,False,squad
"How did the critics view the movie, ''The Fighting Temptations''?",3,3291.733042607938,True,squad
What film did Beyoncé star in with Mike Myers in 2002?,2,603.2085630851097,True,squad
What was Beyoncé's character called in Austin Powers in Goldmember?,3,3017.488595665563,True,squad
Which song did Beyoncé release as the lead single for Austin Powers in Goldmember's soundtrack?,2,558.9254163241824,True,squad
"What musical comedy did Beyoncé star in along with Cuba Gooding, Jr. in 2003?",2,541.2882885630486,True,squad
What song did Beyoncé release as the lead single from The Fighting Tempations?,8,9543.425810034381,False,squad
What was the highest Beyonce's first solo recording achieved in the Billboard Hot 100?,8,9073.691579952858,False,squad
Beyonce's first album by herself was called what?,1,339.1095530106722,True,squad
"How many has ""Dangerously in Love"" sould worldwide since its debut?",8,8825.449924613025,False,squad
Beyonce's first number one song was which song?,1,329.0001001496227,True,squad
How many top five singles came from her first album?,8,18023.082940416127,False,squad
Beyonce's first solo album in the U.S. with what artist in the lead single?,8,10448.885811916367,False,squad
What solo album did Beyonce release in 2003?,1,308.7428797837857,True,squad
" The album, Dangerously in Love  achieved what spot on the Billboard Top 100 chart?",8,10207.478024500015,False,squad
"""The Closer I get to You"" was recorded with which artist?",8,8681.62529266693,False,squad
Which artist was associated with Beyoncé's premiere solo recording?,8,11355.966912451635,False,squad
What is the lead single on Beyoncé's first album?,5,3422.8457233769386,True,squad
Who helped Beyoncé earn a Grammy award for Best R&B Performance by a Duo or Group at the 46th annual Grammy Awards?,2,516.667468686747,True,squad
How many awards did Beyoncé win at the 46th Grammy's Awards?,2,753.7018309737052,True,squad
Destiny's Child's final album was named what?,2,517.0795795394283,True,squad
Destiny's Child got a star on the Hollywood Walk of Fame in what year?,2,526.0225249784689,True,squad
In what year did Beyonce embark on her Dangerously in Love tour of Europe?,8,7716.466743578326,False,squad
What was the name of the final album of Destiny's Child?,2,505.1830201574445,True,squad
It was announced that Destiny's Child would  disban in what European city?,2,730.30514045517,True,squad
When did Destiny's Child get their star on the Hollywood Walk of Fame?,2,554.3097283630744,True,squad
What was the name of Beyoncé's European start that started in November 2003?,3,3091.195713482913,True,squad
Who did Beyoncé tour with for the Verizon Lades First Tour?,3,3080.35929995508,True,squad
"What major event did Beyoncé perform at on February 1, 2004?",5,4360.679057997041,True,squad
What is the name of the final studio album from Destiny's Child?,2,509.57453899019754,True,squad
How many albums did Beyonce sell in the first week when she released her second album?,6,3098.38889139486,True,squad
The lead single from the album was which song?,8,12144.972074033114,False,squad
"How many countries did her song ""Irreplaceable"" get number one status in?",8,8718.104293192198,False,squad
How many singles did her second album produce?,8,12139.030551044045,False,squad
What birthday did Beyonce's album B'Day celebrate?,3,3336.1122322681335,True,squad
"What artist did Beyonce duet with in the single, ""Deja Vu''?",8,9776.84274596585,False,squad
How high did ''Deja Vu'' climb on the Billboard chart?,8,9746.661487475903,False,squad
What is the name of Beyoncé's second album?,1,332.23944134263365,True,squad
How many copies did B'Day sell during the first week of its release?,2,553.0594592882605,True,squad
"Who collaborated with Beyoncé on the single, Deja Vu?",8,7142.860873740442,False,squad
Which single from B'Day was only released in the U.K.?,3,2931.515086659162,True,squad
What movie did Beyonce act in 2006?,8,13644.24736162809,False,squad
Her second movie Beyonce did was what film?,1,304.33203119932944,True,squad
"The single, ""Listen"" was featured in which movie?",4,3235.2350722529827,True,squad
Beyonce's first world tour was when?,5,3476.8524989011726,True,squad
How much money did Beyonce's tour make in 2007?,8,7354.816992147006,False,squad
How many millions of dollars did ''The Pink Panther'' gross world-wide?,8,9530.862827091863,False,squad
What did Beyonce call her first concert tour?,8,9329.114342436264,True,squad
Who was Beyonce's duet with in ''Beautiful Liar''?,1,330.3163352252842,True,squad
Which film did Beyoncé star with Steve Martin in?,3,2511.336230046568,True,squad
Beyoncé's role in Dreamgirls was based on what pop singer?,2,547.7908220870348,True,squad
What was the lead single for the Dreamgirls soundtrack?,3,3684.715041656199,True,squad
What was the name of Beyoncé's first international tour?,1,322.6620872149408,True,squad
What pop singer did a duet with Beyoncé on Beautiful Liar?,1,329.0222939294027,True,squad
Beyonce got married in 2008 to whom?,8,8272.966674868892,False,squad
"Her third album, ""I am...Sasha Fierce"" was released when?",7,6738.299845360591,True,squad
"For which decade, did Beyonce have more top ten songs than any other woman?",1,345.1263364385199,True,squad
Which singer beat out Beyonce for best video performance?,8,9258.46745191105,False,squad
"In 2009, Beyonce started her second world tour and grossed how much money?",8,9538.990996264412,False,squad
How did she reveal the marriage?,8,13231.684268932735,False,squad
When did Beyonce begin her second world tour?,8,11302.230788280092,False,squad
Who beat out Beyonce for Best Female Video ?,3,3059.434128752167,True,squad
How much did the second world tour make in dollars?,8,10362.51852443904,False,squad
When did Beyoncé get married?,1,1054.3626706702266,True,squad
Who did Beyoncé marry?,8,7802.5925417101635,False,squad
Who is Beyoncé's alter ego?,1,321.63395513783433,True,squad
The video for what song won Beyoncé the 2009 MTV Video of the Year award?,3,2245.3100277866924,True,squad
Which prominent star felt the 2009 Female Video of the Year award should have went to Beyoncé instead of Taylor Swift?,3,2704.8989837157437,True,squad
"Beyonce portrayed which character in the film, Cadillac Records?",2,597.2529158483895,True,squad
Beyonce gave her entire salary from Cadillac Records to which organization?,6,4007.6834296305515,True,squad
Which song did Beyonce sing at the first couple's inaugural ball? ,3,3108.516513160633,True,squad
"What genre of film was the movie, Obsessed, in which Beyonce starred in?",3,3223.3807240180545,True,squad
"A fight scene from the movie, Obsessed, won which award for Beyonce?",2,563.4604156048251,True,squad
Where did Beyonce donate her salary from the movie Cadillac Records?,2,512.3275545878931,True,squad
What thriller film did Beyonce star in?,3,2946.599118575823,True,squad
What was the name of the woman she played in Obsessed?,8,14037.3620528921,False,squad
How much more that the buget did the film gross?,8,9507.458299108324,False,squad
Which singer did Beyoncé portray in Cadillac Records?,2,506.73288877177504,True,squad
Which organization received Beyoncé's entire Cadillac Records salary?,6,4051.2925663665264,True,squad
"Where did Beyoncé perform on January 20, 2009?",8,11849.470363889532,False,squad
Which thriller film did Beyoncé star in with Ali Larter?,3,2907.832247865687,True,squad
How many awards was Beyonce nominated for at the 52nd Grammy Awards?,3,2972.0744489043836,True,squad
Beyonce tied with which artist for most nominations by a female artist?,8,12089.78859724575,False,squad
"In 2010, Beyonce worked with which other famous singer?",8,9023.874057989287,False,squad
"How many number one singles did Beyonce now have after the song ""Telephone""?",8,13336.129858710168,False,squad
Beyonce tied who for most number one singles by a female?,8,12231.220596962594,False,squad
Beyonce received how many nominations at the 52nd Annual Grammy Awards?,8,8558.836337570663,False,squad
What song was the sixth first place song for Beyonce?,5,4189.87962185702,True,squad
Who else appeared with Beyonce in Telephone?,1,347.10535016768796,True,squad
Who did they tie with for six top songs?,8,10795.4881531737,False,squad
Who did Beyonce tie with for the most nominations in a year?,8,12495.752143708025,False,squad
How many nominations did Beyoncé receive at the 52nd Grammy Awards ceremony?,3,2995.553083444174,True,squad
Who did Beyoncé tie with for the most Grammy nominations for female artists?,8,11858.19047076848,False,squad
"Beyoncé was a featured artist on which singer's hit, Telephone?",0,228.9590117421475,True,squad
Who did Beyoncé and Lady Gaga tie with for the most number one hits since 1992?,2,534.4981825250209,True,squad
Beyonce would take a break from music in which year?,3,2875.8000082284757,True,squad
Which year did Beyonce and her father part business ways?,4,2796.9209983180917,True,squad
Which famous landmark did Beyonce see in China?,4,3147.9866997535314,True,squad
In what year did Beyonce have her hiatus?,1,341.58629715092275,True,squad
Who inspired this hiatus?,8,9198.492175151758,False,squad
When did she stop using her father as a manager?,8,12925.177968896345,False,squad
How long did the hiatus last?,8,11914.36140859837,False,squad
What did Beyoncé announce in January 2010?,8,9826.887149050282,False,squad
Who suggested the hiatus for Beyoncé?,8,13134.581616369147,False,squad
Who did Beyoncé part ways with during her hiatus?,7,13910.463163018196,True,squad
How long did her hiatus last?,8,13893.505672436584,False,squad
In which year was reports about Beyonce performing for Muammar Gaddafi surface?,3,2179.4722798265348,True,squad
Who did Beyonce donate the money to earned from her shows?,8,9239.64826260286,False,squad
