question,optimal_trajectory_id,joules_spent,is_correct
Which magazine was started first Arthur's Magazine or First for Women?,0,270.7128447485479,True
The Oberoi family is part of a hotel company that has a head office in what city?,1,498.6339382509491,True
"Musician and satirist Allie Goertz wrote a song about the ""The Simpsons"" character Milhouse, who Matt Groening named after who?",3,869.0830829186463,True
 What nationality was James Henry Miller's wife?,2,562.6258185867669,True
"Cadmium Chloride is slightly soluble in this chemical, it is also called what?",2,562.6258185867669,True
"Which tennis player won more Grand Slam titles, Henri Leconte or Jonathan Stark?",1,498.6339382509491,True
Which genus of moth in the world's seventh-largest country contains only one species?,7,3690.591627007379,False
"Who was once considered the best kick boxer in the world, however he has been involved in a number of controversies relating to his ""unsportsmanlike conducts"" in the sport and crimes of violence outside of the ring.",7,3690.591627007379,False
"The Dutch-Belgian television series that ""House of Anubis"" was based on first aired in what year?",2,562.6258185867669,True
What is the length of the track where the 2013 Liqui Moly Bathurst 12 Hour was staged?,2,562.6258185867669,True
"Fast Cars, Danger, Fire and Knives includes guest appearances from which hip hop record executive?",7,3690.591627007379,False
"Gunmen from Laredo starred which narrator of ""Frontier""?",4,1424.6899817918095,True
Where did the form of music played by Die Rhöner Säuwäntzt originate?,7,2864.271883385668,False
In which American football game was Malcolm Smith named Most Valuable player?,0,270.7128447485479,True
"What U.S Highway gives access to Zilpo Road, and is also known as Midland Trail?",1,498.6339382509491,True
"The 1988 American comedy film, The Great Outdoors, starred a four-time Academy Award nominee, who received a star on the Hollywood Walk of Fame in what year?",7,6169.550857872515,False
What are the names of the current members of  American heavy metal band who wrote the music for  Hurt Locker The Musical? ,7,2864.271883385668,False
"Human Error"" is the season finale of the third season of a tv show that aired on what network?",0,270.7128447485479,True
"Dua Lipa, an English singer, songwriter and model, the album spawned the number-one single ""New Rules"" is a song by English singer Dua Lipa from her eponymous debut studio album, released in what year?",0,270.7128447485479,True
"American politician Joe Heck ran unsuccessfully against Democrat Catherine Cortez Masto, a woman who previously served as the 32nd Attorney General of where?",0,270.7128447485479,True
"Which state does the drug stores, of which the CEO is Warren Bryant, are located?",7,2864.271883385668,False
Which  American politician did Donahue replaced ,1,498.6339382509491,True
"Which band was founded first, Hole, the rock band that Courtney Love was a frontwoman of, or The Wolfhounds?",0,270.7128447485479,True
How old is the female main protagonist of Catching Fire?,4,1424.6899817918095,True
Chang Ucchin was born in korea during a time that ended with the conclusion of what? ,7,2864.271883385668,False
Who is the director of the 2003 film which has scenes in it filmed at the Quality Cafe in Los Angeles?,7,2864.271883385668,False
"New Faces of 1952 is a musical revue with songs and comedy skits, it helped jump start the career of which young performer, and American actress?",2,562.6258185867669,True
Were Pavel Urysohn and Leonid Levin known for the same type of work?,0,270.7128447485479,True
Are both The New Pornographers and Kings of Leon American rock bands?,0,270.7128447485479,True
"750 7th Avenue and 101 Park Avenue, are located in which city?",0,270.7128447485479,True
"Which actress played the part of fictitious character Kimberly Ann Hart, in the franchise built around a live action superhero television series taking much of its footage from the Japanese tokusatsu 'Super Sentai'?",2,562.6258185867669,True
"Who was born first, Pablo Trapero or Aleksander Ford?",0,270.7128447485479,True
Are Jane and First for Women both women's magazines?,0,270.7128447485479,True
What profession does Nicholas Ray and Elia Kazan have in common?,0,270.7128447485479,True
Where is the company that purchased Aixam based in?,7,2864.271883385668,False
"Which documentary is about Finnish rock groups, Adam Clayton Powell or The Saimaa Gesture?",0,270.7128447485479,True
"Who was inducted into the Rock and Roll Hall of Fame, David Lee Roth or Cia Berg?",0,270.7128447485479,True
Zimbabwe's Guwe Secondary School has a sister school in what New York cunty?,4,1424.6899817918095,True
"The Royal Commission into Drug Trafficking (1977–1979) or Woodward Royal Commission was a royal commission initiated by the New South Wales Government to investigate drug trafficking in New South Wales, Australia, especially links between the New South Wales Police and Mafia, The Honoured Society, is a Calabrian 'Ndrangheta criminal confederation, started in Melbourne and currently active in all of which country?  ",0,270.7128447485479,True
"The 337th Flight Test Squadron (337 FLTS) was most recently part of the 46th Test Wing and based at McClellan Air Force Base, a former United States Air Force base located in the North Highlands area of Sacramento County, in which US state?",0,270.7128447485479,True
The axial turbojet Pirna 014 was designed by engineers from this German aircraft and aircraft engine manufacturer based in which city?,7,2864.271883385668,False
"Which faith is designated to the University of Providence, private university accredited by the NW association of Schools and Colleges and located in a third largest city in Montana after being passed by Missoula? ",2,562.6258185867669,True
Pauline Henry was known as the vocalist of a very popular cover song. Which album was this song from?,6,3304.1354063100844,True
Guitars for Wounded Warriors is an album that was recorded in the village in which New York county?,7,2864.271883385668,False
"What American country music singer-songwriter, born in May of 1942, sang a duet with her ex-husband the same year that he released the song ""The Battle?""",2,562.6258185867669,True
"Who was born first, Francis Nethersole or Elizabeth Stuart?",3,869.0830829186463,True
What does the Hacker-Pschorr Brewery have to limit in order to comply with German regulations?,3,869.0830829186463,True
"Don Barry Mason was the founder of the Psychedelic Shamanistic Institute (PSI), which other member that's Welsh, that died on 10 April 2016?",7,3690.591627007379,False
What male actor starred in The Messenger?,7,3690.591627007379,False
Are Gin and tonic and Paloma both cocktails based on tequila?,0,270.7128447485479,True
Who is older Glenn Hughes or Ross Lynch?,0,270.7128447485479,True
"In what year was the creator of the current arrangement of the ""Simpson's Theme"" born?",7,2864.271883385668,False
The Southern Railway runs from Vienna to Graz and the border with Slovenia at Spielfeld via the first mountain railway built in Europe to use what kind of track?,3,869.0830829186463,True
In what show did Cynthia Nixon receive the 2004 Primetime Emmy Award for Outstanding Supporting Actress in a Comedy Series and a Screen Actors Guild Award for her performance?,0,270.7128447485479,True
"Lee Jun-fan played what character in ""The Green Hornet"" television series?",0,270.7128447485479,True
"The 1895/96 Football League season was the eighth in Football League history with Everton, their Goodison Park home, is a football stadium located in Walton, Liverpool, in which country?",0,270.7128447485479,True
"A Head Full of Dreams Tour is the seventh tour by Coldplay, and which had it's first show at a stadium that is known as Estadio Unico and is owned by who?",7,2864.271883385668,True
"Roger Avary (born August 23, 1965) is a Canadian film and television producer, screenwriter and director in the American mass media industry, he wrote the screenplay for Beowulf, a 2007 British-American 3D motion capture epic fantasy film, directed by who?",0,270.7128447485479,True
"The American Pre-Code comedy film featuring an American actress, dancer, and singer, widely known for performing in films and RKO's musical films, was released in what year?",1,498.6339382509491,True
"An edited version of ""Just the Two of Us"" reached number two on the ""Billboard"" Hot 100 behind a song written and composed by Donna Weiss and Jackie DeShannon which spend how many weeks at No. 1 on the ""Billboard"" hot 100?",7,3690.591627007379,False
"Which band has more members, Saint Motel or Curve?",1,498.6339382509491,True
"""Funnybot"" is the second episode of the fifteenth season of which American animated television series, created by Trey Parker and Matt Stone?  ",0,270.7128447485479,True
"Which private research university is located in Chestnut Hill, Massachusetts Boston College or Stanford University? ",0,270.7128447485479,True
"What American stage, film, and television actor  who also appeared in a large number of musicals, played Samson in the 1949 film ""Samson and Delilah"".",0,270.7128447485479,True
Iqaluit Airport and Canadian North are based out of what country?,0,270.7128447485479,True
In what political party was the man who officially opened he Royal Spa Centre in 1972?,1,498.6339382509491,True
Which Oscar-nominated film was written by the screenwriter who wrote a 1991 romantic drama based upon a screenplay by Sooni Taraporevala?,1,498.6339382509491,True
Are both Tim McIlrath and Spike Slawson American punk rock musicians?,0,270.7128447485479,True
"The Golden Globe Award winner for best actor from ""Roseanne"" starred along what actress in Gigantic?",4,1424.6899817918095,True
"The expert mentor to the celebrities that perform on ""Splash!"" won the 2009 FINA World Championionship in the individual event at what age? ",6,3304.1354063100844,True
"Still Da Baddest is the fourth studio album by American rapper Trina, following the poor chart performance, ""I Got a Thang for You"" featuring which American singer/songwriter, record producer, business woman, and television personality, and was born in Oakland, California?",2,562.6258185867669,True
What profession does Am Rong and Alexandre Rockwell have in common?,2,562.6258185867669,True
El Nuevo Cojo and Golf Magazine are both special interest publications but which one is owned by Time Inc?,0,270.7128447485479,True
Who funds the bowling team that includes the school bus driver for Springfield Elementary School?,7,3690.591627007379,False
What city are George Washington University Hospital and MedStar Washington Hospital Center located in?,0,270.7128447485479,True
what is the connection between Peter O'Meara and Norman Dike?,7,3690.591627007379,False
"What author has contributed to such works as ""New Statesmen"", ""The Nation"", and ""The Atlantic"", among others, while also being being associated with Dysteleology?",7,2864.271883385668,False
Who developed the prototype pacemaker used by the 34th President of the USA?,7,3690.591627007379,False
Which publishing company has published Bizarre and a sister publication devoted to the anomalous phenomena popularised by Charles Fort?,1,498.6339382509491,True
"Who performed the lead single on the album Friends in Low Places, No Fences, that reached #1 on Billboard?",0,270.7128447485479,True
Hate to Feel is the tenth track on what Alice in Chains' album that peaked as number six on the Billboard 200?,2,562.6258185867669,True
"The lead singer and guitarist in the Portland, Oregon rock band consisting of John Gourley, Zach Carothers, Kyle O'Quin, Jason Sechrist and Eric Howk, goes by what alias?",1,498.6339382509491,True
What year was the winner of the 2016 Marrakesh ePrix born?,1,498.6339382509491,True
"South Korean actor Kim Yool-ho starred in what 2016 movie directed by Yeon Sang-ho Yeon Sang-ho and starring actors Gong Yoo, Jung Yu-mi, and Ma Dong-seok?",0,270.7128447485479,True
According to the 2006 census what is the population of the city in which James Iroha Uchechukwu was born ?,4,1424.6899817918095,True
What actor in the film D.C. Cab also had a role in the TV series Barney Miller?,4,1424.6899817918095,True
Which industry do Richard Hawley and Chicago's Catherine belong to? ,7,2864.271883385668,False
Are Pam Veasey and Jon Jost both American?,0,270.7128447485479,True
Maurice Hines and his brother were famous for what?,7,2864.271883385668,False
Are the New Orleans Outfall Canals the same length as the Augusta Canal?,7,2864.271883385668,False
In which stadium do the teams owned by Myra Kraft's husband play?,0,270.7128447485479,True
What southern California based band covered Blue Öyster Cult's Godzilla?,2,562.6258185867669,True
"The Swedish-British entertainment studio executive and film executive producer, who was the Executive producer for a 2016 American action thriller film directed by Babak Najafi, currently serve?",7,2864.271883385668,False
"an Emmy Award winner and two-time Tony Award winner, was on the episode 15 of the third season of ""Chuck"". what is her name ?",2,562.6258185867669,True
"What is the current name of the Atlanta Mansion built for the daughter of the 41st Mayor of Atlanta, Georgia?",6,3304.1354063100844,True
Who invented the type of script used in autographs?,7,2864.271883385668,False
Approximately what percentage of the global population is made up of the ethnic group Princess Fragrant was produced to improve relations with?,7,3690.591627007379,False
The Boren-McCurdy proposals were partially brought about by which Oklahoma politician in 1992?,0,270.7128447485479,True
The Thoen Stone is on display at a museum in what county?,2,562.6258185867669,True
"Is Children's National Medical Center or MedStar Washington Hospital Center the largest private hospital in Washington, D.C.?",0,270.7128447485479,True
"Prince William, Duke of Gloucester and Prince George of Denmark, were eventually monarchs of which Kingdom?",6,4109.226608892913,True
"The airline operating in Whitehorse, Yukon handled how many passengers in 2012?",2,562.6258185867669,True
"What State has a Disney Resort & Spa that is a beachside hotel, resort and vacation destination offering complimentary children's activities and programs and that Djuan Rivers was a General Manager at?",0,270.7128447485479,True
Are Wenling and Xinzheng both in China?,0,270.7128447485479,True
What is the birth date of the coach of the 2014-15 Michigan Wolverines men's basketball team?,7,2864.271883385668,False
"Which organization presents the award in which Chris Noonan was nominated for his work in ""Babe?""",0,270.7128447485479,True
Where is the base of one of the three main British intelligence agencies?,7,2864.271883385668,False
"When a Man Falls in Love, is a 2013 South Korean television series, starring Song Seung-heon, Shin Se-kyung, Chae Jung-an, and which South Korean actor, born on ? ",7,2864.271883385668,False
What retailer is the second-largest in the United States and has a commercial featuring the American artist who was 1st runner-up in the 2005 USA Weekend Magazine's songwriting competition?,7,3690.591627007379,False
"Which English actor of stage, film and television from the 1978 BBC drama ""Pennies From Heaven"" appeared in the 2006 BBC Four television play ""Kenneth Williams: Fantabulosa!?""",7,2864.271883385668,False
Who hosted both Miss USA 1968 and The Price Is Right?,0,270.7128447485479,True
What video game published by Sierra Entertainment includes an antagonist figure who's mystery is the core of the series? ,7,3690.591627007379,True
Close to the Enemy starred the English actor known as Ash Morgan in what BBC series?,2,562.6258185867669,True
The Bass Rock Lighthouse was next to what Castle?,0,270.7128447485479,True
"Gülhane Park and Zografeion Lyceum, are located in which country?",0,270.7128447485479,True
"What is the name of the movie in which Edwin Brown plays a man that executed at least 400 people, including William Joyce and John Amery?",7,3690.591627007379,False
What genre of music is the solo artist that contributed to Real Damage a variant of?,7,6169.550857872515,False
Jake David Shapiro was best know for being the screenwriter of a film directed by who?,7,2864.271883385668,False
"What book contains a poem which, along with ""Beowulf"" and the ""Anglo-Saxon Chronicle"", preserves a legendary list of the kings of the Angles?",7,2864.271883385668,False
Norbert Holm was arrested and later demoted because of his Chief of Operations association with a military theorist popularly known as what?,2,562.6258185867669,True
What state does Sang-Wook Cheong work as a materials scientist?,2,562.6258185867669,True
What type of vegetation does Kniphofia and Baptisia have in common?,7,2864.271883385668,False
"Californian rock band Lit recorded A Place in the Sun in 1995, but what's their best known song?",1,498.6339382509491,True
"Gary Harrison, began his career in the 1970s and has written over how many major-label recorded songs including several number-one hits, another artist who have recorded his work include Bryan White, an American country music artist?",7,2864.271883385668,False
The 1976 German Grand Prix was won by a driver who retired in what year?,7,2864.271883385668,False
What event at the Asian Junior Athletics Championships has men and women competing at the same time?,7,2864.271883385668,False
Which 1999 French Open - Women's Doubles runner-up was born in Russia on 7 June 1981?,4,1424.6899817918095,True
What is the length of the River which has Wild Horse Creek as a tributary ?,7,2864.271883385668,False
Are Manhattan West and Singer Building both projects in New York?,3,869.0830829186463,True
Who is the American internet entrepreneur who founded the company featured on 24 Hours on Craigslist?,1,498.6339382509491,True
"Between two tennis players Kim Clijsters and Mary Pierce, who is older?",0,270.7128447485479,True
Which American college that has sent students to Centre for Medieval and Renaissance Studies was founded in 1874?,7,2864.271883385668,False
"Hot Coffee, Mississippi sometimes shares a zipcode with a nearby city with what population at the 2010 census?",4,1424.6899817918095,True
Jo Ann Terry won the 80m hurdles event at what Sao Paulo-based event from 1963?,2,562.6258185867669,True
"Pearl Lowe and Alison Goldfrapp, is of which nationality?",1,498.6339382509491,True
Which British company whose majority of its business interests are in Asia was related to the London Based Trading house Matheson & Company?,1,498.6339382509491,True
"What man, also known as mi Sde-Or, created a military self-defense system developed for the Israel Defense Forces?",0,270.7128447485479,True
Do musicians Robert Fleischman and Jimmy Barnes have the same nationality?,0,270.7128447485479,True
"What is the name of this American multinational corporation that provides IT services, headquartered in New Jersey, that acquired Mirabeau?",0,270.7128447485479,True
When was Fannie Lee Chaney's son born?,6,3304.1354063100844,True
"The Canada Memorial in Green Park, London, United Kingdom, commemorates members of the Canadian Forces killed during the First and Second World Wars, the memorial was the result of lobbying and fund raising, much of it in Canada, by the former Canadian media tycoon Conrad Moffat Black, his title is what, of this British former newspaper publisher and author?",1,498.6339382509491,True
WNP-3 and WNP-5 were constructed by the agency formed in which year?,7,2864.271883385668,False
"he Central Harbourfront is a waterfront site it is the result of Central and Wan Chai Reclamation, and it sits to the east of the International Finance Centre (IFC), a skyscraper and an integrated commercial development on the waterfront of the Central District, of which territory?",0,270.7128447485479,True
What city does Bundestag and Reichstag building have in common?,0,270.7128447485479,True
"Which musician, Edwyn Collins or Jimmie Ross, played the bass guitar?",2,562.6258185867669,True
"what is the 3112 acre Pennsylvania state park that took over 11,000 to make due to the wave action of lake Erie called?",7,2864.271883385668,False
 Teri W. Odom is a member of a scientific journal first published in 2007 by who?,4,1424.6899817918095,True
What forensic psychiatrist consulted on numbers cases including one for a contract killer associated with the DeCavalcante crime family?,4,1424.6899817918095,True
"Which American singer-songwriter known as ""the Caruso of Rock"", recorded on the Monument Records label and had hits such as ""Pretty One,"" and ""Uptown""?",2,562.6258185867669,True
"The central character of ""The Adventures of Brer Rabbit"" was later adapted into which 1946 Walt Disney Company motion picture film?",0,270.7128447485479,True
Abraham Weinberg was a suspect in the killing of which Irish-American hitman?,2,562.6258185867669,True
 Benjamin Halfpenny was a footballer for a club that plays its home matches where?,7,2864.271883385668,False
"The 2000–01 NBA season was the Jazz's 27th season in the National Basketball Association, and 22nd season in Salt Lake City, Utah, after the retirement of Jeff Hornacek, the Jazz signed free agents John Starks, and who?",2,562.6258185867669,True
What was population of the city where the Dutch retired footballer Foeke Booy born?,7,2864.271883385668,False
In what year was the company that co-developed and distributed the BlackBerry DTEK60 founded?,4,1424.6899817918095,True
Who chaired the ceremony in which the film written by Canet and Philippe Lefebvre won the award for Best Film?,6,3304.1354063100844,True
"Mookychick is an independent daily online magazine and community with more than 100,000 readers a month and over 5,000 forum members, content includes analysis of current sociopolitical events, social and cultural trends, alternative fashion, movies, books, music and arts and crafts from a feminist perspective, in contrast with feminist publications and communities such as which women's lifestyle magazine that is published six times a year, and is published by Debbie Stoller and Laurie Henzel? ",0,270.7128447485479,True
Der Mond was composed by the man who was best known for what cantata?,7,2864.271883385668,False
Mackenzie Davis appeared in the 2013 Canadian romantic comedy film directed by whom?,2,562.6258185867669,True
The Developing Communities Project's first executive director was which former President?,7,2864.271883385668,False
"Jane's Addiction and Weeping Willows, play which genre of music?",0,270.7128447485479,True
"Throne of Glass is a young adult high fantasy novel series, by which bestselling American fantasy author?",7,2864.271883385668,False
"The largest ship in the ""Imperator"" class ocean liners had how many gross register tons?",2,562.6258185867669,True
Axle Whitehead was a part of an American comedy-drama television series that is a remake of the British series with the same name set in what city?,4,1424.6899817918095,True
Were both Joseph Roth and Cid Corman authors?,0,270.7128447485479,True
What was the event that Afghanistan competed in for the first time in 2017 officially known as?,7,3690.591627007379,False
Who was the director of the 2001 American romantic comedy film written by Marc Klein in which Lucy Gordon had a small role?,4,1424.6899817918095,True
What hamlet and census designated place was the location of the only pay-per-view Bunkhouse Stampede?,1,498.6339382509491,True
La Barredora was a gang that declared war on the leader of the cartel based where?,7,3690.591627007379,False
What year did the chairman of the Jenkins Commission die?,7,2864.271883385668,True
"Who was born first, Odysseas Elytis or Cornel West?",0,270.7128447485479,True
" ""Let Me Out"" is a song released as the fifth single from what band's fifth studio album ""Humanz"" which was recorded in London, Paris, New York City, Chicago, and Jamaica ?",7,4516.91137062909,False
Up to how far off can the Deal Timeball be from Coordinated Universal Time?,7,4516.91137062909,False
"Superheaven and Oceansize, are bands of which shared genre?",4,1424.6899817918095,True
What nationality was a  historical drama film directed by?,7,3690.591627007379,False
"Who has more scope of profession, Richard Ford or Robert E. Howard?",6,4109.226608892913,True
The American Aircraft Penetrator was modified from a helicopter produced by what nation's military?,0,270.7128447485479,True
"Canton Road Station was a planned railway station on the Kowloon Southern Link of West Rail Line, that was to run beneath a large shopping mall located where?",7,3690.591627007379,False
What South Korean sitcom starred a South Korean singer and actress who began her music career at the age of 15?,7,2864.271883385668,False
Ghostbusters is a song written and recorded by Ray Parker Jr. as the theme song for a movie starring a Canadian-American actor who was an original member of the Not Ready for Prime Time Players on what show?,0,270.7128447485479,True
"Gelatine was an airship piloted on September 19, 1905 by a pioneer American aviator and what?",7,2864.271883385668,False
"Which movie was released first, The Hunchback of Notre Dame or Saludos Amigos?",0,270.7128447485479,True
In what country did the repression of citizens by a dictator during the period of 1973 to 1990 occur?,0,270.7128447485479,True
The mother of the vice chair of Hillary Clinton's 2016 campaign for President is the director of what institue?,7,3690.591627007379,False
"Michael Ralph DeVito (born June 10, 1984) is a former American football defensive end, he  the National Football League (NFL), DeVito attended high school at Nauset Regional High School an NEASC accredited high school located in North Eastham, in which state?",0,270.7128447485479,True
"""Apocalypic"" is a song sung by Lizzy Hale from which group? ",2,562.6258185867669,True
Ted Sutton plays Sergeant Cunningham in a2002 film that stars Mel Gibson as what character?,7,2864.271883385668,False
"Who is the former professional tennis player from Italy, Chris Evert or Mara Santangelo?",0,270.7128447485479,True
Who directed a film that included Sarah Manninen?,7,2864.271883385668,False
"The republic with the smallest population of all the members of the Council of Europe is one of few places in Europe where a species of beetle cannot be found, that wew originally described in 1809 by whom?",7,3690.591627007379,False
"At the 2011 census, what was he population of the city where Kerry Saxby-Junna was born?",7,2864.271883385668,False
"How many German scientists, engineers, and technicians, were recruited in post-Nazi Germany as a result of the clandestine operation where Arthur Rudolph became one of the main developers of the U.S. ?space program",7,2864.271883385668,False
 Marion is approximately 50 mi north of a city that is the third-most populous what in the U.S.?,7,4516.91137062909,False
Jayantabhai Ki Luv Story includes a lead role for the film actress and model who is a native of what city?,7,2864.271883385668,False
"Which is currently more valuable, Temagami-Lorrain Mine or Meadowbank Gold Mine?",0,270.7128447485479,True
St James Street appears as a segment of Whitecross Street on the 1610 map of the Monmouth by an English historian best known as a mapmaker of what perior?,4,1424.6899817918095,True
The Pineground Bridge formerly carried Depot Road over the Suncook River into a town with a population of what?,7,2864.271883385668,False
"Which city is the American rock band, that released their album on March 19, 2012, from?",7,2864.271883385668,False
The Rossendale Free Press serves the town how far north of Manchester?,7,2864.271883385668,False
Which american president's father was a farmer and he was a former US representative from NY?,7,2864.271883385668,False
The End of the Innocence was a single by which former member of the Eagles?,7,3690.591627007379,False
What suburban county on Long Island and the easternmost county in the U.S. state of New York is the location of a village called Lindenhurst?,0,270.7128447485479,True
Which Lightweight division mixed martial artist founded the American Combat Association?,2,562.6258185867669,True
Which video game producers worked with an English film director to produce a film about sports?,2,562.6258185867669,True
Who won a Nobel Prize in 1943 and is associated with Max Volmer?,7,2864.271883385668,False
Who was born first Neil LaBute or H. Bruce Humberstone?,0,270.7128447485479,True
Were Eatza Pizza and Your Pie founded in the same state?,0,270.7128447485479,True
Who is younger Mary Ramsey or Lee Ranaldo ?,3,869.0830829186463,True
What type of species is a Boreo-arctic Montane species found in the most northerly of the abstract five major circles of latitude as shown on maps of the Earth?,7,3690.591627007379,False
What year was the thesis supervisor of Jocelyn Bell Burnell awarded the Eddington Medal?,4,1424.6899817918095,True
"What musical genre was the song that, according to Annet Artani, inspired the Britney Spears song ""Everytime""?",3,869.0830829186463,True
British band The Wanted's third album includes a song with a title about which Barbadian superstar?,0,270.7128447485479,True
"Jonas Hummels is the younger brother of a German professional footballer who plays for the German national team, and who else?",7,2864.271883385668,False
How many test centuries did the grandfather of Fabian Cowdrey make for England ?,2,562.6258185867669,True
Anti-Semetism in the 21st Century: The Resurgence was hosted by a journalist and writer who is an anchor of what show?,0,270.7128447485479,True
Which of the following is best known for publicly championing a terminal patient's right to die via physician-assisted suicide: Christy Canyon or Jack Kevorkian?,0,270.7128447485479,True
The plaintiff in the civil suit Paul v. Clinton was born in which year ?,2,562.6258185867669,True
How long was the rule of the dynasty that was active when the Rosetta Stone was inscribed?,4,1424.6899817918095,True
Sojourners and KO Magazine share what publication format?,6,2499.044203727256,True
"At which stadium does the team, for which Baltimore's Marching Ravens is the official marching band, play its home games?",0,270.7128447485479,True
"The John Messer Barn is a historic structure within the Great Smoky Mountains National Park in Sevier County, Tennessee, this barn is a different Messer Barn in which valley, in the Great Smoky Mountains of North Carolina, located in the Southeastern United States?",1,498.6339382509491,True
"The NBC-affiliated television station, owned by an American telecommunications company whose founder is Julian Sinclair Smith, called WJAR is more commonly known as what?",0,270.7128447485479,True
What nationality is the actress who played the role of Sam Sloan's wife Trudy in the sitcom The Single Guy ?,2,562.6258185867669,True
"What shopping mall is the largest in south Texas, Malle del Norte or La Plaza Mall?",1,498.6339382509491,True
"Who is the mother of the prince that had allegations made against him related to the lawsuit ""Two Jane Does v US""?",7,2864.271883385668,True
In between Memphis International Airport and Southwest Georgia Regional Airport which one is in Tennessee?,0,270.7128447485479,True
"Which airport is closer to Cleaveland, Ohio, Luis Muñoz Marín International Airport or Rickenbacker International Airport?",0,270.7128447485479,True
What profession do Kōbō Abe and Agatha Christie share?,7,2864.271883385668,False
What all female high school is located in a town in Sunyani West District  in the Brong-Ahafo Region of Ghana?,7,3690.591627007379,False
"Jinchang and Liling, are located in which country?",0,270.7128447485479,True
What type of vegetation does Fothergilla and Clerodendrum have in common?,7,2864.271883385668,False
What are the plants in the same genus as the Dendranthema boreale sometimes called?,7,2864.271883385668,False
Who is the composer Howard Ashman worked with on his musical released in 1982? ,0,270.7128447485479,True
What actor portrayed a character in a television series about a fictional race of superhumans appearing in American comic books published by Marvel Comics?,7,3690.591627007379,False
What comic book published the female superhero created by J. H. Williams III?,7,2864.271883385668,False
What country of origin does Nick Kroll and Get Him to the Greek have in common?,7,2864.271883385668,False
"The character portrayed in ""Giuliani Time"" is a real-life informal adviser to the White House in which area?",2,562.6258185867669,True
Thomas Harris is a novelist who is famous for creating which character?,0,270.7128447485479,True
"Who founded the college attended by Thomas Balston, member of the Whatman paper-making family?",6,3304.1354063100844,True
Joh Bruce Yeh founded a chamber ensemble who won a Grammy in 1985 for their recording of this work based on what Rusian folk tale?,7,4516.91137062909,False
"Which director is American, Mark L. Lester or Ken Loach?",0,270.7128447485479,True
Kerrygold Irish Cream Liqueur is owned by a company that mainly sells what type or product?,0,270.7128447485479,True
The USS LST-510 is a ferry between New London and Orient but what is the population of Orient?,2,562.6258185867669,True
"Which band has more members, Muse or The Raconteurs?",1,498.6339382509491,True
Titus is the soundtrack to the film that starred which actors?,2,562.6258185867669,True
"The producer of The Wreckage of Stars also produced albums for Texas in July, Everclear, and what other American metalcore band from Lancaster, Pennsylvania?",2,562.6258185867669,True
"What magazine an American monthly food and lifestyle magazine founded in 1987, Cooking Light or Hot Rod?",0,270.7128447485479,True
"Which tennis player has received a higher World singles ranking, Xavier Malisse or Virginia Wade?",5,1864.9011340246145,True
"Atoms for Peace are an English-American experimental rock supergroup comprising Radiohead singer Thom Yorke, is an English musician and composer, best known as the singer and principal songwriter of which band?",0,270.7128447485479,True
What was the year founded of the football team that Aaron Galindo is currently a part of?,7,2864.271883385668,False
What is the nationality of the singer-songwriter who wrote the poetry collection Early Work ?,2,562.6258185867669,True
Where does Lance Stephenson of the Indiana Pacers basketball team play his home games?,0,270.7128447485479,True
Where did the father of Maria Brontë spend most of his adult life?,1,498.6339382509491,True
What is the name of the architect who designed the Lincoln Memorial dedicated in 1922?,0,270.7128447485479,True
Toronto's Insight Sports is partially owned by what Canadian businessman?,7,3690.591627007379,False
Who was born first George Marshall or Allan Dwan ?,0,270.7128447485479,True
"The 2005 documentary ""The Aristocrats"" was dedicated to a comedian that received how many Emmy Awards?",4,1424.6899817918095,True
The Nike Mercurial Vapor is a football shoe worn by which Colombian striker?,7,2864.271883385668,False
Lendley C. Black is Chancellor of a university offering how many majors?,7,2864.271883385668,False
West Ridge and the ridge that has IndependenceAvenue/Liberation Avenue as its eastern boundary are separated by what road? ,1,498.6339382509491,True
What is the historical name of the acid that dissolves phenazine?,7,2864.271883385668,False
"Who completed more books in their lifetime, Anne Frank or John Kennedy Toole?",0,270.7128447485479,True
"Die Meistersinger von Nürnberg and Iphigénie en Aulide, are which type of music drama?",0,270.7128447485479,True
"What side of town is the Chicago Mayer-endorsed, 38th Ward of the City of Chicago alderman serving?",2,562.6258185867669,True
What American professional basketball player born in 1986 was awarded the Dave Gavitt Trophy during the 2007 Big East Men's Basketball Championship? ,7,2864.271883385668,False
Where is the company that built Woodvale Historic District located?,7,2864.271883385668,False
"The Time: Night, is a novella by which Russian writer, novelist and playwright?",1,498.6339382509491,True
From what country are both Maurice Newman and Macquarie University? ,0,270.7128447485479,True
Were Up and The Watercolor released in the same year?,7,2864.271883385668,False
Which mentor in the 3rd Sa Re Ga Ma Pa Challenge died in Kokilaben hospital?,7,3690.591627007379,False
"What city is located in Gauteng, South Africa with a suburb called Kew?",0,270.7128447485479,True
"What electronic band's  song ""Dangerous"" was certified gold by the RIAA in May 2015?",2,562.6258185867669,True
Are David Gordon Green and Larry Hagman both actors?,3,869.0830829186463,True
For which North American auto racing series launched by the Sports Car Club of America does Jack Baldwin drive a Porsche Cayman S?,2,562.6258185867669,True
Are Calochone and Adlumia both plants?,0,270.7128447485479,True
What year was the English actor and film producer born in who also starred in an adaptation with Renee Zellweger?,3,869.0830829186463,True
"Who's the Hungarian-born US film director renowned for adapting Stephen King novellas to the screen, including The Mist and The Green Mile?",0,270.7128447485479,True
" Which species, Cardwellia or Ochagavia, is native to South America?",0,270.7128447485479,True
Are Grasshopper and Sake bomb both types of drinks?,2,562.6258185867669,True
"Donington School F.C. was an English football club, based in which large village and civil parish in the South Holland district of Lincolnshire, England?",3,869.0830829186463,True
Who achieved fame starring alongside John Richard Schneider in a television series?,2,562.6258185867669,True
"Who was born first, Joe Manganiello or Kirk Kerkorian?",0,270.7128447485479,True
Lee Il-hyung's first feature film was released by which company ?,6,3304.1354063100844,True
"Rick Seibold has worked with what artist known for her role in ""Big Time Rush""?",3,869.0830829186463,True
"Where is the band that wrote ""The Drug in Me Is You"" based in?",4,1424.6899817918095,True
Who wrote and directed the film in which Adam Beach played Slipknot?,2,562.6258185867669,True
"Alamgir joined Meesha Shafi, Strings, Ali Azmat and Shahzad Hasan as a judge on which popular show?",1,498.6339382509491,True
What network is the reality TV Show that features American former professional baseball left fielder who played 22 seasons in Major League Baseball (MLB) with the Pittsburgh Pirates and San Francisco Giants?,2,562.6258185867669,True
What is the name of the Los Angeles resident who directed a 2016 American superhero film about a surgeon who learns the mystic arts after a career-ending car accident?,2,562.6258185867669,True
Emprise Bank has branches in a city situated along what river?,7,2864.271883385668,False
Who represents the district that Gawthorpe is in?,7,2864.271883385668,False
"George Palmer Putnam, was an American publisher, author and explorer, known for his marriage to who, which American aviation pioneer and author, and was the first female aviator to fly solo across the Atlantic Ocean?",0,270.7128447485479,True
Emma Rose Kenney's roll in a Blue Sky Studios produced film earned how much money?,7,2864.271883385668,False
The President of Egypt that changed the Hamayouni Decree was born in what year?,0,270.7128447485479,True
Is Lysichiton and Ageratum geus in the same family?,0,270.7128447485479,True
A 2001 Indian epic sports-drama film starred an actor who was also know for his role in what 1999 movie?,7,3690.591627007379,False
"Huddersfield Giants R.L.F.C. are an English professional rugby league club from Huddersfield, West Yorkshire, the birthplace of rugby league, who play in the Super League competition, they play their home games at the Kirklees Stadium which is shared with Huddersfield Town F.C., is a multi-use sports stadium in Huddersfield in West Yorkshire, in which country?",0,270.7128447485479,True
"Javier Mora, is a Mexican boxer in the Heavyweight division, he was defeated by Alexander Vladimirovich ""Sasha"" Povetkin, by a 5-round TKO, in which country?",1,498.6339382509491,True
"Dixit Dominus is a psalm setting by who, which was a German, later British, baroque composer who spent the bulk of his career in London, becoming well known for his operas, oratorios, anthems, and organ concertos?",0,270.7128447485479,True
Who is the Russian figure skater who danced with a Russian pair skater and in 1988 and 1994.,4,1424.6899817918095,True
It Takes a Family is a response to this 1996 book that was published by who,1,498.6339382509491,True
The 2016 Washington State Cougars were led by the coach who previously helmed which other team?,7,2864.271883385668,False
"The San Diego Gulls are a professional ice hockey team in the American Hockey League (AHL) which began playing in the 2015–16 season, the Gulls play their home games at which indoor arena located at Sports Arena Blvd in Point Loma, San Diego?",0,270.7128447485479,True
Which show connects Arthur Darvill and Matt Smith?,0,270.7128447485479,True
"The Acolytes Protection Agency consisted of what wrestler born November 29, 1966",2,562.6258185867669,True
"Which K283BV artist is from Columbus, Ohio?",2,562.6258185867669,True
"What host of The Voice UK was in ""Doctor Who""?",7,2864.271883385668,False
What era was the man associated with Fanny Talbot the leading art critic of?,2,562.6258185867669,True
Who wrote the song that caused the Columbia Kingsmen to change their name to Sha Na Na?,4,1424.6899817918095,True
"Which guest who appeared in the album ""Animal Ambition"" was born with the name Albert Johnson? ",7,2864.271883385668,False
In what city was the rock band formed which was paid tribute by Listen Without Distraction? ,3,869.0830829186463,True
What is found in Prochlorococcus and essential for photosynthesis?,0,270.7128447485479,True
"In which theatre in Los Angeles did the late-night talk show host of ""Chelsea Lately"" host the 2010 MTV Video Music Awards?",2,562.6258185867669,True
"Brian Keith ""Herbie"" Flowers, is an English musician specialising in electric bass, double bass and tuba, he has contributed to the recording Give My Regards to Broad Street is the fifth studio album by who, as well as the soundtrack album to his 1984 film of the same name?",1,498.6339382509491,True
The First Silesian war was fought against the King of Prussia who died in what year?,0,270.7128447485479,True
"The Chandrasekhar limit was named after an astrophysicist, what is the name of his uncle of which is also a novel laureate?",0,270.7128447485479,True
What is the meaning of Trevor Prangley's other division the fought in aside from Light Weight?,7,2864.271883385668,False
"Who acted in ""Shanghai Knights"" and voiced Lightning McQueen in the ""Cars"" franchise?",2,562.6258185867669,True
Which event was a surprise military strike by the Imperial Japanese Navy Air Service while Magruder Hill Tuttle was a senior officer in the United States Navy?,0,270.7128447485479,True
"Simone Kirby is an Irish actress, her credits include as Tracey Moynihan in which Irish dramatic television series broadcast, on RTÉ Television, the show aired between 2010 and 2014?",2,562.6258185867669,True
Who did the professional tennis player currently ranked World No. 1 in men's singles defeat in the 2017 Barcelona Open Banco Sabadell - Singles?,2,562.6258185867669,True
Which league does the 2010 head coach of the SMU Mustangs football team currently coach in?,7,3690.591627007379,False
Device – Voice – Drum is the fourth live album by a band that produced how many gold albums?,4,1424.6899817918095,True
"The band that released the album ""Let's Cheers to This"" is from what Florida city?",7,2864.271883385668,True
Which breed of dog is now extinct: Chinese Crested Dog or the Chien-gris?,0,270.7128447485479,True
Which African-American composer co-wrote Air?,7,2864.271883385668,False
"Anil V. Kumar,  is a television and film director and producer in India, his production house, Flying Turtle Films co-produced the movie ""Zanjeer"" starring Priyanka Chopra and which actor, and entrepreneur, who works in Telugu cinema?",2,562.6258185867669,True
"On what date did a Canadian politician born January 2, 1979, succeed as leader of the New Democratic Party in Canada? ",7,3690.591627007379,False
Which was available first the No Card or the Octopus card?,0,270.7128447485479,True
What is the phrase that is commonly used on the day which is observed on 25 April each year?,7,2864.271883385668,False
"Which band's song was used as the theme at the Pepsi Arena on January 8, 2006?",7,2864.271883385668,False
The Colts' first ever draft pick was a halfback who won the Heisman Trophy in what year?,2,562.6258185867669,True
The Grand Lodge of the Republic of Liberia is based on a branch of North American Freemasonry founded on what date?,2,562.6258185867669,True
"The first female board member for the Liberal Party, she was born in which county in Norway?",2,562.6258185867669,True
Mary Small served the county whose seat is what town?,2,562.6258185867669,True
What 1998 film with Arthur Nascarella was directed by Tony Scott?,0,270.7128447485479,True
"In the draft of the 2017–18 Phoenix Suns season, The Phoneix Suns picked which player that played one season for the Kansas Jayhawks?",0,270.7128447485479,True
Which Byron Edmund Walker founded institution was originally controlled by the Church of England?,4,1424.6899817918095,True
The weapon BFG is found in which game developed by id Software ?,0,270.7128447485479,True
Which court case concerned the president of the Foundation of Moral Law and a stone monument of the Ten Commandments?,7,3690.591627007379,True
The 2016 Liberty Bowl was sponsored by a company based in what city?,0,270.7128447485479,True
in the 2003-04 Wolfsburg signed a starlet from River Plate who plays in what position ?,7,2864.271883385668,False
"American actor, Peter Hansen, best known for his role on General Hospital, also starred in The War of the Roses with American film and stage actress and director who has won how many Golden Globe Awards?",0,270.7128447485479,True
Arthur Noss won a Military Cross as the gunner of a soldier born in which year ?,7,2864.271883385668,False
"Who produced the movie that ""Puss in Boots: The Three Diablos"" is the sequel of?",0,270.7128447485479,True
On which former estate was the venue of Aloha from Hawaii Via Satellite located?,7,3690.591627007379,False
Where is the record company based that was co founded by the frontman of Minor Threat and Fugazi?,0,270.7128447485479,True
"Kiawah Island, South Carolina was mentioned in ""Porgy and Bess,"" composed by the man best known for which other 1924 orchestral composition?",0,270.7128447485479,True
"Richard Yates published a work by the name of ""Eleven Kinds of Loneliness"", one of Italo Calvino's best known works was of the same genre and named what?",7,3690.591627007379,False
"Extras, is a British sitcom about extras working in television, film, and theatre, the series was co-produced by the BBC and HBO and was created, written, and directed by Ricky Dene Gervais, an English comedian, actor, writer, producer, director, singer, and musician, born on which date?",0,270.7128447485479,True
Are Patrick White and Katherine Anne Porter both writers?,0,270.7128447485479,True
Who directed a 2016 musical filmed in Howth?,4,1424.6899817918095,True
Son of Paleface starred the comedian and vaudevilian of what nationality?,0,270.7128447485479,True
What television series did the actor that Penny Layden performed with in The Libertine star in and subsequently became a teen idol?,7,3690.591627007379,False
What network did the show on which Kim Roberts played Neeva air on?,2,562.6258185867669,True
Which rivalry were involved in the chant referring to the United Kingdom's Victories of the First and Second World War?,7,3690.591627007379,False
Marpessa Hennink modeled fashions created by which two Dolce & Gabbana founders and designers?,0,270.7128447485479,True
Formally the Games of the XXX Olympiad what sports event did Dirkie Chamberlain represent her country?,2,562.6258185867669,True
"""Touch"" is a song from an album released under which labels ?",7,6995.870601494227,False
When was the stadium Wollongong Wolves Football Club plays at opened?,2,562.6258185867669,True
"Irma Pamela Hall, an American actress who has appeared in numerous films and television shows since the 1970s, and is best known for playing matriarchal figures including in which 2004 American black comedy thriller film directed by Joel and Ethan Coen?",2,562.6258185867669,True
"From an Andrey Zvyagintsev drama, which American city did the actual events upon which the drama is based take place?",7,2864.271883385668,False
Alan Furst and Lee Child are what?,7,4516.91137062909,False
"Tenth Avenue Freeze-Out  is the second song on which of Bruce Springsteen's breakthrough album, that is the third studio album by American singer-songwriter Bruce Springstee?",0,270.7128447485479,True
What New York county is Hartland Swamp Wildlife Management Area located in?,1,498.6339382509491,True
In what city did Duane Swank get his PhD?,2,562.6258185867669,True
Which publication is published more often: Modern Drummer or Bookmarks?,0,270.7128447485479,True
"Which actress plays both Iris Carr in The Lady Vanishes, and Riley Blue in Sense8?",2,562.6258185867669,True
Mindless Self Indulgence and Tappi Tíkarrass are both what?,0,270.7128447485479,True
"Tothill Fields was an 18th-century area of Westminster in the county of Middlesex, a historic county in south-east region of which country?",0,270.7128447485479,True
What quarterback for the Atlanta Falcons did Baker Mayfield win the starting job at Oklahoma over?,1,498.6339382509491,True
"Terenzo is a city in the Province of Parma, which region of Italy is Terenzo located in?",7,2037.9521397639564,False
When was the  Prime Minister of India after which V. K. Krishna Menon was regarded as the second most powerful man in India born?  ,7,2864.271883385668,False
The Colombian airline that has been the national airline and flag carrier of Colombia since 1919 is wholly owned by a company headquartered in what country?,7,3690.591627007379,False
What is the approximate population of the country that Koularo lies in?,7,2864.271883385668,False
"What actor in Holding the Fort is also known for being a television presenter for shows ""Game for a Laugh"", ""You Bet!"" and ""Stars in Their Eyes""?",6,3304.1354063100844,True
"What other band was featured on the cover page of the Alternative Press magazine for the ""100 Bands You Need to Know in 2010"" alongside The Cab discography and Never Shout Never? ",2,562.6258185867669,True
In what year did the English actor from the film The System die?,7,6169.550857872515,False
One of the football forwards who plays for SC Pinkafeld is from which European country that borders Austria?,0,270.7128447485479,True
"What is the birthdate of this Count of Luxembourg and King of Bohemia, who was father of Psalter of Bonne de Luxembourg?",7,2864.271883385668,False
Are both Simon Wincer and Patrice Leconte film directors?,0,270.7128447485479,True
Who wrote the song that was sung to the famous tune of the composer known as the Father of the Symphony?,7,4516.91137062909,False
what the real name of the welsh electronic music producer DJ who have been visited the night club called Flex in vienna hundreds of times?,6,4109.226608892913,True
Nakayama Miho no Tokimeki High School included music by the composer best known for the games by what company?,0,270.7128447485479,True
What was the 2011 population of the unitary authority area that includes the village Eastoft?,7,2864.271883385668,False
Robinsons and Pocari Sweat are both what kind of product?,2,562.6258185867669,True
 Rani Silautia is an Indian politician from a party having links with which Hindu nationalist organization ?,7,2864.271883385668,False
"What is a resort and National Historic Landmark in Palm Beach, Florida, built from 1924 to 1927 by cereal-company heiress and socialite Marjorie Merriweather Post, that has Magazines available for free to members of the resort?",0,270.7128447485479,True
Did both Carl Boese and Franco Zeffirelli direct and produce film?,2,562.6258185867669,True
"Route 146, Interstate 890, and what other highway all run through Schenectady, New York?",7,2864.271883385668,False
"Who won the election that ran concurrently with the North Dakota gubernatorial election, 2016?",3,869.0830829186463,True
Who released the album with a single which originally reached number 60 on the UK Singles Chart in 1997?,7,3690.591627007379,False
What was the official name for the draft that Thomas E. O'Donnell was a public opponent of?,7,2864.271883385668,False
"The creation of Fontana Lake submerged Proctor, North Carolina and what other town?",1,498.6339382509491,True
"Which air force base is the headquarters for the Eastern Air Defense Sector and located 12 mi east of Panama City, Florida?",0,270.7128447485479,True
"What vehicle, introduced for model year 2006, does Patrick Carpentier currently drive in the NASCAR Sprint Cup Series?",3,869.0830829186463,True
When was the company that publishes the journal Magnetic Resonance Imaging established ?,4,1424.6899817918095,True
"Ian Hunter and Stuart Murdoch, have which musical occupation in common?",2,562.6258185867669,True
"Signet Jewelers owns what Delaware based retailer, along with Kay and Jared?",7,2864.271883385668,False
Since when has the automobile driven by Garrett Smithley for MBM Motorsports been sold?,7,3690.591627007379,False
Who was the husband of the first olympic gymnast to be awarded a perfect score of 10.0?,2,562.6258185867669,True
What other real life boxer did Mike Williams act with in Rocky V?,2,562.6258185867669,True
"Spaceballs is a 1987 American comic science fiction film co-written, produced and directed by Mel Brooks, the film also features which American actor, businessman, and animal welfare advocate, best known for his role as patriarch Tom Bradford on the ABC television comedy-drama ""Eight Is Enough""?",7,2864.271883385668,False
"What Dutch DJ did Richard Bedford collaborate with on the album ""Intense""?",1,498.6339382509491,True
 Is Advanced Micro Devices or Level 3 Communications headquartered further west?,4,1424.6899817918095,True
Wayne's World featured the actor who was a member of what Chicago comedy troupe?,0,270.7128447485479,True
Tulapur is a village in which second largest city in Maharashtra?,0,270.7128447485479,True
Peter Bakovic played for which National Hockey League team?,1,498.6339382509491,True
"Who is older, Vincent Walker or David Usher?",3,869.0830829186463,True
"Yukio Mishima and Roberto Bolaño, are Chilean?",0,270.7128447485479,True
What telenovela inspired the TV show that the band Eme 15 was formed on in 2012?,7,2864.271883385668,False
"Who released their second album with a band from Louisville, Kentucky?",7,3690.591627007379,False
Who is married to Jim Tomlinson and released an album entitled Raconte-moi?,1,498.6339382509491,True
What sport did Jack Sock and Raffaella Reggi play?,0,270.7128447485479,True
"Heartbreak Express, Dolly Parton's 24th solo studio album, featured this re-recording of what song, originally recorded in 1973 and featured in the ""Best Little Whorehouse in Texas Soundtrack""?",2,562.6258185867669,True
"In which theatre of New York City did a play, described as Marxism but using the figure from a Christmas pantomime in the United Kingdom, perform?",7,2864.271883385668,False
"The university who was led to six national championships by Paul ""Bear"" Bryant, had its first ever Heisman Trophy winner drafted by what NFL team?",2,562.6258185867669,True
"Which actor starring in ""Lisa Picard Is Famous"" was born in Douglas County?",2,562.6258185867669,True
"What is based in Sankt Ulrich bei Steyr, Austria? ",1,498.6339382509491,True
"What is the name for the regulatory body of over 25,000 football clubs in Germany?",7,2864.271883385668,False
"Which was halted by a natural disaster, Camlaren Mine or Barton Mine?",7,4516.91137062909,False
Where is the company based that sold Vodafone it's New Zealand operations?,7,2864.271883385668,False
" ""The Twentieth Century is Almost Over"" was re-recorded five years later by Cash and Waylon Jennings,  Kris Kristofferson, and  Willie Nelson, one of the most recognized artists in what type of music?",0,270.7128447485479,True
"Charles Hutchison and Reginald Barker, have which mutual occupation?",3,869.0830829186463,True
Was Beyond the Gates of Splendor or Jesus Camp released first?,2,562.6258185867669,True
"Tura Beach, New South Wales is a suburb of a town that had what population at the 2016 census?",4,1424.6899817918095,True
How many stores are in the major shopping centre that is served by the Garden City bus station?,2,562.6258185867669,True
Padgate is a suburb of an english town on the banks of the River Mersey whose population was estimated to be 208800 in 2016 but in which unitary authority area is it located?,7,2864.271883385668,False
"What band originally from Tucson, Arizona and currently from Albany, New York released their first album in 2000?",7,3690.591627007379,False
Are Randal Kleiser and Kyle Schickner of the same nationality? ,2,562.6258185867669,True
Barbara Jordan and Mark Knowles are both what?,3,869.0830829186463,True
Was the president who appointed Thomas C. Mann a democrat or a republican?,2,562.6258185867669,True
Walter O'Brien was played by which English actor?,1,498.6339382509491,True
"What  teen sex comedy film written by Adam Herz and directed by brothers Paul and Chris Weitz, starred an actor best known for her role as Jessica ?",0,270.7128447485479,True
"The Sia song ""Never Give Up"" is from the soundtrack of a film that is based on what non-fiction book?",4,1424.6899817918095,True
What two skills do Lee Hong-gi and Dee Snider have in common?,7,2864.271883385668,False
What area is the species of Spruce which can be found in Rensselaer Plateau native to?,4,1424.6899817918095,True
United 300 and 300 were both made in what country?,7,2864.271883385668,False
"1979, is a song by American alternative rock band, the Smashing Pumpkins, the second single from their third studio album, was released on October 23, 1995 in the UK, is titled?",2,562.6258185867669,True
"Lookwell was a television pilot written and produced by Conan O'rien and Robert Smigel, and was a personal favorite of what American television executive who was president of NBC from 1980-1991?",2,562.6258185867669,True
Where is the globe that succeeded the Globe of Peace as the world's largest rotating globe located?,2,562.6258185867669,True
"Bath School of Art and Design is an art college in Bath, England, it forms part of the Bath Spa University, a public university in Bath, England, with its main campus based at Newton Park on which location?",2,562.6258185867669,True
"Are both Nasdaq, Inc. and Citrix Systems catering to the same customer bases?",0,270.7128447485479,True
Are George Avakian and Bobby Managoff both record producers?,7,2864.271883385668,False
"Benji is an upcoming American drama film written, co-produced and directed by who, and is a reboot of the 1974 film of the same name?",1,498.6339382509491,True
"The man that had a single titled ""That's My Pa"" played what character in the film ""High Noon""?",4,1424.6899817918095,True
Barclay Henley was born in a city whose population at the 2010 census was what?,7,2864.271883385668,False
Tess Asplund fought against the Neo-Nazi movement that existed in which countries?,7,2864.271883385668,False
"The Pantanal is a mid-size pickup truck made by the Brazilian off-road vehicle manufacturer Troller Veículos Especiais S/A, a manufacturer of off-road vehicles in which country, from 2006 to 2008?",0,270.7128447485479,True
Where is the there a small medevial castle,7,3690.591627007379,False
What is the name of this policy of favoring members of a disadvantaged group who suffer or have suffered from discrimination within a culture of which Black Economic Empowerment is a form? ,0,270.7128447485479,True
The 32nd TCA Awards were hosted by a  Mexican actor best known for his roles as Fernando Mendiola in what?,3,869.0830829186463,True
"Are the documentaries Welcome to Durham, USA and The Agronomist both about Durham, North Carolina?",0,270.7128447485479,True
"Which member of the band Bad Seeds was older, Anita Lane or Nick Cave?",0,270.7128447485479,True
"Which close friend of George Washington, Alexander Hamilton, and Thomas Jefferson, did a scion of the Huger family of South Carolina attempt to rescue?",7,3690.591627007379,False
John Severin was an American comics artist who had a 45 year stint with the magazine Cracked that was founded in what year?,0,270.7128447485479,True
Rags Ragland died how many years after starring in Meet the People?,7,2864.271883385668,False
Do filmmakers Chris Carter and Theo van Gogh share the same nationality?,0,270.7128447485479,True
What genre is The Warriors Gate?,0,270.7128447485479,True
Brutti di notte is a parody of the film starring which actress?,2,562.6258185867669,True
What poem by this writer born in September 1872 was used in devotional and spoken word recordings?,1,498.6339382509491,True
Rhodochiton and Platystemon are both genuses of what kind of life form?,2,562.6258185867669,True
How much is the company that Jessica Alba is associated with worth as of 2015?,2,562.6258185867669,True
James Mulgrew is the star of which comedy sketch show?,7,2864.271883385668,False
 Elkhan Mammadov is the project leader for the bid for which quadrennial competition?,1,498.6339382509491,True
"Q: What venue, also called the ""Convent Garden,"" did Adrian Boult conduct for?",7,2864.271883385668,False
Jess Weixler starred in what comedy-horror film directed by Mitchell Lichtenstein?,1,498.6339382509491,True
"Who directed he Paris Opera Ballet from 1983 to 1989 and its chief choreographer until October 1992, and he gave the tittle of étoile to a member of the Paris Opera Ballet from 1978?",2,562.6258185867669,True
Which airline founded by Frank Lorenzo was affected by a strike in 1989?,7,2864.271883385668,False
What 2001 novel by Britney Spears is dedicated to an American author and mother of film and television producer Bryan Spears and country singer Jamie Lynn Spears?,2,562.6258185867669,True
What county named for a hero in the French and Indian War and a general in the American Revolutionary War is represented by Assemblyman Kevin Byrne?,5,1864.9011340246145,True
"Rob Jenkins is an Australian actor, which of his movies, was a 2014 science fiction thriller film?",2,562.6258185867669,True
"What Carnegie library building located in the most populous city in Kansas was built in 1915, and listed on the National Register of Historic Places in 1987?",4,1424.6899817918095,True
The Centralia Massacre was committed by which pro-Confederate guerrilla leader?,1,498.6339382509491,True
"What football club has won 3 UFEA Super Cups, and has also employed Scottish footballer Hugh ""Hughie"" Clifford?",7,2864.271883385668,False
Garth Jennings and Lee Cheol-ha shared what occupation?,1,498.6339382509491,True
When was the record producer that produced Love Has Come for You born? ,7,2864.271883385668,False
"How many weeks did the lead single from Culture Beat's second studio album spend at number one on the ""RPM"" Dance chart in Canada?",7,3690.591627007379,False
"Walloon Legion, a collaborationist volunteer unit, that served on the Eastern Front, in which war?",0,270.7128447485479,True
"Before finishing her feature film, Something's Got to Give, when did American actress, model and one of the most popular sex symbols of the 1950s, Marilyn Monroe die?",2,562.6258185867669,True
"Which was released second, Charley and the Angel or Planes?",0,270.7128447485479,True
Which of the following documents the issues of the LGBT community: Pride Divide or The Big Melt?,0,270.7128447485479,True
Silent Möbius is heavily influenced by the movie directed by whom?,0,270.7128447485479,True
What number album of Taylor Swift did Colbie Marie Caillat win a Grammy for?,7,3690.591627007379,False
"Who was born first, Martin Heidegger or Lydia Davis?",0,270.7128447485479,True
Mike Gibbons won the middleweight championship after the previous champion was found murdered where?,7,4516.91137062909,False
Are Thums Up and Mott's based in the same country?,0,270.7128447485479,True
What roles does American actress which  Manfish featured in  the motion picture debut of do play,7,2864.271883385668,False
"Which genus has more species, Fir or Chelone?",7,2864.271883385668,False
John Kassir and Tom Kenny both voice this one character?,2,562.6258185867669,True
What year did the the German composer whose compositions are in The Individualism of Gil Evans die?,2,562.6258185867669,True
At which laboratory was Carsten Olsen employed as an assistant to the Danish chemist who introduced the concept of pH?,0,270.7128447485479,True
What nationality is the male lead of the film Fishtales?,2,562.6258185867669,True
What German automotive marque does the high-performance aftermarket tuning company Brabus specialize in?,7,6995.870601494227,False
Which 20th Century Fox film cast Zazie Beetz as Domino?,1,498.6339382509491,True
Which American animated television series created by Trey Parker and Matt Stone features a character called Butters who thinks up schemes to take over the world in its 86th episode?,0,270.7128447485479,True
"Which stadium hosts the rivalry game between the all-male, historically African American College located in Atlanta and Tuskegee?",4,1424.6899817918095,True
Do both Juniper and Indigofera belong to the cypress family Cupressaceae?,0,270.7128447485479,True
Who is the current world record holder in high jump and uncle of Lorenzo Sotomayor Collazo? ,0,270.7128447485479,True
"What film director is from Great Britain, Miloš Forman or Alex Cox?",0,270.7128447485479,True
What Category 5 hurricane cause the Sqannanoa River to flood?,7,2864.271883385668,False
Navarone Garibaldi is the half-brother of a singer who has been married how many times?,7,3690.591627007379,False
What was The original name of the Football club Samuel Johnson moved to in 1901? ,7,3690.591627007379,False
Both the Drever and Finnish Hound are two dog breeds that are bred for what purpose?,7,2864.271883385668,False
"Who has won more Grand Slam doubles titles, Elizabeth Smylie or Vasek Pospisil?",0,270.7128447485479,True
"In the 1990's, who built one of the three mills landmarks in California?",7,3690.591627007379,False
Which former lawyer and entrepreneur who was convicted for conspiracy and drug dealing was involved in a civil suit against Bill and Hillary Clinton?,1,498.6339382509491,True
Girard city is located in a county with how many inhabitants ?,7,2864.271883385668,False
What year was the series published that recounts the adventures of Anne Shirley and published by Scholastic Press?,0,270.7128447485479,True
The 1932 German football championship Final was played at a stadium that opened in what year?,0,270.7128447485479,True
"Dharmatama is a 1975 Hindi thriller movie, and the first Bollywood film to be shot in Afghanistan,the title character was based on matka, king Ratan Khatri, Matka"" gambling or satta"" is a form of lottery which originally involved betting on the opening and closing rates of cotton transmitted from where?",2,562.6258185867669,True
"What American composer who died in 1978 was associated with an American Opera Company located in Jackson, Mississippi?",2,562.6258185867669,True
What occupation was shared by both John Frankenheimer and Tiffanie DeBartolo?,0,270.7128447485479,True
"What is the population of the largest city in Iraq, who's 1956–57 Iraq FA Cup Championship was open to teams from the capital?",7,4516.91137062909,False
What wrestling promotion was formed by the current NEVER Openweight Champion?,7,6169.550857872515,False
"Which mine in California, lasting from 1873 to 1883, became one of the most noted mercury producers in the world?",2,562.6258185867669,True
"Name the mother of Edward Stafford, 4th Baron Stafford, who was the daughter of the English nobleman and politician Edward Stanley, 3rd Earl of Derby?",2,562.6258185867669,True
"Which author was born first, Lorraine Hansberry or Sandra Gulland?",0,270.7128447485479,True
What is the Kaurna name of the river that runs along Mount Torrens in South Australia?,1,498.6339382509491,True
What does the L stand for in Patriot Games star Samuel L. Jackson's name?,2,562.6258185867669,True
"Which movie was co-written by the person who directed ""Blood""?",7,2864.271883385668,True
Are Kelly Jones and Martha Reeves both singers?,0,270.7128447485479,True
"Which professional American football team based in Ohio did Ivan ""John"" Jurkovic play for?",0,270.7128447485479,True
Who is the oldest of the Van Dyke family?,5,1864.9011340246145,True
"Choi Min-sik, is a South Korean actor, he also starred alongside Scarlett Johansson in Lucy, an English-language French science fiction action film written and directed by who?",0,270.7128447485479,True
Snow White is a Disney media franchise based on a German fairy tale by who?,0,270.7128447485479,True
What connection does the private liberal arts college known for its distinctive curriculum centered on reading and discussing the Great Books of Western Civilization have to] EnVISIONing Annapolis? ,7,3690.591627007379,False
The Prancing Horse was used by which top Italian fighter ace?,0,270.7128447485479,True
"What Bible college located in Louisville, Kentucky, was attended by Paul R. House who served for a time as president of the Evangelical Theological Society?",0,270.7128447485479,True
Joan Jett & the Blackhearts covered a song by the first westerner to achieve pop start status in Japan.  When was that song first recorded?,2,562.6258185867669,True
This Federation of Indian Airlines member is owned by what Indian business conglomerate?,7,2864.271883385668,False
"MindGamers is a 2015 Austrian science fiction film directed by who, the film stars Antonia Campbell-Hughes, a Northern Irish actress and former fashion designer, best known for appearing in Jack Dee's sitcom ""Lead Balloon""?",1,498.6339382509491,True
When was Jordan Mintz whictleblowing publicized?,7,3690.591627007379,False
Who played the onscreen husband of a variety show banjo player?,7,3690.591627007379,False
The motorway reffered to as the Mid Wirral Motorway is located in a suburb known for which buildings?,7,2864.271883385668,False
What suicide attack was located inside the Forward Operating Base Chapman? ,1,498.6339382509491,True
"What principal dancer in the Bolshoi ballet, born in 1988, is a student of Valery Lagunov?",2,562.6258185867669,True
what was the birth year of the fifth governor of a British colony in north America that existed from 1632 to 1776?,7,3690.591627007379,False
"What is a semi-professional football club in Hyde, Greater Manchester, England?",0,270.7128447485479,True
"The pop singer in the lead role in ""Tere Bin Laden"" received how many Lux Style Awards?",7,2864.271883385668,False
What's Golden was included in an open world racing video game that was developed by Playground Games and published by who?,0,270.7128447485479,True
Which  province in the north of the island of Ireland did Queen Medb of Connacht  made his invasion,2,562.6258185867669,True
Jeremy Brock is the writer and director of this 2011 drama that was adapted from him and what other female?,7,2864.271883385668,False
Gabe Turner has collaborated with the actor and film director who won his first Academy Award in which 1995 crime thriller?,7,3690.591627007379,False
Door into the Dark is a poetry collection by a man that received the Nobel Prize in Literature in what year?,0,270.7128447485479,True
"The author of the book ""A New Kind of Science"" designed a computer algebra system at which university?",7,3690.591627007379,False
"""Just a Lil Bit"" is the third single from 50 Cent's second album, ""The Massacre"", released on which date?",2,562.6258185867669,True
"Mark Rankin and Cedric Bixler-Zavala, band is what type genre?",0,270.7128447485479,True
"A Common Man is a 2013 American-Sri Lankan thriller film starring Ben Kingsley,  an English actor with a career spanning more than how many years?",7,2864.271883385668,False
Which highway that has a junction at Cairo Junction is 1286 miles long?,3,869.0830829186463,True
Summit1g started streaming the battle royale game published by which company?,3,869.0830829186463,True
"Which documentary was released earlier, Almost Sunrise or 51 Birch Street?",2,562.6258185867669,True
"Faugh a Ballagh, is a battle cry of Irish origin, meaning ""clear the way"", and today it remains the motto of which (27th (Inniskilling) 83rd and 87th and Ulster Defence Regiment) (R IRISH) is an infantry regiment of the British Army?",1,498.6339382509491,True
"Four Shores, is an album from the Latvian band Brainstorm, Lonely Feeling"" is dedicated to which Swedish-born American film actress, during the 1920s and 1930s? ",0,270.7128447485479,True
When was the band for which Bob Welch was a guitarist formed ?,0,270.7128447485479,True
" ""I Saw Her Again"" was co-written by what Canadian singer born in 1940?",7,2864.271883385668,False
What is the name of the character in Quantico played by the same actor who starred in Tower Block?,4,1424.6899817918095,True
"WHo is a Grammy winning American musician of Armenian descent, Armen Nalbandian or Arto Tunçboyacıyan?",0,270.7128447485479,True
Seoul Train and Making North America are both films in what style of cinema or film making genre?,0,270.7128447485479,True
"War for the Planet of the Apes is a 2017 American science fiction film directed by Matt Reeves, a sequel to which 2014 American science fiction film directed by Matt Reeves and written by Mark Bomback, Rick Jaffa and Amanda Silver?",0,270.7128447485479,True
"Which composer was Hungarian, Béla Bartók or Johann Christoph Pepusch?",7,2864.271883385668,False
"Enterprise Car Sales was established in 1962 by founder Jack Taylor, which American car rental company headquartered in Clayton, Missouri, United States in Greater St. Louis?",1,498.6339382509491,True
"Which American guitarist and bluegrass musician from Danville, Virginia did Rebecca Rippy play or share the stage with?",3,869.0830829186463,True
"Borovička (also known as Juniper brandy), is a Slovak alcoholic beverage flavored with juniper berries, today's commercially produced borovička contains about 40% alcohol by volume, what is it called, also called alcohol, ethyl alcohol, and drinking alcohol, is a compound and simple alcohol with the chemical formula C2H5OH?",5,2862.169010526513,True
"The 2016 Miami Dolphins season was the franchise's 47th season in the National Football League, the 51st overall and the first under head coach Adam Gase, with their Week 15 win over the New York Jets, the Dolphins clinched a winning record for the first time since 2008, and clinched a playoff berth the following week after which franchise's 47th season in the National Football League, the 57th overall and the fourth under head coach Andy Reid and the fourth and final season under general manager John Dorsey who was fired June 22, 2017?",2,562.6258185867669,True
The Volkswagen Golf Estate is the estate/station wagon version a the compact car which was the best selling car in Europe in what year?,2,562.6258185867669,True
"What was the name of the band that starred Belinda Carlisle and released the album, Germicide in 1977?",0,270.7128447485479,True
Logan Lerman starred in which 2017 drama directed by Shawn Christensen?,1,498.6339382509491,True
"Which plant, Buddleja or Burchardia, is an herb named after a German botanist?",1,498.6339382509491,True
What Brazilian professional footballer endorsed the Mercurial Vapor boot?,2,562.6258185867669,True
"Which film was released first, Roving Mars or The London Connection?",0,270.7128447485479,True
" Blake Alexander Carrington is a fictional character on the ABC television series ""Dynasty"", created by Richard and Esther Shapiro whose role was portrayed by John Forsythe, and also appeared as a guest on several talk and variety shows and as a panelist on what type of television show?",2,562.6258185867669,True
Knocked Up starred the actor and filmmaker of what dual nationality?,7,2864.271883385668,False
What is the capital of the archipelago where Djoièzi is located?,2,562.6258185867669,True
What is the capital of the state Curly Ray Cline is from?,2,562.6258185867669,True
Fritz von Brodowski was killed during what global war that lasted from 1939 to 1945?,0,270.7128447485479,True
What state are both Wizzo and YG based in?,0,270.7128447485479,True
In what country are the cities Guilin and Ankang located?,0,270.7128447485479,True
"Which genus has a name derives from Greek words, Micromeria or Pamianthe?",0,270.7128447485479,True
Are San Diego International Airport and McCarran International Airport located in the same state?,0,270.7128447485479,True
Are Manettia and Fragaria both edible?,0,270.7128447485479,True
The 34th Foot Regiment was sent to fight who?,4,1424.6899817918095,True
"Splendor in the Grass was a film directed by a Greek-American director described as  ""one of the most honored and influential directors in Broadway and Hollywood history"" by who?",7,2864.271883385668,False
Sameera Perera is a cricketer from what island country located southeast of the Republic of India and northeast of the Maldives?,0,270.7128447485479,True
"Abraham Bankier was one of the owners of the Rekord factory that was taken over by a German Industrialist, spy, and member of the Nazi Party who is credited with saving how many Jews during the Holocaust?",0,270.7128447485479,True
"Sam Goody, who was run by Musicland Group, Inc., filed bankrupcy in which year?",1,498.6339382509491,True
"Kevin ""Jack"" Haugrud was the acting United States Secretary of the Interior, serving since the end of the Obama administration on January 20, 2017 until the swearing in of Ryan Zinke, an American politician and businessman, on which date?",0,270.7128447485479,True
Puklo srce is an album by a singer who lives where? ,7,2864.271883385668,False
Hall of Fame Racing is a team created by a joint venture of a number of players including the quarterback who was the #1 overall draft pick in what year?,2,562.6258185867669,True
Who administers the federal law that the California Healthy Families Program implements?,7,2864.271883385668,False
Cyril Briggs was dedicated to advancing what  worldwide intellectual movement that aims to encourage and strengthen bonds of solidarity between all people of African descent,0,270.7128447485479,True
When was the host that Renee Montagne succeeded born?,7,2864.271883385668,False
"A combat flight simulator video game published by Konami and released in 2012 features missions including the attack on this location by the Empire of Japan on December 7, 1941?",0,270.7128447485479,True
In what year did the submarine that sank the Tsushima Maru open to public tours?,1,498.6339382509491,True
"Where are the metalcore band from, that released second full-length album titled Rage?",7,2864.271883385668,False
"The actress that plays Amber in the sitcom ""The Old Guys"" received a BAFTA TV Award in 2014 for her role in what tv show?",4,1424.6899817918095,True
What song recorded by Fergie was produced by Polow da Don and was followed by Life Goes On?,1,498.6339382509491,True
"Which magazine is published in the United Kingdom, Bella or Al Jamila?",1,498.6339382509491,True
"Who owns a licensed brand that seeks to engage the private sector in raising awareness and funds to help eliminate HIV/AIDS in eight African countries, who's partner is a Dutch sports and clothing company, which sells alpine sking and tennis equipment?",7,4516.91137062909,False
Them Crooked Vultures and The Vines are both part of what music genres?,0,270.7128447485479,True
Who was the former wife of the American musician who led the band Kings of Rhythm?,4,1424.6899817918095,True
Are Mary Doria Russell and James Joyce both novelists?,0,270.7128447485479,True
"James Clark McReynolds (February 3, 1862 – August 24, 1946) was an American lawyer and judge who served as United States Attorney General under President Woodrow Wilson and as an Associate Justice of the United States Supreme Court, he served on the Court, during the presidency of which 30th President of the United States (1923–29)?",7,2864.271883385668,False
Which star in The Pokrovsky Gate was also a director and occasional singer?,1,498.6339382509491,True
Who directed the movie that Olympia Dukakis won an Academy Award for?,3,869.0830829186463,True
"Skyler Elizabeth Day (born August 2, 1991) is an American actress and singer, best known for her recurring roles as Maggie Ritter on the series ""Gigantic"", on TeenNick is an American digital cable and satellite television channel that is owned by Nickelodeon Group, a unit of the Viacom Media Networks division of Viacom, aimed primarily at teenagers aged what span?",0,270.7128447485479,True
"When was the English disc jockey who hosted ""The Voice UK"" born? ",7,2864.271883385668,False
6 Interpretations included the songwriter who performed in what band from 1985 to 1995?,7,2864.271883385668,False
"What year did the namesake of Fort Davis, Alaska die?",2,562.6258185867669,True
"The Warlock in Spite of Himself is a science fantasy novel by American author Christopher Stasheff, published in 1969, the title is a play on the title of which French playwright and actor, known by what stage name?",0,270.7128447485479,True
What piece was composed in 1937 for the American Bandmasters Association and has a melody similar to Green Bushes?,4,1424.6899817918095,True
Feodor Chin voices the character of Zenyatta from a game by a developer an publisher based in what city and state?,0,270.7128447485479,True
"In what year did the Britain Burma Society founded under the distinguished patronage of  Earl Mountbatten of Burma, Sir Hubert Rance whose formal prefix Sir was strictly governed by law and custom as an honorific address?",1,498.6339382509491,True
Pete Mount was the father of the American Basketball Player who was the first high school athlete on the cover of which publication?,0,270.7128447485479,True
"What is the best known song of the artist who originally recorded the song ""A Thousand Times a Day""?",7,2864.271883385668,False
"Of the film directors Kenji Mizoguchi and Andrzej Żuławski, which one often went against mainstream commercialism in his films?",0,270.7128447485479,True
What Indian politician hosted a Hindi language Indian television talk show?,7,2864.271883385668,False
" Jessica, is the second single from York-based rock band Elliot Minor, the band wrote this song out of their affection for which American actress and businesswoman?",1,498.6339382509491,True
How many people were killed by a van bomb by the man Inga Bejer Engh prosecuted in a high profile 2012 trial?,7,2864.271883385668,False
The Jargon Society has published books by the founder and primary theorist of what group of poets?,7,2864.271883385668,False
"Restoration literature is the English literature written during the historical period commonly referred to as the English Restoration (1660–1689), which corresponds to the last years of the direct Stuart reign, it saw Locke's ""Treatises of Government"", the founding of the Royal Society, the experiments and holy meditations of Robert William Boyle, was an Anglo-Irish natural philosopher, chemist, physicist and inventor born in Lismore, County Waterford, in which location?",7,2037.9521397639564,False
John Martin & Co. is responsible for the pageant that has been known as what since 1996?,7,2864.271883385668,True
"Who directed Revolver, the 2005 crime thriller starring the English actor Jason Statham?",0,270.7128447485479,True
What sport does Pieter Nys and Fortuna Sittard have in common?,0,270.7128447485479,True
What British comedy film starred Robin Weaver?,7,2864.271883385668,False
Whitney Williams has a chair on the board of a non-profit with Ben Affleck and what other company?,4,1424.6899817918095,True
Which painter created the 'Beguiling of Merlin' and was closely associated with the later part of the Pre-Raphaelite movement? ,0,270.7128447485479,True
Nikolaas Tinbergen shared the 1973 Nobel in Medicine with the zoologist who was of what nationality?,1,498.6339382509491,True
"In what conference is the University that had a coach born on September 9th, 1960?",2,562.6258185867669,True
Oliver Boot had a role in the Moliere-based film that was first performed in what year?,0,270.7128447485479,True
" ""Your Love Had Taken Me That High"" is a song recorded by a singer that received a string of Country Music Association awards for duets with who?",4,1424.6899817918095,True
How far north from Salzburg is the Austrian village that shares a name with a controversial German Pilsner or pale lager?,2,562.6258185867669,True
The Grinch is a fictional character created by an author that died in what year?,0,270.7128447485479,True
Were Nikos Koundouros and Curtis Hanson both film directors?,0,270.7128447485479,True
"Qwirkle and Evo, are which type of entertainment?",5,1864.9011340246145,True
What Emmy Award winner worked on Miles from Home?,2,562.6258185867669,True
"Who replaced the Peabody Award winner, made famous for his NPR flagship program, in 2004?",7,2864.271883385668,False
What show is an American-Canadian drama starring Scott Lowell playing Ted Schmidt?,1,498.6339382509491,True
"""HMS ""Sussex"" was an 80-gun third-rate ship, of the line of the English Royal Navy, for which sovereign state on the island of Great Britain from the 10th century—when it emerged from various Anglo-Saxon kingdoms—until 1707, when it united with Scotland to form the Kingdom of Great Britain?",5,2862.169010526513,True
Arthur bell as an amateur cricketer player for what league known for employing professional players.,2,562.6258185867669,True
In what year was the woman whose former chief of staff was Rachel Noerdlinger born?,7,2864.271883385668,False
"In regards to the album that had, according to Dave Grohl, his favourite song he has ever written, when was it released?",7,3690.591627007379,False
True Williams was the first to illustrate which title character of a Mark Twain novel?,1,498.6339382509491,True
"KKWQ-FM is a local radio station covering which area, that is a coextensive with Angle Township?",2,562.6258185867669,True
"Who worked for both the Security Service and the Secret Intelligence Service, and began writing novels under his pen name, Audre Lorde or John le Carré?",7,4516.91137062909,False
"When did the British/Irish digital television channel, which features Spliced, first launch?",7,2864.271883385668,True
The Oxus cobra contains what kind of ions for their venom to be active? ,1,498.6339382509491,True
The team Kevin Goldthwaite last played for play their home games at Providence Park since what year?,0,270.7128447485479,True
Are Naser Mestarihi and Justin Sane both singer-songwriters?,3,869.0830829186463,True
"Abeliophyllum and Brillantaisia, are types of what?",7,2864.271883385668,False
Which 2004 Nickelodeon show was created by Sue Rose and starred Molly Hagan? ,2,562.6258185867669,True
 Charles Runnington was born in a country in southern what?,2,562.6258185867669,True
"Chris Vance, is an English actor, and is the second actor after which English actor, and a former model and competitive diver, to play Frank Martin?",0,270.7128447485479,True
"In which school was the fictional character in ""The Simpsons"" which was voice by Marcia Wallace a teacher?",0,270.7128447485479,True
Kim Warwick and Matt Lucena both play what sport?,0,270.7128447485479,True
"Which author is known for her ""Anne of Green Gables"" books: Lucy Maud Montgomery or Jan Karon?",0,270.7128447485479,True
Which award did the star of The Nativity Story win at the 2004 Broadcast Film Critics Association Awards?,7,3690.591627007379,False
La Valentina starred the actress who was the second wife of which actor?,7,2864.271883385668,False
Effie Crockett is credited with creating the song that was based on what English ballad?,4,1424.6899817918095,True
"Who was the director of the film which had ""Held"" on its soundtrack?",7,2864.271883385668,False
"Björn Ulvaeus was a part of a Swedish pop group, formed in Stockholm in 1972, as well as co-producer on the film ""Mamma Mia!"" with who?",0,270.7128447485479,True
"An American theoretical physicist who worked in particle physics and cosmology, she was also known as the Frank B. Baird, Jr., was a former guest on a podcast that was described as ""a think tank promoting science, reason, and secular values in public policy and at the grass roots""; when was that podcast started?",0,270.7128447485479,True
What was the 2013 population of the country Fujairah College is located in?,7,2864.271883385668,False
What town sends their students to Messalonskee High School and had a population of 1010 according to the 2010 census?,7,2864.271883385668,True
What is the instrument played by the instrumentalist with whom Taj Mahal and N. Ravikiran made Mumtaz Mahal?,7,2864.271883385668,False
What year saw the founding of the baseball team where Hal McRae played from 1973-87?,0,270.7128447485479,True
What is the Soninke language meaning of the name of the democracy that is home to Kumasi Airport?,7,2864.271883385668,False
Shere Khan is a fictional Bengal tiger that was the main antagonist in Rudyard Kipling's book titled what?,0,270.7128447485479,True
"Biographic is a weekly comics feature by award-winning cartoonist and illustrator Steve McGarry, the feature is syndicated by Universal Uclick and appears in such publications as The Toronto Sun, an English-language daily tabloid newspaper published in Toronto, Ontario, in which country?",0,270.7128447485479,True
"What other country was the queen who launched Dannebrog, also a queen for between 1918 and 1944?",7,3690.591627007379,False
"Makers: Women Who Make America featured an interview with what talk who host, who was dubbed the ""Queen of all Media""?",2,562.6258185867669,True
What professor of mathematics authored the book Fashionable Nonsense?,0,270.7128447485479,True
Mathilde Ludendorff was the wife of the German General who was victorious at which two battles?,2,562.6258185867669,True
"Seimas (""Sejm"", ""Sojm"", Belarusian: Сойм ) was an early parliament in the Grand Duchy of Lithuania, The Union of Lublin created a new state, the Polish–Lithuanian Commonwealth, and joined the Seimas of Lithuania with Sejm of Poland into one organization, the bicameral parliament of the Polish–Lithuanian Commonwealth is officially titled what?",7,2864.271883385668,False
"Lee Mi-sook (born April 2, 1960) is a South Korean actress, one of the best-known actresses of 1980s Korean cinema, Lee's most famous films from this era include which of Lee Doo-yong's, 1986 South Korean drama filmLee Mi-sook (born April 2, 1960) is a South Korean actress, one of the best-known actresses of 1980s Korean cinema, Lee's most famous films from this era include which of Lee Doo-yong's, 1986 South Korean drama film, Mulberry, based on the eponymous classic story, by who?",2,562.6258185867669,True
"Elwyn McRoy is an American college basketball coach and current men's basketball assistant coach at Coppin State University, a historically black college located in Baltimore, Maryland, in which country?",0,270.7128447485479,True
"Who won an award first, the Brothers Quay or Alexandra Shiva?",0,270.7128447485479,True
"Catherine Louise Sagal (born January 19, 1954) is an American actress and singer-songwriter, she's know as well for starring in the role of Cate Hennessy, on the show ""8 Simple Rules"", is an American sitcom, originally starring who as the father?",0,270.7128447485479,True
What was the nationality of Marco Garibaldi's former partner?,1,498.6339382509491,True
A theoretical explanation  of the Wien effect has been proposed by a man awarded the Nobel Prize in Chemistry in what year?,3,869.0830829186463,True
What tribe what American Horse a part of?,7,2864.271883385668,False
"Which is located in Hunan province, Huaihua or Qitaihe?",0,270.7128447485479,True
"Which baseball player and manager was born in Ellisville, Mississippi, home of 4448 people?",7,2864.271883385668,False
 Hariharan Pillai Happy Aanu contains music by which arranger from Kerala?,1,498.6339382509491,True
"Xiaogan and Mingguang, are located in which country?",1,498.6339382509491,True
"Which was founded first, Stellenbosch University or Wayne State University?",7,2864.271883385668,False
Are a Brandy Alexander and a Paloma both Tequila based?,0,270.7128447485479,True
Who is the current head coach of the basketball team for which Michael Beasley played for one year before declaring for the NBA draft in 2008?,2,562.6258185867669,True
"What is the nationality of the actor who starred as Rene Russo's husband in the 1997 movie ""Buddy""?",4,1424.6899817918095,True
"Are the bands Tool and Capital Cities both from Los Angeles, California?",7,2864.271883385668,False
What animal subject to the Foster's rule is the smallest North American deer?,1,498.6339382509491,True
Who is Yulia Zagoruychenko's dance partner?,1,498.6339382509491,True
"In which year was this international arms smuggler who was the subject of the 2014 documentary film ""The Notorious Mr. Bout"" born?",0,270.7128447485479,True
"What was the franchise, in which Anton Šťastný played 9 seasons, renamed after moving in 1995?",4,1424.6899817918095,True
"The actor that uses the stage name ""Li Ming"" starred with Donnie Yen in a 2005 Hong Kong film directed by who?",2,562.6258185867669,True
"Tripel was the strongest beer in their range, in 1956, served at a Trappist brewery in what country?",0,270.7128447485479,True
"What 1982 film, aired in 1983, was the seventh highest rated non-sports show and featured Kansas state highway K-10?",4,1424.6899817918095,True
"Tressie Souders and Padmarajan, have which occupation in common?",7,2864.271883385668,True
"Who is an American journalist and has been Literary Editor of ""The Weekly Standard,"",  Philip Terzian or Derek Sherinian",0,270.7128447485479,True
"Who is an American musician, Peter Chelsom or Billy Bob Thornton?",0,270.7128447485479,True
Did Terence Davies and Richard Wallace have the same nationality?,0,270.7128447485479,True
"What year was the soundtrack to the Austrian-American comedy film, directed by Stephen Herek and starring Charlie Sheen, released?",2,562.6258185867669,True
"The author of ""Evolution: A Theory in Crisis"" is a Senior Fellow at what institute?",4,1424.6899817918095,True
What college did the Chiefs all time leading rusher attend?,7,2864.271883385668,False
"When was the American rapper from Atlanta, Georgia born who's song is ""Sneakin'""?",4,1424.6899817918095,True
"The 1950 BRDC International Trophy included what entrant from Bourne, Lincolnshire, England?",2,562.6258185867669,True
"Who was born in 1976 and co-wrote the teleplay for the first episode of ""Black Mirror?""",7,2864.271883385668,False
"If Cheung Kong Center were to host A Symphony of Lights, what aspect of the center would be necessary to do so?",7,3690.591627007379,False
Mark Geragos was involved in the scandal that took place in what decade?,2,562.6258185867669,True
What town does Bucklow and Trafford have in common?,1,498.6339382509491,True
"What club did  a Swiss footballer primarily recognised as a right-back who signed for a professional football club in 2013 based in Old Trafford, Greater Manchester, England ?",7,3690.591627007379,False
"Which board game was created by Reiner Knizia, Junta or Medici?",0,270.7128447485479,True
Statistician Walter Francis Willcox received three degrees from a local college in Massachusetts. Which college?,2,562.6258185867669,True
"Brisingr is the third novel in the ""Inheritance Cycle"", is a young adult tetralogy of high fantasy novels written by which American author?",0,270.7128447485479,True
Rakekniven was climbed in 1996 by a mountaineer that holds which nationality ?,2,562.6258185867669,True
Who was the head coach of the Duke Blue Devils football team when they played at Wallace Wade Stadium and has won multiple college football coach of the year awards?,0,270.7128447485479,True
"Dr Donald John Pinkava, is a botanist, specialising in cacti and succulents, and he is the discoverer of some of their varieties, at which public metropolitan research university on five campuses across the Phoenix metropolitan area, and four regional learning centers throughout Arizona, he has which position?",4,1424.6899817918095,True
Which 2017 Indian crime action film includes the song Zaalima written by Amitabh Bhattacharya?,2,562.6258185867669,True
Which jury member for Deutschland sucht den Superstar was an American model and choreographer born in 1957?,1,498.6339382509491,True
Where was the film A Taxi Driver released?,0,270.7128447485479,True
"What was a single released in 1959 and peaked at number 4 on the ""Billboard"" Hot 100, performed by an American country-influenced rock and roll duo, known for steel-string acoustic guitar playing and close harmony singing?",7,3690.591627007379,False
Have Peter Cetera and Jeremy McKinnon both been members of a band?,2,562.6258185867669,True
"The 2010–11 Tour de Ski was the 5th edition of the Tour de Ski and took place from 31 December 2010 to which date, Swiss cross-country skier, Dario Cologna won the Men's class?",0,270.7128447485479,True
What was the population according to the 2010 census of the census-designated place where Max Loughan created a crystal radio?,6,2499.044203727256,True
 Meg is an upcoming American film staring a former what?,7,3690.591627007379,False
What year was Curious George released along with the record company that produced the soundtrack for the movie?,2,562.6258185867669,True
"What is a 2011 British action comedy film parodying the James Bond secret agent genre, that features a song by the band Primal Scream?",2,562.6258185867669,True
Are Ima Robot and Of Montreal music bands ?,0,270.7128447485479,True
How long is the river on which Wilbur Dam is located?,4,1424.6899817918095,True
What is the busiest Amtrak route that does not stop at either Lortorn Station?,3,869.0830829186463,True
"K. Shivaram Karanth is what type of artist, which combines dance, costum, makeup, and dialogue?",2,562.6258185867669,True
What year were trade unions legalized in Tony Blair's country?,2,562.6258185867669,True
"The 2006-07 New Orleans/Oklahoma City Hornets season was the team's 5th in the NBA, the Hornets split their games between the New Orleans Arena and the Ford Center, which multi-purpose indoor arena, located in the city's Central Business District, in New Orleans, Louisiana?",2,562.6258185867669,True
What is the actor who starred in School Spirit best known for?,7,2864.271883385668,False
In what country is both Faxe and Heineken brewed in?,0,270.7128447485479,True
What is the nickname of the airplane model flown in Malaysian Airlines Flight 370?,6,2499.044203727256,True
"A radio comedy broadcast on BBC Radio 4 that satirizes the week's news, in its early days featured the voice of an English comedian born in what city in 1969?",7,3690.591627007379,False
"Which gold mine is located in the Bridge River District, Bralorne or Dome Mine?",1,498.6339382509491,True
 Portrait of Wally is a 1912 oil painting by a protégé of Gustav Klimt whose work is noted for its intensity and what?,6,4109.226608892913,True
"Stephen Williams is head coach of which Lutheran school located in Adelaide, South Australia?",1,498.6339382509491,True
"What is the birthdate of this former NASA astronaut and a retired captain in the United States Navy, who published the book Lost Moon: The Perilous Voyage of Apollo 13?",2,562.6258185867669,True
What is a small network appliance and entertainment device that serves as a the media player for the iTunes Store?,0,270.7128447485479,True
"Abraham Roqueñi Iglesias (born April 16, 1978) is a Spanish welterweight kickboxer, he holds notable wins over Andy Souwer, a Dutch welterweight shoot boxer, a two time K-1 World MAX champion, in which years?",2,562.6258185867669,True
Which part of SOKOM was formerly of the Royal Danish Army?,1,498.6339382509491,True
Who developed the game with whom the man who created the C programming language was incorrectly cited as a co-author?,7,3690.591627007379,False
"What author who wrote ""Jesus' Son"" beat out Mischa Berlinksi for 2007 National Book Award?",2,562.6258185867669,True
What position did the former American first lady who employed Ann M. O'Leary during her husband's presidency hold in the Obama administration?,7,2864.271883385668,False
"Who directed the 2004 film that featured ""Más"" by Kinky?",7,2864.271883385668,False
What king to whom Rev James MacGregor was made chaplain died in 1936?,0,270.7128447485479,True
With which division of the Southeastern Conference the football program compete in which  Damontre Lamounte Moore played college football and earned All-American honors?  ,4,1424.6899817918095,True
What is the best-seller by Ruta Sepetys?,0,270.7128447485479,True
What video game magazine was a part subsidiary of a Chinese-owned venture capital organization?,7,3690.591627007379,False
"This footballer played in the top divisions in Italy, Spain, England and Germany and is known for what?",7,2864.271883385668,False
"Manchester City Football Club is a football club in Manchester, England, the club moved to the City of Manchester Stadium, in Manchester, England, also known as the Etihad Stadium for sponsorship reasons, in what year?",0,270.7128447485479,True
Both Corydalis and Cedrus are what level of classification in the naming system?,0,270.7128447485479,True
Have James Agee and Nelly Sachs both won a Nobel Prize in Literature?,0,270.7128447485479,True
"On which station could you have watched the actor from ""My Fair Lady"" play a character in ""I Can Hear Your Voice""? ",1,498.6339382509491,True
"Allkpop is a blog based in what Bergen County, New Jersey borough?",2,562.6258185867669,True
What award did a single from the first Foo Fighters album to feature Chris Shiflett win?,7,3690.591627007379,False
"Moment by Moment was from the movie that starred which actress, comedian, and producer?",7,2864.271883385668,False
Reagan and Give Us Our Skeletons were both which kind of films?,7,2864.271883385668,False
"Which film director is younger, Del Lord or Wang Xiaoshuai?",7,2864.271883385668,False
"The Messerschmitt Me 263 ""Scholle"" (plaice) was a rocket-powered fighter aircraft developed from the Me 163 ""Komet"" towards the end of, which historic event?",0,270.7128447485479,True
"What music magazine ran from 1942 to 2008 and had a compilation album ""The Wild Bunch"" in 1984?",7,2864.271883385668,False
"Hunter Mountain is the second highest peak in the Catskills, in the south east area of which U.S. State?",0,270.7128447485479,True
"Are Fuling District and Qidong, Jiangsu both located in China?",0,270.7128447485479,True
"What dancer who died August 9, 2003 appeared in White Nights?",2,562.6258185867669,True
"Steve Jones and Blag Dahlia, have which occupation in common?",7,2864.271883385668,False
Diane Roark was wrongly suspected of leaking information to a New York Times reporter that has co-written two books about what agency?,7,2864.271883385668,False
Alain Fossoul played this position whose primary role is to prevent the opposing team from what,2,562.6258185867669,True
The national flag of Ghana designed by Theodosia Okoh was adopted in which year?,0,270.7128447485479,True
Who writes poetry such as Glaring Through Oblivion as well as leading the heavy metal band System Of A Down?,0,270.7128447485479,True
"Which institute is this American football coach currently serving as head coach, who led 2013 Boise State Broncos football team?",3,869.0830829186463,True
"Blondie is an American rock band founded by singer Debbie Harry, and guitarist Chris Stein, the band achieved several hit singles including which song by the American pop rock band Blondie, from their fifth studio album, ""Autoamerican"" (1980)?",0,270.7128447485479,True
"This American actor who starred in ""Veep"" was also in an action comedy film directed by Seth Rogen and Evan Goldberg heavily inspired by what?",7,3690.591627007379,True
Are Shenandoah Valley Regional Airport and Santa Barbara Municipal Airport both in the United States?,0,270.7128447485479,True
"What is the name of the Tindersticks' soundtrack for which the film, written by Denis and Jean-Pol Fargeau, is also named?",1,498.6339382509491,True
"What is the given name of the creator of the Album released on July 7, 2017 by Slaughter Gang and Epic Records?",4,1424.6899817918095,True
What album did a Danish-born Montenegrin singer born in 1971 release in late spring 2008?,1,498.6339382509491,True
Terry Pratchett's The Colour of Magic starred which star of Only Fools and Horses?,7,3690.591627007379,False
"For which film did, the composer who scored the music for Interview with the Vampire, win the Academy Award ? ",4,1424.6899817918095,True
Which  British politician from Northern Ireland who is a Democratic Unionist Party Member of Parliament for East Antrim represents the constituency known as East Antrim?,2,562.6258185867669,True
"Doloroso, Mississippi rests on the US highway that runs for how many miles?",7,2864.271883385668,False
What type of a scholar was the rabbi who asked Rabbi Dovid Povarsky to join the previous two heads of the institute?,7,2864.271883385668,False
"A Suitable Girl is an upcoming novel by Vikram Seth, which is a sequel to his 1993 book ""A Suitable Boy"", Vikram Seth ( born June 20, 1952) is an Indian novelist and what ?",0,270.7128447485479,True
"Produced by Jay Joyce, Celabraison is the debut album for which band?",1,498.6339382509491,True
The university where Peter Charanis was the Voorhees Professor of History is in what state?,0,270.7128447485479,True
"Cohousing is a community designed around a shared space, an example being Sættedammen in which country?",0,270.7128447485479,True
"Which television show premiered in 2008 and featured a contestant who previously starred in ""Hannah Montana""?",7,3690.591627007379,False
What is the name of the 3 Michelin Star Restaurant that is located in the second largest hotel in the United States?,3,869.0830829186463,True
Who founded the knighthood in which Gino Cassinis was part of?,7,2864.271883385668,False
In what year was the actor who played Nathan Appleby in The Living and the Dead born?,4,1424.6899817918095,True
The ancient Roman town near Fusaro Lake is now the commune of what?,2,562.6258185867669,True
Do Frank Pepe Pizzeria Napoletana and Sarpino's Pizzeria both sell pizza?,0,270.7128447485479,True
The former 10th congressional district of Minnesota is now currently represented by whom in the US House of Representatives?,3,869.0830829186463,True
Was Howard Hawks a screenwriter of more productions than Arthur Berthelet,7,2864.271883385668,False
The 2017 Supercheap Auto Bathurst 1000 will be held at the racing track with what two official names?,7,2864.271883385668,True
"Which original attraction at Universal Studios Florida, featuring Yogi Bear and Boo Boo, was replaced by Jimmy Nuetron's Nicktoon Blast?",2,562.6258185867669,True
Roy Browns running mate in the 2008 Montana gubernatorial election won his current senate seat by defeating what democrat?,7,3690.591627007379,False
Dumb Flesh is the third album by whom?,1,498.6339382509491,True
Are both the Aşiyan Museum and Sultan Ahmed Mosque located in Istanbul?,0,270.7128447485479,True
"Who was the drummer for the recording of ""The Man Who Sold the World"" released in the US in 1970?",2,562.6258185867669,True
"What South Korean singer-songwriter, actor, writer, and fashion designer, was in the rock band F.T. Island that released their 5th album The Mood?",3,869.0830829186463,True
What major Albanian musical event did Aurela Gaçe win?,7,3690.591627007379,False
"Leigh Silverman was nominated for the 2014 Tony Award, Best Direction for a musical based on which short story ?",7,2864.271883385668,False
"In what year was the English actor that starred with David Hemmings and Douglas Wilmer in ""Unman, Wittering and Zigo"" born?",7,2864.271883385668,False
"Which Scottish singer, songwriter, and guitarist included calypso music in his influences and wrote the song Hey Gyp?",2,562.6258185867669,True
Who directed the 2013 slasher film that Alexandra Daddario starred in?,2,562.6258185867669,True
The Abbey of Saint-Étienne was founded by a descendant of who?,7,2864.271883385668,False
What nationality are Ralph Tresvant and Chad Smith?,2,562.6258185867669,True
"When did the company that produced ""Six Gates Far Away Mon Colle Knight"" begin?",7,2864.271883385668,False
Where does this Argentine sports club currently compete that Augusto Solari currently is a professional footballer for?,6,2499.044203727256,True
"who voiced the  cartoon character in the animated television series which , Pablo Aurrecochea wears kits adorned with its cartoon characters",7,3690.591627007379,False
Jordan Fished played the role of John Laurens in which Broadway production?,0,270.7128447485479,True
What is the name of the business that George Dayton founded and later Bruce Dayton expanded?,1,498.6339382509491,True
"Arlette Roxburgh is best known for singing a national anthem whose lyrics come from what poem, before every New Jersey Devils home game?",7,3690.591627007379,False
Márcio Borges was from the second most populous municipality in what country?,0,270.7128447485479,True
A Mars crater is named after the successor of who?,7,3690.591627007379,False
Which 2004 novel by Judith Guest recounts the murder committed by John Norman Collins known as the Michigan Murders?,2,562.6258185867669,True
Where is a place that has both Lano Estacado and Buda Limestone geological formations?,7,3690.591627007379,False
Do Danny Shirley and James Dean Bradfield play in the same band?,0,270.7128447485479,True
What is the country whose capital and largest city is the birth place of this American musician and record producer Tomo Miličević?,4,1424.6899817918095,True
"On which television show does Katie Cassidy play the fictional character, Ruby?",2,562.6258185867669,True
What British man was was wrongly convicted of murdering Jill Dando?,0,270.7128447485479,True
"In what year was the author of ""Trading Christmas"" born?",2,562.6258185867669,True
"Which is the progenitor of the dingo, the Indian pariah dog or the Anglo-Français de Petite Vénerie?",0,270.7128447485479,True
What American luxury jewelry and specialty retailer did Jean Michel Schlumberger work at?,7,2864.271883385668,False
How many stored does the American fast food restaurant franchise that sponsored Subway 400 have? ,1,498.6339382509491,True
"What British rock band is responsible for bolstering Quiet Riot's hit ""Mental Health?""",7,2864.271883385668,False
What mosaic inside the main church of Florence is attributed to Gaddo Gaddi?,1,498.6339382509491,True
The boxer that won the silver medal in the men's super heavyweight event at the 2016 Summer Olympics was born in what year?,7,2864.271883385668,False
What country are K. R. Kaushik and Narendra Modi from? ,0,270.7128447485479,True
Both Martha Stewart Living and Tall Timber Short Lines are considered what?,0,270.7128447485479,True
"Which was around longer in 2010, Miss Universe or Miss Perú?",0,270.7128447485479,True
The company that manufactured PDQ Chocolate is a registered trademark of what company?,4,1424.6899817918095,True
What is the name of the widow of the earl who served as both Foreign Secretary and Prime Minster from 1955 to 1957?,2,562.6258185867669,True
Former player Darius Maskoliūnas coaches for which of the oldest Lithuanian basketball teams?,1,498.6339382509491,True
"""From Eden"" is a number 2 song from the Irish Singles Chart that came from what album that was released on September 19th?",1,498.6339382509491,True
Who is this retired American politician who was a U. S. representative of Oklahoma's 2nd Congressional District whom Oklahoma politician Jim Wilson ran against during the July 27 Democratic primary?,1,498.6339382509491,True
"What Famous play by shakespear have the phrase, ""Et tu, Brute""?",7,2864.271883385668,False
Frederic de Hoffmann assisted which Hungarian-American physicist in the development of the hydrogen bomb?,0,270.7128447485479,True
"The metafamily of graphical operating systems developed, marketed, and sold by Microsoft offers what kind of help to musicians?",7,3690.591627007379,False
What character did Pam Ferris play in the film based on a J.K Rowling novel?,2,562.6258185867669,True
The Office of the Federal Register is an office of the United States government within which independent agency of the United States government charged with preserving and documenting government and historical records?,0,270.7128447485479,True
"From which Metallica album does the song, used by Niels de Ruiter as walk-on music, come?",4,1424.6899817918095,True
To which film category are both Call Me Kuchu and That's Dancing! belong?,7,2864.271883385668,False
In which films does Disha Patani who starred in M.S. Dhoni: The Untold Story appear?,7,2864.271883385668,False
"Johanna Veenstra (1894–1933) was the first missionary of the Christian Reformed Church (CRC) to go to Nigeria,   was an ocean liner designed by Leonard Peskett and built by Swan, Hunter & Wigham Richardson for the British Cunard Line, on October 2, 1919, she left New York City on the RMS Mauretania, was an ocean liner designed by Leonard Peskett, and built by Swan, Hunter & Wigham Richardson, for which organization?",0,270.7128447485479,True
"Who was born first, Tanya Donelly or Trace Cyrus?",0,270.7128447485479,True
"Are the bands ""Halestorm"" and ""Say Anything"" from different states?",0,270.7128447485479,True
The Crocs River is a tributary of a river given what nickname?,4,1424.6899817918095,True
Were Serguei Kouchnerov and Arvid E. Gillstrom both in the same industry?,4,1424.6899817918095,True
Are Clarence Brown and Peter Glenville of the same nationality?,0,270.7128447485479,True
"The 2003 Seattle Seahawks season was the team's 28th season with the National Football League, following the season, which Hall of Fame defensive tackle who played for the Minnesota Vikings, retired?",2,562.6258185867669,True
"""Yaamirukka Bayamey"" is based on which 1998 Korean film directed by Kim Jee-woon?",1,498.6339382509491,True
"Between the two musicians, Peter Garrett and Ryo Kawakita, who has had more diverse job experiences? ",0,270.7128447485479,True
"What band from Savannah, Georgia did the singer singer John Dyer Bailey sing for?",7,2864.271883385668,False
How long was the Underdog show presented by an English comedian Julian Clary?,7,3690.591627007379,False
What kind of activity are the niche-themed products Bookchase and San Marco?,2,562.6258185867669,True
"Born on the Fourth of July is a 1989 American biographical war drama film based on the best-selling autobiography of the same name by which Vietnam War veteran, and an American anti-war activist, writer, and former United States Marine Corps sergeant, who was wounded and paralyzed?",7,3690.591627007379,False
What year was the composed of Lux Aurunque born?,7,2864.271883385668,False
On which novel is the 1965 film with a character Agent Zeke Kelso based?,7,2864.271883385668,False
What Franklin county town did Bruce Bryant represent?,1,498.6339382509491,True
"During Which debt crises did PIGS  used to refer to the economies of Portugal, Ireland, Greece, and Spain, four EU member states",1,498.6339382509491,True
"Which series aired first, Auction Kings or Pawn Stars?",0,270.7128447485479,True
Were both Ted Tetzlaff and David Siegel film actors?,0,270.7128447485479,True
What film title does J. F. Lawton and Shawn Levy have in common?,7,3690.591627007379,False
Jolen is a member of the race of what type of people created by Marvel Comics?,7,2864.271883385668,False
What is the name of the album that was released by David Bowie that was recorded in secret?,0,270.7128447485479,True
What year was the Montgomery based school that Mabel Murphy Smythe-Haith's father taught at founded?,0,270.7128447485479,True
"As of 2016, which band released more albums, The Last Shadow Puppets or The Classic Crime?",5,1864.9011340246145,True
"What is the year of the event which occurred first, Vessel was released, or Debut was released?",2,562.6258185867669,True
"Otryadyn Gündegmaa, is a Mongolian sports shooter, she competed in 10 m and 25 m pistol events at the 1996 Summer Olympics, known officially as the Games of the XXVI Olympiad and unofficially as the Centennial Olympic Games, was a major international multi-sport event that took place in Atlanta, Georgia, from July 19 to August 4, 1996, in which country?",0,270.7128447485479,True
"Ettore or Edoardo Ettore Forti was an Italian painter, who was prolific in depicting realistic Neo-Pompeian scenes of Ancient Roman life and events, these subjects were popular in the late-Victorian period, as exemplified by the popularity of Lawrence Alma-Tadema, born in Dronrijp, in which country?",0,270.7128447485479,True
"Which band-mate of Joe Perry's co-wrote ""Monkey On My Back"" and is known as the ""Demon of Screamin""?",0,270.7128447485479,True
What caucus is the current Representative from Texas's 6th congressional district a member of?,7,2864.271883385668,False
Vladimir Yaroshenko was a soloist with the choreographer who dominated Russian ballet for how many years?,7,2864.271883385668,False
"Martha Graham was an American modern dancer and choreographer, her style, reshaped American dance and is still taught worldwide, the Graham technique, is a modern dance movement style, and pedagogy created by the American dancer and choreographer Martha Graham, born on which date?",0,270.7128447485479,True
Lacu is a dummer from a sovereign state in Norther Europ whose population in 2016 was what?,2,562.6258185867669,True
Who was the goalkeeper who blocked the most decorated English footballer player of all time?,7,4516.91137062909,False
What is the French name of the bay into which the Big Salon River flows?,7,3690.591627007379,False
"In the 2016 romantic drama ""Me Before You"" directed by Thea Sharrock, Sam Claflin (who also appears in The Hunger Games) stars as which character?",0,270.7128447485479,True
"The Stage"" is a song by Avenged Sevenfold and the first single from their seventh studio album of the same name, which was released on which date?",1,498.6339382509491,True
What type of vegetation does Cerastium and Pavonia have in common?,7,2864.271883385668,False
Are A Tiger Walks and A Kid in King Arthur's Court both family films?,2,562.6258185867669,True
"Daniel Heartz is an American musicologist and Professor emeritus of Music at which public research university located in Berkeley, California?",0,270.7128447485479,True
"When is the cast in The Guardians born that is a South Korean singer, actor, fashion designer and television presenter?",7,2864.271883385668,True
Are Sparta and King Charles both from the same country?,0,270.7128447485479,True
Ray Winstone appeared in what 2005 French-British computer-animated adventure fantasy that was based on a TV series?,1,498.6339382509491,True
"Which actress had roles in the movies ""Janie Jones"" and ""Signs""?",2,562.6258185867669,True
What retired American soccer player is the head coach  of the team owned by Anthony Precourt and Precourt Sports Ventures LLC?,2,562.6258185867669,True
Which city in China is a prefecture-level city Xinzhou or Guanghan,7,2864.271883385668,False
"South Somercotes is a village and civil parish 8 mi north-east from Louth and approximately 2 mi south from which coastal village in the East Lindsey district, and the Marshes area, of Lincolnshire, England?",2,562.6258185867669,True
"What number post-Beatles album of Paul McCartney did ""No Words""  appear on?",7,2864.271883385668,False
What is the city that Victor Estrada was born in officially know as?,7,2864.271883385668,False
"Highway 42 runs northwest from where Highway 24 crosses the BNSF Railway's Northern Transcon,  a route operated by what Railway?",7,2037.9521397639564,False
Who developed the game which Folkenstal features weapons and armors in a cosplay? ,7,2864.271883385668,True
How is Scott Speedman and Michael Corvin related?,7,9474.829832359363,False
A 2005 French-language Canadian coming of age drama features artists including an American country music singer who died in the crash of a plane belonging to who?,2,562.6258185867669,True
"Downton is a civil parish in Herefordshire, located in the north of the county and containing the village of Downton-on-the-Rock, in which manuscript record of the ""Great Survey"" of much of England and parts of Wales completed in 1086, Downton is referred to as ""Duntune"", meaning ""hill settlement""?",0,270.7128447485479,True
"What high school did NFL quarterback, Heisman winner, and OU football player graduate from?",2,562.6258185867669,True
"What actress starred with James Franco in Palo Alto and played Kristina Jung in ""Blow""?",1,498.6339382509491,True
"Stainby is a hamlet in the South Kesteven district of Lincolnshire, and is situated 2 mi west from the A1 road, the A1 is the longest numbered road in which country?",7,2864.271883385668,True
"In addition to A Bayou Legend, how many other works did William Grant Still compose?",7,2864.271883385668,False
"Jim Keller is a microprocessor engineer most well known for his work at AMD and Apple, he was involved in designing which 32-bit package on package (PoP) system-on-a-chip (SoC) designed by Apple Inc. and manufactured by Samsung? ",2,562.6258185867669,True
Which television series did Deborah Ann Woll play in that was a spin-off of Marvel's Daredevil?,6,2499.044203727256,True
Where was the British singer-songwriter who composed The Princess Bride's soundtrack born?,4,1424.6899817918095,True
Are Braque d'Auvergne and Griffon Fauve de Bretagne both breeds originating in France ?,0,270.7128447485479,True
Amara Karan made her debut as the love interest in the film by the director of what nationality?,2,562.6258185867669,True
"What Golden Globe nominated American actor from Juilliard School played a role in the 1986 romantic drama film, Children of a Lesser God, directed by Randa Haines?",0,270.7128447485479,True
"Edwin van der Sar spoke to the crowd after the fireworks incident on April 20, 2014 during the KNVB Cup final match. Which team won that game?",7,2864.271883385668,False
Lynyrd Skynyrd lost three members in a crash of a plane that was chartered from which company?,2,562.6258185867669,True
Alvarezsauroidea was named after a physicist who won the Nobel Prize in Physics in what year?,2,562.6258185867669,True
"The World's Best Prom and Shape of the Moon, are films of which genre?",3,869.0830829186463,True
 Jack Harvey was born in a civil parish that as of 2011 had a population of what?,7,3690.591627007379,True
What county in Nevada contains both the City of Las Vegas and the College of Southern Nevada?,0,270.7128447485479,True
"Who manages the station that serves a small town and civil parish in the Borough of Pendle Lancashire, England with a population of 8,200 as of 2011?",7,3690.591627007379,False
Who airs the cartoon developed by Nicholas Boshier?,4,1424.6899817918095,True
The Genève-Servette HC competes in a league know by what name prior to the 2017-2018 season?,1,498.6339382509491,True
"Which Norwegian actress performed in Anton Checkhov's ""Three Sisters"" as well as a three-act play written by Henrik Ibsen set in Norway around 1879?",7,3690.591627007379,False
"Are Monastery of the Transfiguration, Kinaliada and Süreyya Opera House both Greek Orthodox monasteries? ",0,270.7128447485479,True
"Which of these has its entrance in Piyer Loti Caddesi, Hagia Sophia or Theodosius Cistern?",1,498.6339382509491,True
"A major character in the 2000 novel ""Storm Front"" had her name changed to what when the novel series was adapted for television?",7,3690.591627007379,False
Reader's Digest and Scientific American are both what?,2,562.6258185867669,True
What do it yourself magazine does William Gurstelle write for?,2,562.6258185867669,True
"Andover, located in Essex County, Massachusetts, is an example of a basic unit of local government and local division of state authority in each of the six New England states, commonly referred to in other states as what?",7,2864.271883385668,False
"While both singer-songwriters have displayed incredible talent, what sets Robert Palmer apart from Wayne Coyne, causing him to gain populatiry in two continents?",7,4516.91137062909,False
Waht kind of music do the bands Nada Surf and Madina Lake play?,2,562.6258185867669,True
"Which documentary, Crumb or Cancer, was produced first?",0,270.7128447485479,True
the made for television biopic  Ishi: The Last of His Tribe based on  Alfred L. Kroeber is about what tribe?,7,2864.271883385668,False
"What language was the radio station which played oldies from artists such as Leopoldo Dante Tévez, broadcasted in?",0,270.7128447485479,True
"What was the screenplay novelist, Caroline Thompson, base in an Victorian era village for Victor and Emily?",7,2864.271883385668,False
"What was the job title of this American engineer and former astronaut aboard Apollo 11, who inspired the musical Moon Landing?",4,1424.6899817918095,True
"The song ""Good Life"" recorded by G-Eazy and Kehlani appeared on the soundtrack for what  2017 action film directed by F. Gary Gray?",1,498.6339382509491,True
When was the 15th pick of the 2011 NFL born ?,7,2864.271883385668,False
"Which man, Ben Bagdikian or Eddie Mekka, is most famous for his role as Carmine ""The Big Ragu"" Ragusa on the sitcom ""Laverne & Shirley""?",0,270.7128447485479,True
"Mfon Sunday Udoka, is a Nigerian American former professional basketball player and the new Assistant Coach of the Nigeria women's national basketball team the Lady Tigers, she's the sister of NBA player Ime Sunday Udoka, a Nigerian-American former professional basketball player, and current assistant coach for the San Antonio Spurs, of which organization?",7,3690.591627007379,False
Fred Mundee attended the public high school that was built in what year?,7,2864.271883385668,False
"Are Beyazıt Tower and Miniatürk both in Istanbul, Turkey?",0,270.7128447485479,True
Which happened first Battle of Okinawa or Operation Nordwind ?,7,2864.271883385668,False
Ezhou and Yangzhong are both cities in what country?,0,270.7128447485479,True
The 2016 Baylor Bears football team were invited to what event when they defeated the 2016 Boise State Broncos?,1,498.6339382509491,True
The sauce that fills a BiFi Carazza is referred to as what by Italians?,7,3690.591627007379,False
What is the urdu name of Afghan citizens living as refugee in a country other than Iran?,3,869.0830829186463,True
Which brand shop in Beverly Center is based in Maranello ?,0,270.7128447485479,True
"Editors and Working for a Nuclear Free City, is of which nationality?",3,869.0830829186463,True
Into the Labyrinth was only was later shown in the United States as part of a program whose featurettes focused on characters with what?,7,2864.271883385668,False
Talking Smack is an American talk show whose past hosts have included the current Intercontinental Champion in his what?,4,1424.6899817918095,True
David J. Wineland was awarded the 2012 Nobel Prize in Physics jointly with which French physicist known for a study of the particle of light?,0,270.7128447485479,True
When did the event Rue d'Alésia is named for take place?,4,1424.6899817918095,True
In what Australian city did the United States ship supplies in 1943 as part of the Lend-lease policy during WWII,0,270.7128447485479,True
Eric Jacobson performed the Muppet character who was part of what fictional band?,1,498.6339382509491,True
How many caps for England did Lee Devonshire's son win ?,7,2864.271883385668,False
When was the by-election of a constituency represented in the House of Commons of the UK Parliament since 2010 by David Rutley held on?,7,3690.591627007379,False
Lucy Elizabeth Fry played the lead in a television series that follows Eve who is a 19-year-old what?,7,2864.271883385668,False
"Jasminum multipartitum is native to what landlocked country located in southern Africa, between the Zambezi and Limpopo Rivers?",2,562.6258185867669,True
At which age Audrey Kathryn Lindvall's super model sister was discover by IMG scout?,7,3690.591627007379,False
What is the fifth studio album by English musician George Harrison released as the follow-up to The album that was certified gold by the Recording Industry Association of America two days after release?,2,562.6258185867669,True
"What type of film are ""Transparent"" and ""Werner Herzog Eats His Shoe""?",0,270.7128447485479,True
What year did the famous amusement park across the street from Axeltory open?,7,2864.271883385668,False
"What band was formed earlier, Better Than Ezra or the Melvins?",0,270.7128447485479,True
"What is the nickname of the host for which ""Winner Take All"" is best known?",7,2864.271883385668,False
Steve Peterson appeared as which character in a Shakespeare comedy written for the close of the Christmas season?,2,562.6258185867669,True
Hoosier Lottery includes the sale of the lottery game offered by how many states?,7,2864.271883385668,False
Were the documentaries The Mosuo Sisters and Quantum Hoops released in the same year?,0,270.7128447485479,True
BLIZZARD! The Storm That Changed America was about the storm also referred to as what?,0,270.7128447485479,True
Emilio Botin was a banker that ran an institution that merged with what group?,0,270.7128447485479,True
"Which actress, model, and singer born in 1926 does the film Golden Hoofs star?",2,562.6258185867669,True
"What is the 2011 census population of this village and civil parish in Lincolnshire, England, where High Dyke road runs between it and Colsterworth?",7,2864.271883385668,False
Morning glory and Sorbus are both a genus of plants? ,7,2864.271883385668,False
Where is the Peace Palace Library located?,7,3690.591627007379,False
Where was the actress who starred in Trishna with Riz Ahmed born?,4,1424.6899817918095,True
"The song ""Boom"" features an artist born on January 17, 1971 with what legal name?",7,3690.591627007379,False
Are Camassia and Chelone both native to North America?,2,562.6258185867669,True
What type of band did a cover of a single that sold two million copies from 1969 to 1970?,7,2864.271883385668,False
Are the University of West Florida and FH Joanneum both American Universities ?,0,270.7128447485479,True
When was the director of King of the Dancehall born?,4,1424.6899817918095,True
WERT is a radio station that is broadcast from it studios on what transcontinental highway?,1,498.6339382509491,True
"What is a song from the 1966 Broadway musical with music by Cy Coleman, lyrics by Dorothy Fields and book by Neil Simon directed and choreographed for Broadway by Bob Fosse starring his wife and muse Gwen Verdon alongside John McMartin, in which  the character of Charity reflects on her marvellous luck as she spends time with Vittorio ?",2,562.6258185867669,True
"What type od dance music inspired the band, ""The Kabalas""?",7,3690.591627007379,False
Plastic is a British-American action comedy-crime film starring an English actress best known for playing the role of Hannah Ashworth in what long-running soap opera?,0,270.7128447485479,True
"What show created by Michael G. Moye and Ron Leavitt aired on May 2, 2006 in Chile? ",2,562.6258185867669,True
In what year was the adventure film depicting the English sea captain and privateer of the Elizabethan era released?,7,2864.271883385668,False
What film company produced The Littlest Outlaw and The Jungle Book?,0,270.7128447485479,True
Westfield Culver City is owned by what Australian shopping centre company that existed from 1960 to 2014,1,498.6339382509491,True
What country holds both Fetteresso Castle and Cowie Castle?,0,270.7128447485479,True
Who was the two time Walter Camp Coach of the Year winner who led the 2000 Oklahoma Sooners to an Orange Bowl victory? ,0,270.7128447485479,True
The Chase is hosted by an actress who began her television career in what Spanish-American teen sitcom?,7,3690.591627007379,False
Bob Scucci was the former Assistant Race and Sports Book Manager at what casino resort located on 63 acres along the Las Vegas Strip?,1,498.6339382509491,True
"The 1920 NCAA football season had no clear-cut champion, with the ""Official NCAA Division I Football Records Book"" listing California, Georgia, Harvard, Notre Dame, and Princeton as national champions, Notre Dame was led by its first Walter Camp All-American, nicknamed ""The Gipper"", who died before the year was over, his name?",0,270.7128447485479,True
Are Onew and Judith Durham both singers?,0,270.7128447485479,True
"Who co- satrred with the actor who starred in several television series over more than five decades, including such popular roles as Bret Maverick in a 1959 episode of the Western comedy television series where A mean killer becomes jealous?",2,562.6258185867669,True
"Shanghai Noon was the directorial debut of an American film director whose other credits include Showtime, Failure to Launch, and what other film?",7,2864.271883385668,False
"What Chicago gang were Charles ""Chuckie"" Anthony Nicoletti and Salvatore ""Mooney Sam"" Giancana, better known as Sam Giancana, apart of?",0,270.7128447485479,True
Peter Thomas Ward played for a team that was offically renamed in what year?,7,2864.271883385668,False
Which author of Superman: The Wedding Album is known for creating the superhero Booster Gold?,0,270.7128447485479,True
"Which musician was born first, John Tardy or Tom Barman?",1,498.6339382509491,True
The Wrekin is a hill that can be seen even as far as a landmark 47-storey mixed use skyscraper that is how tall?,7,2864.271883385668,False
Party Never Ends is an album by the Romanian singer who studied at what college?,7,2864.271883385668,False
Who is the artist of The Scarlet Letter and debdebuted on the music scene as Missy Elliott's protégée?,7,2864.271883385668,False
"Ran Nakash, is an Israeli cruiserweight boxer, his only loss to date occurred on which date, against WBO Cruiserweight champion Marco Huck, a German professional boxer known for his aggressive style and punching power?",1,498.6339382509491,True
"Which star of Don 2 was named by ""Time"" magazine as one of the 100 most influential people in the world?",7,2864.271883385668,False
"Morrisson Kaye also spelled as Morrisson K, formerly known as Morrisson, is an American singer, songwriter, producer and musician from the San Francisco Bay Area, his earliest official releases were underground tracks of which subgenre of house music, and originated in the 1980s, initially fusing elements of Chicago house with 1980s jazz-funk and touches of soul music?",5,2862.169010526513,True
What type of organism can both Bellis and Syzygium jambos be described as?,7,6995.870601494227,False
"Pandit Kishan Maharaj, was an Indian tabla player of Hindustani classical music, who belonged to which one of the six most common styles of playing of the Indian tabla? ",7,2864.271883385668,False
"Who composed the original score and songs of the film based on the play ""The Man Who Was Peter Pan"" by Allan Knee ?",7,2864.271883385668,False
Team Halfords Bikehut was the team of the British female cyclist who now works in what capacity?,7,2864.271883385668,False
"What was the royal title of the man whose German government backed the colonization of Poland by German settlers, one ofthe factors leading to the plight of rural Poland which was the focus of the novel The Outpost?",7,4516.91137062909,False
"A television show originaly aired on December 29, 1996 was written by a graduate of what University?",7,3690.591627007379,False
"When was the American fitness guru, actor, and comedian born who is known for his eccentric, flamboyant, and energetic personality and also a star of Rudolph the Red-Nosed Reindeer: The Movie?",3,869.0830829186463,True
Lewis Moran was murdered a week after the death of the hitman from what Australian city?,0,270.7128447485479,True
When was American actor who acted Spock in The City on the Edge of Forever born? ,2,562.6258185867669,True
"Which dog is now extinct, the Tahltan Bear Dog or the Stichelhaar?",0,270.7128447485479,True
In which city was the American alternative rock band who released the single Blinded formed?,2,562.6258185867669,True
What 2014 American 3D computer-animated musical fantasy adventure comedy film features a song recorded by British singer Leah McFall?,2,562.6258185867669,True
"John Gale, is from North Platte, Nebraska, and has served as the 26th Secretary of State of Nebraska since 2000, he is a member of the Republican Party, commonly referred to as the GOP, an abbreviation for what, is one of the two major contemporary political parties in the United States? ",0,270.7128447485479,True
Are The Million Dollar Duck and A Far Off Place both American films?,2,562.6258185867669,True
Which stadium in Orlando opened in 1936 and is found west of the home venue for the Orlando City SC?,0,270.7128447485479,True
Who was the director of the 2004 French action film for which Tony D'Amario is best known?,2,562.6258185867669,True
Whar did Sarfraz Ahmed do after Azhar Ali stepped down?,7,2864.271883385668,False
"The 2007 FIFA U-20 World Cup was the sixteenth edition of the FIFA U-20 World Cup (formerly called FIFA World Youth Championship), hosted by Canada held during which span of dates, Argentine player Sergio Agüero was given the FIFA U-20 Golden Shoe?",1,498.6339382509491,True
What is the nickname for this United States drag racer who drove Brutus?,7,2864.271883385668,False
What Milan based company made the tires for the Minardi M190?,0,270.7128447485479,True
Where was the NFL draft held in which Kenyatta Walker was selected in the first round by the Tampa Bay Buccaneers?,7,2864.271883385668,False
"St Estevam is an Island in Ilhas, Goa, India, it is also known as 'Shakecho Juvo' - the isle of vegetables - known for its long, seven-ridged, light green ladyfingers, Okra or okro, known in many English-speaking countries as ladies' fingers or ochro, is a flowering plant in which family? ",7,2037.9521397639564,False
Where was the captain that the USS Elrod is named after born?,2,562.6258185867669,True
"Aspects of Andrew Lloyd Webber is the second studio album by a singer that played what role in theAustralian premiere of ""The Phantom of the Opera""? ",0,270.7128447485479,True
"In what year did Tim Gaines leave the band whose eleventh release was ""The Roxx Regime Demos""?",1,498.6339382509491,True
ND Črnuče was managed in the mid-90s by the football coach of what nationality?,1,498.6339382509491,True
"""State of Grace"" and ""I knew You Were Trouble"" were both off of Taylor Swift's ""Red"" album, which song was written by Swift, Max Martin and Shellback?",0,270.7128447485479,True
Which American distance runner who died in an automobile accident in Oregon had a trail named after him?,0,270.7128447485479,True
"Manfred Moch was the featured solo trumpet player of the orchestra named after which German orchestra leader, music producer, and songwriter who died on June 21, 1980?",2,562.6258185867669,True
"Canelo Álvarez vs. Amir Khan, billed as ""Power vs. Speed"" and also known as ""Canelo vs. Khan"" or by the portmanteau ""Khanelo"", was a professional boxing fight which took place on May 7, 2016, and was contested for the WBC, ""Ring"" magazine and lineal middleweight titles, it was the first major sporting event to be held at T-Mobile Arena is a multi-use indoor arena on the Las Vegas Strip in Paradise in which US state?",0,270.7128447485479,True
"An operatic commedia in three acts that is by an Italian Baroque composer who was famous for operas and chamber cantatas, was first performed where?",2,562.6258185867669,True
"What is a rare breed of dog that was derived as a variant of Rat Terrier, Shiloh Shepherd dog or American Hairless Terrier ?",0,270.7128447485479,True
"Which TV show starring Will Smith was written by the creator of ""The Borowitz Report""?",2,562.6258185867669,True
Are Guadarrama National Park and Teide National Park both in the Spanish mainland?,0,270.7128447485479,True
When was the man who was filmed by his brother and friend as he built a romantic relationship on Facebook born?,7,2864.271883385668,False
What genre does both the tragic hero as a protagonist and the film The Great Santini fall into?,0,270.7128447485479,True
"What city features Endem TV Tower, a 257 m tall tower which once included a revolving restaurant 154 m above ground as well as Cağaloğlu Hamam, the last of its kind public hamam built in 1741 to raise revenue by a library.",7,2864.271883385668,False
What politician from New York served two terms representing New York in the United States Senate? ,2,562.6258185867669,True
What disorder the man whose protege starred in Where Danger Lives have?,7,3690.591627007379,False
John Still was a British archaeologist known for his discoveries at an ancient rock fortress located in what country?,0,270.7128447485479,True
Tammy Lee Grimes was an American actress and singer who starred in a Hallmark Hall of Fame TV special first broadcast in 1973 on NBC called what?,2,562.6258185867669,True
When did the politician who represented the electoral district in Sydney's West resign from his political party?,7,4516.91137062909,False
"What 2016 animated movie about birds, written by Jon Vitti, features characters also used in a pinball video game published by Rovio Entertainment in the same year?",0,270.7128447485479,True
Florence MacLeod Harper covered World War I on the eastern front for a newspaper that was was founded in what year?,6,4109.226608892913,True
Who was a successful artist at Philips Classics Records?,1,498.6339382509491,True
"Who was the original executive producer of the children's television series, produced by Sesame Workshop and created by Joan Ganz Cooney and Lloyd Morrisett?",7,2864.271883385668,False
What is the connection between Félix du Temple de la Croix and Early flying machines?,7,3690.591627007379,False
Which topic in the Dear America series took place in New York City?,7,3690.591627007379,False
"Who is best known for writing and directing science fiction films such as ""Cube"", ""Cypher"", ""Nothing"", and ""Splice"", Vincenzo Natali or Leigh Jason?",0,270.7128447485479,True
What country does Florida Board of Regents and State University System of Florida have in common?,1,498.6339382509491,True
Tadesse Meskela is the General Manager of the Oromia Coffee Farmers Cooperative Union an was featured in a documentary film released in what year?,2,562.6258185867669,True
Where was the Hockey League which drafted Niclas Bergfors based?,7,2864.271883385668,False
In which year did the team that Jonathan Spector joined in 2006 move to its new home ?,7,2864.271883385668,False
"Ivano Bonetti (born 1 August 1964 in Brescia) is an Italian football manager and former midfielder, he appeared for the English club, Grimsby Town Football Club is a professional football club based in the town of Cleethorpes, Lincolnshire, England, that competes in what?",1,498.6339382509491,True
"Which person included in the label 300 Entertainment has a debut single ""Trap Queen?""",0,270.7128447485479,True
Whitechapel is a series that depicted a killer who was copying the actions of which unidentified serial killer?,0,270.7128447485479,True
"What star of the 1994 film Krantiveer was born January 1, 1951?",2,562.6258185867669,True
Who publishes a horror game with protagonist Ellie?,7,2864.271883385668,True
Federalist No. 7 was written by which of the Founding Fathers?,0,270.7128447485479,True
"Which song is sampled in ""Sugar"", a song from the 2015 album of the same name by Robin Schulz?",2,562.6258185867669,True
Which band was discovered by the man that recruited Peter Brown for their management team?,2,562.6258185867669,True
"Which is a correspondent for NBC, Janet Shamlian or Mia Tyler?",0,270.7128447485479,True
"Who is older, Rohan Bopanna or Sherwood Stewart?",1,498.6339382509491,True
What was the number one single by the band that features a lead singer who won the season finale of a television reality game show that premiered in 2010 on NBC?,7,4516.91137062909,False
Which racing circuit is the venue for the FIA Formula One Canadian Grand Prix and is home to the first formula one race won by a black driver?,0,270.7128447485479,True
What William Shakespeare play was written in 1599 and based on true events in Roman history?,0,270.7128447485479,True
What year saw the opening of the canal that runs thorough the western side of Little Bollington?,3,869.0830829186463,True
This voice actor stared as Hanna-Barbera's cartoon character Space Ghost in its American adult animated parody talk show?,1,498.6339382509491,True
Henry Gabriel Cisneros followed what Texas Revolutionary figure as a Latino mayer of a major American city?,1,498.6339382509491,True
"What hip hop group from Hollis, Queens, New York, founded in 1981 by Joseph Simmons, Darryl McDaniels, and Jason Mizell, was brought out by  the first rap crew from Dallas, Texas?",2,562.6258185867669,True
Jimmy Rooney was on the Australia national soccer team and a member of what?,2,562.6258185867669,True
"At what school is the ""A Real Young Girl"" director a professor at?",2,562.6258185867669,True
How did the first movie of the series that spawned Arthur 3: The War of the Two Worlds do internationally?,7,3690.591627007379,False
In what year was the 1958 movie starring Sofia Costanza Brigida Villani Scicolone set?,7,2864.271883385668,False
Do both The Life and Times and Beth Orton originate from America?,0,270.7128447485479,True
How tall is a Struthio camelus?,7,2037.9521397639564,False
Was Winnie the Pooh or The Jungle Book released first?,0,270.7128447485479,True
Which child actress began her career in 2006 and also stared in the television series The Emperor: Owner of the Mask?,2,562.6258185867669,True
"Silver City is a band that is an example of which genre, also known as avant-rock?",7,2864.271883385668,False
Return to House on Haunted Hill is a sequel to a 1999 horror film directed by whom?,2,562.6258185867669,True
"Who is younger, Yevgeny Kafelnikov or Allan Stone?",1,498.6339382509491,True
"What were the Royal Navy Battleships, that were considered the first fast battleships and were used in WWI and WWII?",0,270.7128447485479,True
"Harvey Milk is an American experimental rock/noise rock band that formed in Athens, Georgia in the early 1990s, one April Fool's Day gig at the 40 Watt in Athens, they performed R.E.M.'s ""Reckoning"" album from beginning to end, while which American singer, songwriter, musician, film producer, music video director, visual artist, and philanthropist, was in attendance?",1,498.6339382509491,True
What was the name of the Mafia faction headed by the person responsible for the assassination of Placido Rizzotto?,3,869.0830829186463,True
"What American composer who won the National Medal of Arts in 2007, also taught American composer Gregg Wager?",2,562.6258185867669,True
"Who is the director of the upcoming Candian drama film in which the actress who made her film début as the love interest in Wes Anderson's ""The Darjeeling Limited"" is starring?",3,869.0830829186463,True
"What american actor who was in the film Like Mike, also played in 2012 American military science fiction action film loosely based on the board game of the same name?",7,3690.591627007379,False
What year did Pietro Ferrero introduce his famous hazelnut cocoa product?,2,562.6258185867669,True
What country do both Kevin Kennerley and Nantwich Town F.C. have in comman,0,270.7128447485479,True
"What were the professions of the host of the documentary ""Anti-Semitism in the 21st Century: The Resurgence""?",7,2864.271883385668,False
What was the original name of the gazette that publishes Lytham St Annes Express?,7,2864.271883385668,False
Derrick Delite's rap was featured on the remix and video version of a song by an American singer that  began her career as a cheerleader for who?,7,2864.271883385668,False
"Who has a wider scope of profession, Natalie Merchant or Marian Gold?",0,270.7128447485479,True
Who directed the 2017 film in which Kim Hyang-gi starred?,7,2864.271883385668,False
Where did Auguste von Müller play Dalila in 1877?,7,3690.591627007379,False
Who won the Super Bowl that Big Bad Voodoo Daddy performed at the half-time show?,2,562.6258185867669,True
John D. Rockefeller III was the older brother of which chief executive of Chase Manhattan Corporation?,0,270.7128447485479,True
What member of Slam Creepers made a version of “Hooked on a Feeling”,1,498.6339382509491,True
Héctor Canziani  is best known for his directorship and production of the 1950 tango dancing film Al Compás de tu Mentira based on a play by a writer who passed away in which year ?,2,562.6258185867669,True
"Which episode of the HBO series that premiered on June 2, 2002 was written by Eric Overmyer ?",1,498.6339382509491,True
In what year did the railroad that built the High Bridge cease to operate?,7,2864.271883385668,False
Walls Have Eyes was produced by a member of what band?,4,1424.6899817918095,True
In which state is the Seattle Redhawks women's basketball team found?,0,270.7128447485479,True
Did the band Saosin form before the band No Devotion?,7,2864.271883385668,False
What was the nationality of the defending champion at the Men's Singles tournament of the 2013 BWF World Championships?,2,562.6258185867669,True
"Who is the founder and head of brewing company based in Milton, Delaware?",2,562.6258185867669,True
"Which form of plant is only found in Australia, Hakea or Blechnum?",0,270.7128447485479,True
"Which American actor, performance artist, and filmmaker directed  an American short slasher film That was released on October 31, 2011?",2,562.6258185867669,True
"The Single Guy is an American television sitcom that ran for two seasons on NBC, from September 1995 to April 1997, the series starred Ming-Na Wen as Sam's wife, Ming-Na Wen is an American actress, born when?",1,498.6339382509491,True
In which decade was the Ivel Z3 and the Prológica CP-400 developed in?,7,2864.271883385668,False
Stagger Lee was developed in collaboration with the school of arts at what university founded in 1911?,2,562.6258185867669,True
"King of Queens is the debut studio album by Nigerian singer Yemi Alade, it features guest appearances and skits from which Ghanaian hip hop and hiplife duo from Tema made up of Faisal Hakeem ""(Paedae da Pralem/Omar Sterling)"", and Rashid Mugeez ""(Mugeez)""?",1,498.6339382509491,True
"Which album from the band with singer, rhythm guitarist and songwriter Ric Ocasek, singer and bassist Benjamin Orr, lead guitarist Elliot Easton, keyboardist Greg Hawkes and drummer David Robinson included the song ""I'm Not the One""?",1,498.6339382509491,True
The Curzon Ashton L.F.C. consists of which gender?,7,2864.271883385668,False
"Where does Irina Peltsin's character live in the show ""The Sopranos""?",2,562.6258185867669,True
What network did the 2003 animated television show voiced by Jim Conroy air on?,7,2864.271883385668,False
What country was Daniel Awde born in?,2,562.6258185867669,True
Which American singer appeared in music videos for R&B group B2K and also featured on the mixtape Detroit by American rapper Big Sean? ,0,270.7128447485479,True
Yang Yun-ho has directed the 2004 South Korean film based on which Japanese book?,7,2864.271883385668,False
Who is the half-brother of the man whose mother was also known as M. Bible?,7,3690.591627007379,False
Which British aristocrat and politician born in 1945 served as the Chairman of the Council of King's College London before Christopher Geidt?,1,498.6339382509491,True
"Which novelist, Raymond Queneau or Peter Straub, has received the Bram Stoker Award?",0,270.7128447485479,True
"Which film was produced first, Gay Sex in the 70s or Listen to Britain?",0,270.7128447485479,True
When was the Commissioner and former Governor of South Australia born who was also chancellor of the University of Adelaide?,7,2864.271883385668,False
In what year was the founder of 'the Chess Player's Chronicle' born?,2,562.6258185867669,True
Duke is a fictional character who is portrayed by an actor who made his film debut in what 2005 film?,2,562.6258185867669,True
Marguerite Coppin was a pioneer in women's rights along with the activist and suffragette leader of what nationality?,3,869.0830829186463,True
The 1981 Nebraska Cornhuskers football team represented the largest university in which system?,1,498.6339382509491,True
"Who was born first, Yakov Protazanov or Cynthia Mort?",0,270.7128447485479,True
"Which film came out later, Pocahontas or The Game Plan?",0,270.7128447485479,True
What series does the American character actor best-known for playing General Hammond star in the first episode?,7,6169.550857872515,False
Buck Barrow is married to what fringe member of Bonnie and Clyde's gang born in 1911,0,270.7128447485479,True
"The End is an EP by English heavy metal band Black Sabbath, released on which date, it was only available at dates on their final tour The End Tour, the farewell tour of the heavy metal band Black Sabbath?",2,562.6258185867669,True
"Which actress in ""Raja Rajendra"" was also in ""Drishyam""?",7,3690.591627007379,False
"Heinrick Palmgren hosts a show called Red Ice Radio, which has featured David Of me. In what year was David Of me born?",7,2864.271883385668,False
Who did Rayan Potter voice in Disney's 54th animated feature film?,2,562.6258185867669,True
What genre are both Giant Drag and Chagall Guevara?,1,498.6339382509491,True
"Which financial service is headquartered in North Carolina, Jefferies Group or Bank of America?",0,270.7128447485479,True
Which lead actor from the movie Vox populi was born on 17 January 1980 ?,7,2864.271883385668,False
Dicksboro is located Kilkenny which is administered buy a borough with a population of how much?,2,562.6258185867669,True
"The Menu television series stars among others, Noel Leung, a Hong Kong actress known for her roles in what?",2,562.6258185867669,True
What sport are Mary-Ann Eisel and Christo van Rensburg known for playing?,7,2864.271883385668,False
The Washington Bullets player who missed the entire 1991-1992 season with a right knee injury was born in what year?,7,2864.271883385668,False
How much money did the Oshoites borrow in 1885 from Helen Byron?,4,1424.6899817918095,True
"Savenac Nursery was created by Elers Koch, of the Forest Service, who also helped fight the Great Fire of 1910, commonly referred to as the Big Blowup, the Big Burn, or what?",0,270.7128447485479,True
Will Penny was a western starring the actor and activist of what nationality?,0,270.7128447485479,True
Ho Mann Jahaan is a  2016 coming-of-age drama film with dialogues by a Pakistani actor from where?,7,2864.271883385668,False
What is the name of the former hotel in the Alps now used as an environmental research station which lies at the summit of the Zugspitze in Germany?,1,498.6339382509491,True
How many doors was the hatchback introduced in late 2000 by BMW in the former Morris plant?,7,3690.591627007379,False
Marley Shelton had a role in the coming-of-age baseball film directed by whom?,0,270.7128447485479,True
"In 2009, what 636000 sqft shopping mall connected to Caesars Palace was ranked as America's most profitable by US News & World Report",1,498.6339382509491,True
Battle Born Studios is located in the unincorporated town that is part of what county?,3,869.0830829186463,True
"When was the English actress, writer, and comedian born who was a star in Girls on Top and in French and Saunders?",2,562.6258185867669,True
Mandaluyong includes a shopping mall that is located in what shopping center?,2,562.6258185867669,True
Earl Dibbles Jr recorded a song titled Backroad Song which is included on which album?,3,869.0830829186463,True
Excuse My French was the debut album that features a guest appearance by the American rapper and actor from what Ohio city?,0,270.7128447485479,True
The Silver Nugget is a casino and arena located in a city that was incorporated on what date?,7,2864.271883385668,False
What was the 2010 population of Sarah Beth James's hometown?,4,1424.6899817918095,True
Henry Ephraim Robins the the eighth President of a college in a state with what capital?,2,562.6258185867669,True
Who wrote the screenplay for the American psychological thriller film in which Kimberly Beck played a role?,7,2864.271883385668,False
"What multinational medical device, pharmaceutical and consumer packaged goods manufacturing company founded in 1886 is a notable client of global management consulting girm Amritt?",2,562.6258185867669,True
In addition to cooked and mashed beans accompanying Huevos a la mexicana what food is mixed in the eggs at the end of preparation? ,1,498.6339382509491,True
Across the Moon stars Christina Applegate and another actress born in which year ?,7,2864.271883385668,False
Are both Bunchosia and Onoclea genus of plants?,0,270.7128447485479,True
"In what year was the US naval gun designed for the battleships to help Argentina counter Brazil's two ""Minas Geraes""- class battleships?",1,498.6339382509491,True
Who founded both the Sapling Foundation and Future Publishing?,1,498.6339382509491,True
"Which film director directed the internet video serial ""God, Inc."", Roman Karmen or Francis Stokes?",1,498.6339382509491,True
"Which director has won more Canadian Screen Awards, Sidney Olcott or Denis Villeneuve?",0,270.7128447485479,True
What is the nickname of the head coach on whose team Bill Walton played in the early 1970s?,7,3690.591627007379,False
Are Robin Hobb and Winston Churchill both American writers?,0,270.7128447485479,True
"What actress was in both the films ""Happy Mother's Day, Love George"" and ""The Day the Earth Stood Still""?",1,498.6339382509491,True
"Which of the two Soviet mathematicians was born first, Alexander Gelfond or Aleksandr Danilovich Aleksandrov?",0,270.7128447485479,True
"The Tri-City ValleyCats play at which stadium located on the campus of Hudson Valley Community College in Troy, New York?",0,270.7128447485479,True
Who was hired in April 2010 to replace former head coach Cindy Stein of the team that lost in the second round of the SEC Women's Tournament to Auburn?,2,562.6258185867669,True
"Who won more competitions in tennis match, Dick Crealy or Mary Pierce?",1,498.6339382509491,True
Where is the headquarter of an American restaurant holding company who's chairman and chief executive officer was Jon L. Luther?,4,1424.6899817918095,True
What American businessman and guided the character Epick Mickey?,2,562.6258185867669,True
"Dicksonia and Hardenbergia, are found in Australia?",7,2864.271883385668,False
When was the fort commanded by George Armistead during the Battle of Baltimore first built?,0,270.7128447485479,True
What occupation did Anja Salomonowitz and Wendy Toye share?,2,562.6258185867669,True
Joseph Ward and Michael Tippett are both of what decent?,0,270.7128447485479,True
Buck Wolf is a former fashion editor from what weekly celebrity magazine?,0,270.7128447485479,True
"What Teaneck, NJ headquartered the multinational corporation featuring Betsy Atkins on the Board of Directors?",3,869.0830829186463,True
when was the American football player who starred in  Victor/Victoria born ,4,1424.6899817918095,True
"What is the name of a district of Buenos Aires, Argentina and the southernmost barrio in Capital Federal, and contains the Autódromo Juan y Oscar Gálvez, home of the Argentine Grand Prix, a round of the Formula One championship?",0,270.7128447485479,True
What is the name of the baseball park located in the historic warehouse distric of downtown Minneapolis and is home of the Minnesota Twins?,0,270.7128447485479,True
"""Lost in Space"" aired on Fox's programming block on which day of the week?",3,869.0830829186463,True
"What is the birth date of a man who was presented with a performance that took place took place June 16, 1992, at the New York State Theater, Lincoln Center?",7,2864.271883385668,False
The AXIS is located in a casino that is owned and operated by who?,7,2864.271883385668,False
Walkin' is the debut mini-album by which South Korean singer-songwriter and record producer?,7,2864.271883385668,False
Were the bands  OK Go and The New Pornographers formed in the same city?,0,270.7128447485479,True
Cabalva made three voyages for which English and British joint-stock company?,0,270.7128447485479,True
"New Hampshire Route 31 begins in which Hillsborough County, New Hampshire town?",2,562.6258185867669,True
Who directed the film that Amanda Brooks starred in in 2007?,4,1424.6899817918095,True
"Which Indian political party represented in the Indian vice-presidential election, 2012 has Narenda Modi as its leader?",7,2864.271883385668,False
The 2014–15 Kilmarnock F.C. season ended with a loss to what Glasgow-based team?,7,4516.91137062909,False
"Christelyn Karazin is an American writer, columnist, and blogger on the subject of interracial dating, particularly black women dating outside their race, she has written for which digital magazine, an American weekly marketed toward African-American readers, it was founded in 1951 by John H. Johnson of the Johnson Publishing Company in Chicago, Illinois?",2,562.6258185867669,True
 Argent Corporation was a company in Las Vegas that at one time controlled a hotel that operated when?,7,2864.271883385668,False
"Xiaogan and Datong, are in which country?",1,498.6339382509491,True
"Which contains more species, Stigmaphyllon or Aloe?",0,270.7128447485479,True
"By whom is employed now Sean McDonough who used to be a broadcaster partner of Peter Joseph Cronan, a former American football linebacker in the National Football League (NFL) for the Washington Redskins and the Seattle Seahawks?",0,270.7128447485479,True
Kuk Harrell won his fourth Grammy for the song by Rihanna from what album?,3,869.0830829186463,True
Ken Lee is a businessman who co-founded a retailing company that is specialized in which products ?,2,562.6258185867669,True
"Jessica Knappett (born 1984) is an English comedy writer and actress, known for playing Lisa in The Inbetweeners Movie, a British coming-of-age comedy film based on the E4 sitcom ""The Inbetweeners"", written by series creators Damon Beesley, and Iain Morris and directed by Ben Palmer, released in what year>",1,498.6339382509491,True
The Making of the Representative for Planet 8 features an empire named after a star in what constellation?,6,3304.1354063100844,True
Luke Day was known for his leadership role in an armed uprising in Massachusetts that ended in what year?,0,270.7128447485479,True
"Which band was formed earlier, Marilyn Manson or Walk the Moon?",0,270.7128447485479,True
What nationality were both Richard Llewellyn and Saki? ,3,869.0830829186463,True
A Lady's Morals starred which English aviator and amateur boxing champion?,1,498.6339382509491,True
Which geologic formation is found in the northern edge of Patagonia?,7,3690.591627007379,False
what chain of British department stores was built in 1961?,7,3690.591627007379,False
"In between Splash and Son of Flubber, which one was directed by Ron Howard?",2,562.6258185867669,True
"Who is the cinematographer for the 1998  Indian romantic thriller film in the backdrop of insurgency in Northeast India, written and directed by Mani Ratnam, and produced by Mani Ratnam, Ram Gopal Varma, and Shekhar Kapur?",4,1424.6899817918095,True
"Hiwassee Dam is the third highest dam in the TVA system, behind the hydroelectric dam in what two North Carolina counties as the highest?",3,869.0830829186463,True
"Closer to the Sun is the third studio album by Australian singer-songwriter Guy Sebastian, released on 28 October 2006 by Sony BMG Australia, some tracks that appear on the album were premiered at the free concert, on 27 September 2006, at Federation Square,  a mixed-use development in the inner city of Melbourne, it is located at the intersection of Flinders Street and Swanston Street/St Kilda Road in the city's Central Business District, adjacent which location?",3,869.0830829186463,True
 Christmas Bounty is a 2013 television film that stars an American actress who is most notable for her role in what?,7,2864.271883385668,False
"Which nation shares Hispaniola with the country the United States intervened with, after which The Inter-American Peace Force (IAPF) was established?",0,270.7128447485479,True
"Henry: Portrait of a Serial Killer is a 1986 American psychological horror crime film, the characters of Henry and Otis are loosely based on real life serial killers Henry Lee Lucas and which American drifter and serial killer who was convicted of six counts of murder?",2,562.6258185867669,True
"The Battle of Tornavento was a feature of the Thirty Years' War, a religious conflict across which continent?",0,270.7128447485479,True
"Where in England does Maxime Teremoana ""Max"" Crocombe play football? ",6,3304.1354063100844,True
Are Youssef Chahine and Gordon Douglas both directors?,0,270.7128447485479,True
"The Palais Theater is located in what inner suburb, whose local government area is the City of Port Philip?",0,270.7128447485479,True
In which sitcom did future hobbit and sleuth's assistant Martin Freeman make his name?,0,270.7128447485479,True
A mythical forest creature that is seductive and from Sweden has the same being as what divine figure?,1,498.6339382509491,True
What level of education does Ateneo de Davao University offer that the University of Minnesota does not?,2,562.6258185867669,True
"Afghan Hound and Rhodesian Ridgeback, are a type of which animal?",0,270.7128447485479,True
What is the chemical formula of the kind of ash of which Middlewich Folk and Boat Festival celebrates the raw materials needed for the manufacturing?,7,3690.591627007379,False
Who was the coach who left for Milan the same year that the first golden goal scorer was topscorer for Udinese Calcio?,1,498.6339382509491,True
"What is a unit of measurement used in tabletop role-playing games to quantify a player character's progression through the game , used in the game that revolves around a leader who must lead an army in phalanx formation across a battlefield in real-time against overwhelming enemy forces while freeing and recruiting soldiers along the way?",5,2862.169010526513,True
"""Happy Birthday to You"", more commonly known as simply ""Happy Birthday"", is a song that is traditionally sung to celebrate the anniversary of a person's birth, the melody, comes from the song ""Good Morning to All"", which has traditionally been attributed to American sisters Patty and who, which was an American songwriter and musicologist?",0,270.7128447485479,True
Are Phacelia and Nymphaea both types of plants?,0,270.7128447485479,True
On which stock exchange does the makers of Panadol night have a primary listing?,0,270.7128447485479,True
Where did the band that Billy Ray Latham joined in 1974 come from ?,6,3304.1354063100844,True
"What sport are both the 2015 City of Onkaparinga ATP Challenger and Happy Valley, South Australia known for?",0,270.7128447485479,True
"Who directed the 2017 Indian thriller film starring two Filmfare award-winning actor from films such as ""Border"" (1997) and ""Gandhi, My Father"" (2007)?",7,4516.91137062909,False
What Canadian actor starred in Freeloaders?,7,3690.591627007379,False
Come and Get It: The Best of Apple Records included recordings produced by the guitarist who had what nickname?,7,2864.271883385668,False
"Spaceballs, a 1987 American film, starred which actor that was best known for his role in ""Eight is Enough""?",2,562.6258185867669,True
Composer George Frideric Handel  played the glockenspiel and was influenced by what composers?,7,2864.271883385668,False
Cornell Iral Haynes Jr. had released how many studio albums as of 2013?,7,3690.591627007379,False
"When was the military branch, for which Christian Roy Kaldager served, established?",4,1424.6899817918095,True
"If you use the lyrics from Tom Lehrer and the tune of Major-General's Song The Pirates of Penzance, what list will you be able to recite?",7,3690.591627007379,False
Gareth Lewis's second short starred an actor best known for his roles in what Alan Bennett play?,0,270.7128447485479,True
 KBSO broadcasts a subgenre of American country music known for fusing what ?,7,2864.271883385668,False
In what country was John Howe a college chaplain?,7,3690.591627007379,False
Kevin Quinn starred in a Disney channel series which was a spinoff of what show?,2,562.6258185867669,True
What town in Mineral County is part of the area that Republican legislator Nicholas Schaderer represents?,1,498.6339382509491,True
Vincent Knesevich de Szent-Helena had troops march into the County of Tyrol in 1805 but what year was it crowned land of Austria-Hungary?,4,1424.6899817918095,True
Was Syd Barrett or Nate Albert born first?,7,2864.271883385668,False
"This biographical crime film is fictionally based on the criminal career of an American former drug trafficker, who operated in what city?",7,3690.591627007379,False
"Who co-authored a 2003 biography of Muhammad Ali along with Don Atyeo, in which chapter on Ali's fight with a two-time world heavyweight champion and an Olympic gold medalist has been described as ""an absolute classic""?",1,498.6339382509491,True
The professional ice hockey league that the Peoria Rivermen are part of is based in what state?,7,2864.271883385668,False
"In which city is Swinburne University of Technology, home of the Centre for Astrophysics and Supercomputing?",1,498.6339382509491,True
The Ghost and Mrs. Muir was a film that was created by the studios located in what area of Los Angeles?,7,2864.271883385668,False
Who was a member of the IO theater and the host of a CBS talk program? ,2,562.6258185867669,True
"What is the book series, written by Cecily von Ziegesar, that the character Eric van der Woodsen appears in?",0,270.7128447485479,True
"In what year did Frederick Chesson meet the author of ""Incidents in the Life of a Slave Girl""?",2,562.6258185867669,True
"NBA Access with Ahmad Rashad, an American sportscaster (mostly with NBC Sports) and former professional football player, is an American television program which initially aired on Saturday afternoons on which channel?",1,498.6339382509491,True
"Which album came after ""The Dutchess""?",2,562.6258185867669,True
"Who died at an earlier date, H. P. Lovecraft or Timothy Leary?",7,2864.271883385668,False
"In which American space drama film did Clint Eastwood star with the actor who played Bret Maverick in the 1950s western comedy series ""Maverick""?",0,270.7128447485479,True
Which director did sound engineer Joseph Geisinger work with to be nominated for an Academy Award?,2,562.6258185867669,True
What's the difference between Texas Monthly nd Lucky?,7,4516.91137062909,False
"Moscow Water Dog and Bavarian Mountain Hound, are a breed of what?",0,270.7128447485479,True
What actor in the Calendar Girl Murders was born in March?,2,562.6258185867669,True
"Sandy Fox was a voice actress in King of the Hill, what else do they have in common?",7,3690.591627007379,False
"Comedian Frank Gorshin was a member of The Kopykats, a group of comedians on which television variety show in 1972?",2,562.6258185867669,True
The short story from The Wind’s Twelve Quarters that won the Hugo Award in 1974 was published in what year?,3,869.0830829186463,True
"The winner of the first season of ""Next Great Baker"" would win an apprenticeship at the bakery owned by who?",1,498.6339382509491,True
Alberto Noguera Ripoll plays for a team based in the autonomous community of?,7,2864.271883385668,False
King of the Jungle was a song written by the girl group formed in what city in 1981?,2,562.6258185867669,True
"What album, produced by John Leckie and engineered by Nigel Godrich, features artwork by the same person who did the artwork for another of the band's albums, Johnny Greenwood is the Controller?",7,4516.91137062909,False
In what city was the theme park located that ran along the interstate that runs between Interstate 70 and Interstate 35 in Kansas?,2,562.6258185867669,True
"Which English stage and film actress, born in 1981, starred as a ghost in the British supernatural comed-drama television series Being Human",7,2864.271883385668,False
What division is the most decorated in the US Army and commands the polish task force?,2,562.6258185867669,True
The band that produced the live album Return to Paradise is from what city?,7,2864.271883385668,True
Ashley Hicks' mother is a great niece of what Empress of Russia?,2,562.6258185867669,True
"What position does Hank Aaron, guest star of  ""A Leela of Her Own"", currently hold with the Atlanta Braves?",2,562.6258185867669,True
Robinson's Onion grows in Ferry County in a specific state; what is the capital of that state?,0,270.7128447485479,True
"What year was Rush's album released containing the track ""The Twilight Zone""?",0,270.7128447485479,True
Adrienne Maloof was a businesswoman who is part of a family from what city?,2,562.6258185867669,True
"What is the birthday of the man who asked Andrés Thomas ""Why would you even throw him a strike?""",7,2864.271883385668,False
When did the Soviet composer of French language title L'amour des trois oranges die?,7,2864.271883385668,False
"Svetlana Germanovna Parkhomenko, is a retired Soviet and Russian tennis player and tennis coach, she's the bronze medalist in women's and mixed doubles, in which titled event that took place in Edmonton, Alberta, Canada between July 1 and 12, 1983?",2,562.6258185867669,True
What reality show did the co-hosts of the 2014 Much Music Video Awards star in?,2,562.6258185867669,True
What Republican previously served in the Minnesota House of Representatives and was elected in 2008 to the U.S. House of Representatives?,7,2864.271883385668,False
Mick Napier has directed the host of which satirical Comedy Central program?,6,3304.1354063100844,True
Do the documentaries Traceroute and War/Dance have the same director?,0,270.7128447485479,True
"Who owns a mall in Youngstown, Ohio with a BAM! store?",3,869.0830829186463,True
Meirchion Gul was a King of which Brittonic-speaking region of Northern England and Southern Scotland?,0,270.7128447485479,True
A character named Lance Rocke appeared in a 1970 film co-written by Russ Meyer and what other person?,1,498.6339382509491,True
The 1983–84 New York Knicks season included the retired basketball player at small forward who played a total of how many seasons?,6,2499.044203727256,True
What is the nickname of the first baseman who was traded by the Padres in 2010?,7,2864.271883385668,False
"Who was born earlier, Gerina Dunwich or Erich Maria Remarque?",0,270.7128447485479,True
When was the first solo art exhibition of the author of the book Comet in Moominland ? ,4,1424.6899817918095,True
"Who was born first, Pavel Alexandrov or Grigory Margulis?",0,270.7128447485479,True
Did The Threepenny Opera and Macbeth have the same writers?,0,270.7128447485479,True
Are Dan McCafferty and Eddie Vedder both singers?,0,270.7128447485479,True
"Andrea Albert Pierre Casiraghi, is the elder son of Caroline, Princess of Hanover, and her second husband Stefano Casiraghi, and is the eldest grandchild of Rainier III, Prince of Monaco, and which American actress, who became Princess of Monaco after marrying Prince Rainier III, in April 1956?",0,270.7128447485479,True
Copenhagen Consensus was conceived by the author and visiting professor at what college?,2,562.6258185867669,True
What type of media does Seed of Chucky and Child's Play 3 have in common?,2,562.6258185867669,True
"University of Maryland, College Park is the largest university in that state. In what state is Rutgers University the largest institution for higher learning ? ",0,270.7128447485479,True
The European Democrat Union includes the members whose ideology includes which ideology that is mostly based on ethical liberalism?,7,3690.591627007379,False
"What is a 2005 French-British computer-animated adventure fantasy film based on the television series ""The Magic Roundabout, that had an English film and television actor well known as a voice over actor ? ",0,270.7128447485479,True
When did the coach of the Karachi Kings finish his time as coach of the Australia national cricket team ?,1,498.6339382509491,True
Extinction stars which Australian model and actress?,7,3690.591627007379,False
In 2010 what was the population of the city in which the radio station WBZW is located ?,4,1424.6899817918095,True
What band is Dimebag Darrell's brother best known for co-founding?,0,270.7128447485479,True
Who principally owns the parent company of Hindustan Zinc Limited  ?,3,869.0830829186463,True
Whitey Hilcher played for a baseball team that joined the National League (NL) in what year?,7,2864.271883385668,False
"Who was born more recently, Dean Koontz or A. E. Housman?",0,270.7128447485479,True
"What American actor and writer born September 10, 1969 is starred in the 2008 film Quarantine?",7,2864.271883385668,False
"Steven Ernest ""Steve"" Sailer is an American journalist, blogger, and movie critic, a columnist for which online magazine of politics and culture published by the Greek paleoconservative journalist and socialite Taki Theodoracopulos?",0,270.7128447485479,True
"Which breed of dog is extinct, the Bracco Italiano or the St. John's water dog?",0,270.7128447485479,True
In what year was the author of the book series which had the character Opal Koboi born?,2,562.6258185867669,True
"Keith County, Nebraska is located over what 174000 sq mi aquifer?",0,270.7128447485479,True
How many Americans are of the decent in which Peter L. Jensen is?,4,1424.6899817918095,True
"In which city was the composer of ""Prima la musica e poi le parole"" born?",2,562.6258185867669,True
"""The Little Sisters of Eluria"" was included in which American author's collection ""Everything's Eventual"" ?",0,270.7128447485479,True
Who owns the upscale shopping mall known for luxury retail on Florida State Road 922?,3,869.0830829186463,True
"Which boy band that was formed in Orlando, Florida in 1995 was featured on the soundtrack to the film ""Light It Up""?",0,270.7128447485479,True
Edward Scobie is best known for research he did in which african immagrants in Europe are born from where?,7,2864.271883385668,False
"Celeborn, is a fictional character in J.R.R. Tolkien's Middle-earth legendarium, Celeborn is an Elf, and the husband of who?",0,270.7128447485479,True
"Which artist is in more bands, Stacey McClean or Hansi Kürsch?",0,270.7128447485479,True
Do we know for a fact that Alfred L. Werker directed more films than Jon Jost?,0,270.7128447485479,True
"What year was the mother of Masako, Crown Princess of Japan born?",0,270.7128447485479,True
Julian Marley is a believer in what religion that was developed in Jamaica?,2,562.6258185867669,True
"Who has spent more time in the heavy metal music industry, Kevin DuBrow or Lance King?",0,270.7128447485479,True
When was the American entrepreneur and venture capitalist born who created the Thiel Fellowship?,2,562.6258185867669,True
"Deliver Us From Evil explores the life of what Irish priest who raped, molested and abused at least 25 children in what state?",7,2864.271883385668,False
When was the Australian radio and television presenter who was part of the host for 1 vs. 100 born? ,7,2864.271883385668,False
Baseball All-Star Bo Jackson and Craig Erickson were both drafted twice in the NFL Draft. What team do they have in common?,0,270.7128447485479,True
What song recorded by Barbadian recording artist Rihanna was written by Corey Chorus?,2,562.6258185867669,True
What was the nickname of the Brazilian heiress that signed the Lei Aurea?,2,562.6258185867669,True
Katherine Bailess acted in what series that was originally title Bounce?,2,562.6258185867669,True
"Kurt Julian Weillwas a German composer, active from the 1920s in his native country, and in his later years in the United States, with Brecht, he developed productions such as his best-known work, the Threepenny Opera is a ""play with music"" by Bertolt Brecht and who, adapted from John Gay's 18th-century English ballad opera, ""The Beggar's Opera""?",2,562.6258185867669,True
"What cast member of ""All That"" is known for playing a talk show host on the recurring SNL sketch ""What Up with That?""?",0,270.7128447485479,True
Ubaydallah ibn Abdallah ibn Tahir was the last major Tahirid to hold high office in what dynasty?,7,3690.591627007379,False
Are Robert Florey and Geoff Murphy both in the film-making profession?,0,270.7128447485479,True
Consider the eccentric Knoxville businessman with whom George Roby Dempster often staged politcal battles. In what year were they born?,4,1424.6899817918095,True
Eric Dane co-starred in a film directed by who? ,7,2864.271883385668,False
What secret program involved Georg von Tiesenhausen?,2,562.6258185867669,True
What is included in the complex where the play Punk Rock was premiered?,7,2864.271883385668,False
Are eith Nicotiana or Encyclia genus of pine trees?,2,562.6258185867669,True
"Are both documentary films The One Percent and Air Force, Incorporated from the same country?",0,270.7128447485479,True
Vaishali Samant appears on the soundtrack of a film directed by which person?,7,2864.271883385668,False
X Marks the Spot was presented by the author and travel writer of what nationality?,7,2864.271883385668,False
which former lawyer previously held the seat held by Yuh-Line Niou,3,869.0830829186463,True
Where is the football club that Michael Langer plays for originally from?,7,2864.271883385668,False
David Bell was a third baseman for which team?,7,2864.271883385668,False
"Though Cherrie Ireland was born in Darwin, the capital city of the Northern Territory of Australia, she was on holiday in which city when she became paralysed by polio?",1,498.6339382509491,True
Which American actor and writer produced To Be or Not to Be,2,562.6258185867669,True
"The artist Mathangi ""Maya"" arulpragasm's song Bad Girls once appeared on what free online mixtape?",2,562.6258185867669,True
Are The Cribs and Mad Season from the same country?,0,270.7128447485479,True
"Hurricane Beulah was the second tropical storm, second hurricane, and only major hurricane during which was the first Atlantic hurricane season to be included in the satellite era?",2,562.6258185867669,True
What is the former leader of the school of Soviet and Russian humorists's son the head of?,4,1424.6899817918095,True
What was the population of the town where The Boulder Dam Hotel is located?,2,562.6258185867669,True
How many awards did the alphabetically first animator of The Country Cousin receive?,7,3690.591627007379,False
Rubi Lira Miranda Palmieri was born in a city whose name honors what Apostle?,7,2864.271883385668,False
Are both Mariqueen Maandig and Pelle Almqvist from the same country?,0,270.7128447485479,True
"What is the title of Erika Mitchell's novel that reached number 1 on the ""USA Today"" best seller list?",7,2864.271883385668,False
Does the London Avenue Canal or  Riverside Canal run through the 4th ward?,0,270.7128447485479,True
What was the school at a university in South Carolina that had a dean born in 1930?,7,3690.591627007379,False
What is the name of Robert Dr Niros characters wife?,7,3690.591627007379,False
"A 1991 TV film starring an Irish born actress known for her role as Detective Sergeant Jane Penhaligon in Cracker, was based on a novel by what author?",7,3690.591627007379,False
"When was the singer who performed ""I Should Be So Lucky"" born? ",7,2864.271883385668,False
Grassmann's law is named after a linguist born in which year ?,0,270.7128447485479,True
"Julien Duvivier and Andrew Adamson, have which occupation in common?",4,1424.6899817918095,True
Which of the movie in which Christian Slater starred was produced by Mark Gordon?,2,562.6258185867669,True
When was the writer of the book She Walks These Hills born?,7,2864.271883385668,False
"Rómulo Gallegos and Louis Bromfield, have a writing related occupation?",0,270.7128447485479,True
"""Bye Bye Bye"" is a song by American boy band NSYNC, formed in Orlando, Florida in which year?",0,270.7128447485479,True
Who created the National Gas Turbine Establishment and was credited with inventing the turbujeet engine?,0,270.7128447485479,True
Baga Sola is home to Chadians who fled a group who also refers to themselves as what?,7,4516.91137062909,False
Which footballing city beat the Netherlands in the 1974 FIFA World Cup Final?,7,2864.271883385668,False
"The Mazda Roadpacer AP (Anti Pollution) is a full-size sedan that was sold by Mazda in Japan, it was introduced to compete with sedans, such as which large four-door limousine, produced mainly for the Japanese market?",2,562.6258185867669,True
"Of the two Universities, University of Wisconsin–Madison or University of Kansas, is located on Mount Oread?",0,270.7128447485479,True
Hiroshi Hase is a the Minister of Education under which Liberal Democratic Party President?,2,562.6258185867669,True
the rest of Shabbethai Donnolo's family was carried to what location that is over 2700 years old?,2,562.6258185867669,True
Which device can air TVPlayer channels for free and allows users to play using a remote?,4,1424.6899817918095,True
"Guadarrama National Park and Teide National Park, are both national parks, in which country?",0,270.7128447485479,True
David Knox is the former Chief Executive Officer and Managing Director of a company owned predominantly by nationals of which country ?,0,270.7128447485479,True
"Kelly Fu Ka Lei is a Hong Kong-German actress and model born in Hong Kong, which class of names, are used by those from that location?",2,562.6258185867669,True
Evan Mecham was given a nickname of a man who was born in what year?,3,869.0830829186463,True
"What English operatic tenor sang the duet ""O soave fanciulla "" from Puccini's opera ""La bohème"" with Mary Plazas?",1,498.6339382509491,True
This fast-food restaurant company was spun off from an American fast food company which was formerly named what?,7,2864.271883385668,False
"What was the nationality of the singer and co-writer of ""Mr. Pitiful""?",0,270.7128447485479,True
One of John Candy's most renouwned onscreen performances was as Dell Griffith in an American comedy film from what year?,2,562.6258185867669,True
What do Freedomland U.S.A. and Baychester both have in common?,7,4516.91137062909,False
"Which is a perennial plant, Chelidonium or Duranta?",1,498.6339382509491,True
Are The Cure and Headstones from the same country?,0,270.7128447485479,True
Where is H. Frank Carey Junior-Senior High School?,7,2037.9521397639564,False
What nationality is the author of the book Dark Slayer ?,2,562.6258185867669,True
What star of 68 Kill was born 6 March 1997?,2,562.6258185867669,True
" Who was a judge on the Sky1 talent show ""Got to Dance"", and is currently a judge on the British talent show, ""Dance Dance Dance""? ",2,562.6258185867669,True
What music subgenre that is influenced a lot by sounds from Texas and Oklahoma does Jason Eady represent?,1,498.6339382509491,True
Scarlet O'Hara won an Academy Award for Gone with the Wind because of her performance in a film based on a book by what author?,7,2037.9521397639564,False
"Matthew Perry's co-star in the film ""Almost Heroes"" appeared in what NBC comedy show?",7,2864.271883385668,False
Where is the company that released Biricodar baseD?,4,1424.6899817918095,True
Which chalet-style building was demolished when construction began on the seventh Disney Vacation Club resort?,2,562.6258185867669,True
How many episodes are in the 2014 American documentary about a band who's frontman is Dave Grohl?,7,3690.591627007379,False
The 2003 Austrian Grand Prix was the last Austrian Grand Prix to be held until it returned in 2014 to a motorsport circuit located where?,3,869.0830829186463,True
What actor who starred in the film Steptoe and Son Rides Again also played Paul McCartney's grandfather?,0,270.7128447485479,True
"Which hotel on the Las Vegas Strip in Paradise, Nevada, US did Beldon Katleman invest in that closed on July 16, 2007?",7,3690.591627007379,False
"Anthony Jung currently plays for Brondby on loan from what German association football club that is based in Leipzig, Saxony?",0,270.7128447485479,True
What profession does Thornton Wilder and Richard Llewellyn have in common?,3,869.0830829186463,True
"What singer replaced Diana Ross as the lead singer of The Supremes in January of 1970 and provided the lead vocals on the song ""You Gotta Have Love in Your Heart"" by the Supremes and the Four Tops?",1,498.6339382509491,True
"The Stranger (Italian: ""Lo straniero"" ) is a 1967 film by Italian film director Luchino Visconti, based on which 1942 novel, by French author Albert Camus?",2,562.6258185867669,True
"Elmer Lincoln Irey (1888 – July 19, 1948) was a United States Treasury Department official and director of the Internal Revenue Service's lead investigative unit during the federal tax evasion prosecution of Chicago mobster Al Capone, Alphonse Gabriel Capone ( ; ] ; January 17, 1899 – January 25, 1947), sometimes known by the nickname Scarface, was an American mobster, crime boss and businessman who attained fame during the Prohibition era as the co-founder and boss, of which organization?",0,270.7128447485479,True
The 2005 Major League Baseball season included a suspension for which retired Cuban American left fielder for steroid use?,3,869.0830829186463,True
The first recording of the Mahler Symphony No. 8 was conducted by which Jewish-Polish-Irish bandleader?,0,270.7128447485479,True
Who wrote and directed the 2002 horror film Hunting Humans which was found among the possessions of murderer Adam Leroy Lane?,1,498.6339382509491,True
"In which city was this rock band that released the song ""Sunday Morning"" formed in 1964?",2,562.6258185867669,True
Who is the boyfriend of the animated female duck voiced by Clarence Nash?,2,562.6258185867669,True
Which retired British sprint and hurdling track and field athlete appeared on Bigheads?,2,562.6258185867669,True
The son of the The Marvel Comics Character created by Stan Lee and John Romita Sr in 1967 is what kind of character?,7,3690.591627007379,False
Are University of Minnesota and Baylor College of Medicine located in the same state?,0,270.7128447485479,True
Which occupation did Gareth Evans and Michael Winner have in common?,4,1424.6899817918095,True
"Between the Lime and the Exochorda, which can be expected to have more variety between individual plants?",0,270.7128447485479,True
"What was the name of the entomologist and grandson of the Scottish-born scientist, inventor, engineer, and innovator who is credited with patenting the first practical telephone?",3,869.0830829186463,True
Which band For Against or Aaroh was formed first ?,0,270.7128447485479,True
"Who wrote the lyrics of Portofino with a collaborator on ""Fiddler on the Roof""",7,2864.271883385668,False
"Which is a higher level city, Yuxi or Lufeng, Guangdong?",7,2864.271883385668,False
Who inspired Megan Hart and wrote the novel The Stand?,0,270.7128447485479,True
When did the magazine Wallace Hester work for run?,7,2864.271883385668,False
The Kwahu East District with the capital of Abetifi is in which country?,0,270.7128447485479,True
"Luis Gianneo was teacher to what composer who died February 18, 2010?",7,2864.271883385668,False
The elachista canapennella moth is found in this region which name comes from the latin words for Finland and Scandinavian.,0,270.7128447485479,True
This catlike alien space pirate is arch enemies to Space Ghost. What is his name?,2,562.6258185867669,True
Margarita Lozano acted in which movie directed by Claude Berri ?,7,2864.271883385668,False
What player won the NBA All-Star Game MVP in 1985 and defeated the Los Angeles Lakers in the 1986 NBA Playoffs?,7,2864.271883385668,False
In which country will you find the county-level city Gaozhou and the Jiangdu District which was formerly a county-level city?,0,270.7128447485479,True
"Which singer also produced records, Eugene Hütz or Alex Chilton?",7,2864.271883385668,False
What country in the Maghreb region of North Africa has the First Statement Stadium?,1,498.6339382509491,True
Seinsheim is known for its connection to the family that is extinct save for which Czech family?,1,498.6339382509491,True
"Paul Auster and Jodi Picoult, have which occupation in common?",0,270.7128447485479,True
Are Marie Fredriksson and Bada both vocalists?,0,270.7128447485479,True
"When did the pawn shop, that Richard Benjamin Harrison owns, open?",1,498.6339382509491,True
Live While We're Young is by the English-Irish boy band from what city?,2,562.6258185867669,True
"Scrabble and Sentinels of the Multiverse, is which form of entertainment?",7,2864.271883385668,False
"Vic & Anthony's Steakhouse is located at what property that is owned by Landry's, Inc.?",7,2864.271883385668,False
Are Jesus Jones and The 77s both rock bands?,0,270.7128447485479,True
"Sarabande and Danse is a ballet made by Jacques d'Amboise to which song, by who?",6,2499.044203727256,True
"Which Walt Disney production was based on Jules Verne's 1868 novel ""Captain Grant's Children,"" The Misadventures of Merlin Jones or In Search of the Castaways?",0,270.7128447485479,True
Are Viva and Ainslee's Magazine both periodicals?,0,270.7128447485479,True
"""Uncanny X-Men"" #94, is a comic book starring the X-Men that was published by Marvel Comics in August 1975, with this issue, the magazine was revived, and all of the original X-Men quit, and are replaced by such ""All-New, All-Different"" X-Men as Nightcrawler (Kurt Wagner), a fictional superhero appearing in American comic books published by which company?",0,270.7128447485479,True
"What year was Spar, the Dutch multinational retail chain served by Connoisseur's Bakery founded?",2,562.6258185867669,True
The scholar who analyzed the Ben Sira scroll added portions to a book of the Bible  written by the author on the inspiration of who?,7,3690.591627007379,False
Tibbers Castle is to the southeast of a country house in what parts of Scotland?,2,562.6258185867669,True
"The 1990 European Cup Final was a football match between Milan of Italy and Benfica of Portugal, played on which dater, The winning goal came in the 68th minute for Milan when Alessandro Costacurta passed the ball to Marco van Basten, who slotted it to Frank Rijkaard, who ran through the defense and scored, Franklin Edmundo ""Frank"" Rijkaard, is a Dutch former footballer and former manager who played as a midfielder or defender?",2,562.6258185867669,True
Who is the president of Marvel Films and whose productions has a worldwide box office gross of $10 billion?,0,270.7128447485479,True
Girls Trip starred which actress who had a regular role on the Oprah Winfrey Network?,2,562.6258185867669,True
Are Manuel Orantes and Anna-Lena Grönefeld both tennis players?,0,270.7128447485479,True
The 2013 Indiana Hoosiers football team were lead by which current offensive coordinator at Ohio State?,0,270.7128447485479,True
Who is Victor Li Tzar-kuoi brother and a Hong Kong philanthropist?,2,562.6258185867669,True
Happily was co-written by the One Direction band member who got is debut as a singer for what band?,7,2864.271883385668,True
What was the nationality of the man who inspired the experimental work of the inventor of Moseley's law,7,3690.591627007379,False
Which former Death Row Records co-owner featured Tha Dogg Pound on his 1992 album The Chronic three years before they released their own debut album in 1995?,0,270.7128447485479,True
The National Actors Theatre was founded by a man of what nationality?,0,270.7128447485479,True
"What former professional Australian rules footballer who played for the Adelaide Football Club in the Australian Football League (AFL), replaced coach Neil Craig after round 18 of their 21st season?",2,562.6258185867669,True
"What year was Dražen Dalipagić enshrined into a museum in Springfield, Massachusetts",1,498.6339382509491,True
"Which act did the band Twenty Twenty support who began her career starring in the children's television series ""Barney & Friends""?",7,2864.271883385668,False
"The second season of ""The Office"" was an adaptation of which other network's series?",2,562.6258185867669,True
"in the 1975–76, Seattle SuperSonics lost to a team based in which US state ?",2,562.6258185867669,True
Where did the olympic wrestler who defeated Elmadi Zhabrailov later go on to coach wrestling at?,7,2864.271883385668,False
What date did Bagsecg die?,2,562.6258185867669,True
"Miracle is a song by Julian Perretta, that was a collaboration with what Belgian DJ and record producer that is best known for ""Are you with me"" and ""Reality""?",1,498.6339382509491,True
Storm Large tours with a Portland-based band formed in what year?,3,869.0830829186463,True
the 1989 Eurovision Song Contest took place in a city situated on the shores of which lake ?,2,562.6258185867669,True
What company owns both Mountain Dew and Tropicana Products?,7,7822.19034511594,False
Turn Coat is the 11th book in a series from which the first novel was published in which year ?,2,562.6258185867669,True
What was the population as of the 2010 census of the city where Elston Hall is located?,7,3690.591627007379,False
"The band Paramore released the song ""Playing God"" on which album released through Fueled by Ramen?",2,562.6258185867669,True
The quarterback for the 2003 Tennessee Titans also played for what other NFL team?,3,869.0830829186463,True
What do Alessandro Scarlatti and Nikolai Rimsky-Korsakov have in common?,3,869.0830829186463,True
From what famous soliloquy is the title What Dreams May Come derived from?,7,3690.591627007379,False
What television show is the American comedian and actress that starred in a 2016 supernatural comedy film directed by Paul Feig known for?,3,869.0830829186463,True
Horse Creek begins in which North American mountain range?,2,562.6258185867669,True
"Who has performed with more band, Trey Anastasio or Sarah Nixey?",0,270.7128447485479,True
Raimond Aumann was nicknamed after a character in from a fictional book written by who?,2,562.6258185867669,True
 Peter Schattschneider is a cientist who has specialized knowledge in the exploration of the interactions of matter and energy across what?,6,3304.1354063100844,True
What event kind of event named after a retired professional basketball player and rapper did Gary Owen perform at?,3,869.0830829186463,True
"Robert Sikoryak creates comic adaptations of literature classics like Waiting for Godot mixed with Beavis and Butt-Head becoming ""Waiting for Go"" under which series title?",1,498.6339382509491,True
"For which movie did this American singer and actress of stage, film and television who appeared in ""Raising Genius"" (2004) and ""The Music Man"" (1962) win an Academy Award for Best Supporting Actress?",7,2864.271883385668,False
The youngest child of Mangue Cisse plays for what Swiss club?,2,562.6258185867669,True
What 1945-born actor starred in Tulips?,2,562.6258185867669,True
"Debuting in the 2004 American teen musical comedy film Confessions of a Teenage Drama Queen, Megan Fox went on to co-star in what 2007 blockbuster action film?",0,270.7128447485479,True
" The garden city movement is a method of urban planning in which self-contained communities are surrounded by ""greenbelts"", containing proportionate areas of residences, industry, and agriculture, the idea was initiated in 1898 by Sir Ebenezer Howard, (29 January 1850 – 1 May 1928), the English founder of the garden city movement, is known for his publication, in which year?",0,270.7128447485479,True
What is the name of the sixth studio album by American rapper Future which contains the song titled Selfish?,2,562.6258185867669,True
"The star of the film that includes the song ""Man on the Edge"" on its soundtrack was born in what year?",2,562.6258185867669,True
By how many days per decade has the melt season lengthened in the shallowest of the world's major oceans?,7,3690.591627007379,False
"Which film did Cliff Potts, and the actor who was nominated for the Academy Award for Best Supporting Actor for ""Coming Home"", both appear in? ",4,1424.6899817918095,True
What is the name of the 40th president who was in office when the Job Partnership Act of 1982 was passed?,0,270.7128447485479,True
What position does Bob Diaco hold with the football team hat has the most wins and the highest winning percentage of any program over the last 50 years?,7,2864.271883385668,False
"The 2005 Florida Atlantic University Owls football team represented Florida Atlantic University in the 2005 NCAA Division I-A football season, the team was coached by Howard Leslie Schnellenberger, an retired football coach, of which nationality, with long service at both the professional and college levels?",0,270.7128447485479,True
What was the name of the downtown sports stadium that the Minnesota Twins played in beginning in 1982?,0,270.7128447485479,True
"""They Saved Lisa's Brain"" is the twenty-second episode of ""The Simpsons""' tenth season, when which recurring character from the animated television series ""The Simpsons"", and is voiced by Dan Castellaneta?",7,2864.271883385668,False
Are Puyang and Pu'er City located in the same country?,2,562.6258185867669,True
"""Yakety Sax"" composer Boots Randolph was part of what musical style group during most of his professional career?",2,562.6258185867669,True
"What is the title of the eighth studio album of the alternative rock/metal band who released the single ""Through the Iris"" in 2006?",7,2864.271883385668,False
What scandal did the director of Syrianna direct a movie about in 2016?,7,3690.591627007379,False
When did the leader of the Confederate Army of Tennessee during Hood's Tennessee Campaign die?,2,562.6258185867669,True
"Caroline Cruice Goodall, is an English actress and screenwriter, her other film appearances include which 2015 Australian revenge comedy-drama film written and directed by Jocelyn Moorhouse, based on the novel of the same name by Rosalie Ham?",0,270.7128447485479,True
Which person cited by Pele as the greatest defender he had ever played was part of a British television series first broadcasting on 13 January 2017?,0,270.7128447485479,True
"Which magazine has a higher circulation, Y'all or Motor Trend?",0,270.7128447485479,True
"Who was born earlier, Roger Taylor or Elizabeth Fraser?",0,270.7128447485479,True
Who directed the British-American black comedy-drama film produced by Ray Stark?,7,2864.271883385668,False
Are both  Adolfo Bioy Casares and Iris Rainer Dart authors?,0,270.7128447485479,True
What airline headquarted in Immeuble La Rotonde in Douala took over Cameroon Airlines Corporation in March 2008?,1,498.6339382509491,True
Do Jean-Jacques Beineix and John Ince have the same nationality ?,0,270.7128447485479,True
"How long is this historic east–west, large-wheeled wagon route and emigrant trail in the United States on whch Barlow Pass is on?",7,2864.271883385668,False
Place Bonaventure is adjacent to a rail station that is used by how many passengers?,7,2864.271883385668,False
"Which university was founded earlier, Lehigh University or University of Iowa?",0,270.7128447485479,True
Daniel Z. Freedman was born in a city that as of 2010 had a population of what?,4,1424.6899817918095,True
Who is the bridge named for that spans the Narrows?,7,3690.591627007379,False
"Osho Times was a monthly magazine in the Hindi and English language on themes related to which spiritual teacher, that spent time in Mumbai initiating followers, and based on his talks?",7,3690.591627007379,False
Are Monoral and Versus both rock bands?,7,2864.271883385668,False
Are both Die Macher and Quoridor German board games?,0,270.7128447485479,True
What disease does Minkowski Prize and Oskar Minkowski have in common?,0,270.7128447485479,True
What was the name of the Australian bred Thoroughbred racehorse who won Australia's most prestigious annual Thoroughbred horse race in 1950?,7,3690.591627007379,False
"What did the king of England, Scotland and Ireland create in 1652?",7,2864.271883385668,False
"Joseph Morgan is best known for his roll in what CW show that eventually spun off into ""The Originals""?",0,270.7128447485479,True
"Pieter 'Piet' Klijnveld, was a Dutch accountant who started a practice that after several mergers would grow into which professional service company and one of the Big Four auditors, along with Deloitte, Ernst & Young (EY), and PricewaterhouseCoopers (PwC)?",0,270.7128447485479,True
"Between the Lapageria and Satureja genus, which is the national flower of Chile?",0,270.7128447485479,True
What project did the namesake of 2752 Wu Chien-Shiung work on?,1,498.6339382509491,True
The last champion of the FFB Open was an English professional snooker player from where?,3,869.0830829186463,True
What animated car character was voiced by Paul Newman?,2,562.6258185867669,True
"Cache is a city in Comanche County, Oklahoma, it is the location of Star House, the home of the Comanche chief Quanah Parker, was a Comanche war leader of the Quahadi (""Antelope"") band of which people?",0,270.7128447485479,True
Are musicians Paul Cotton and Cedric Bixler-Zavala both members of a band?,2,562.6258185867669,True
What team did Boom Boom captain in 2016?,7,2864.271883385668,False
"Rishabh Shukla, is an Indian film and television actor and a voice-dubbing artist, who speaks Hindi as his mother tongue language, as a Hindi dubbing actor he is most known as the voice of which fictional character and the main antagonist, in J. K. Rowling's series of ""Harry Potter"" novels?",1,498.6339382509491,True
Where is the American rapper born in 1973 that featured in a guest appearance in The People vs. from?,7,2864.271883385668,False
Which genus is more spread around the world Maytenus or Eucommia ?,0,270.7128447485479,True
"South East Queensland (SEQ) is a bio-geographical, political, and administrative region of the state of Queensland in Australia, the area covered by South East Queensland varies, depending on the definition of the region, though it tends to include Queensland's three largest cities, including which coastal area in the Australian state of Queensland, approximately 66 km south-southeast of the state capital Brisbane and immediately north of the border with New South Wales?",0,270.7128447485479,True
In what city is the complex uses a corporate organization in which its supply chain is totally owned by the company located?,7,2864.271883385668,False
What generic medication is a non-selective betablocker used to treat congestive heart failure?  ,2,562.6258185867669,True
What Swiss agribusiness is a client of Martin Williams Advertising?,3,869.0830829186463,True
"When was the  Mexican-American singer, songwriter, rapper, actress and model born who was the vocal for  ""Oath""?",7,2864.271883385668,False
Which studio released the most recently released between The Shaggy Dog and Frozen 2?,3,869.0830829186463,True
"Are Huai'an and Qian'an, Hebei both Chinese cities?",0,270.7128447485479,True
Does Lüliang or Fuxin have a larger population?,0,270.7128447485479,True
what does The Freedom Force and Isis have in common?,7,3690.591627007379,False
"When did the football coach, who led the 2004 Oklahoma Sooners team,  announce his retirement?",2,562.6258185867669,True
The birth city of Irakli Nasidze lies on the banks of what river?,7,2864.271883385668,False
"Roark Capital Group is named after what character in the novel ""The Fountainhead"" who was considered to be the ideal man by the author?",0,270.7128447485479,True
What is the nationality of this professional footballer who was sold to Chelsea during the 2004–05 Olympique de Marseille season?,3,869.0830829186463,True
Are Shiba Inu and Leonberger both large dog breeds?,0,270.7128447485479,True
Tom Lee was defeated for Chief Financial Officer of Florida in 2006 by a politician who lost by what margin in the 2010 Florida gubernatorial election?,7,3690.591627007379,True
"Metal band Crown the Empire, whose first album was called Limitless, are from which Texas city?",2,562.6258185867669,True
Which city is the third most populated city in Pennsylvania and was apart of the film the Florentine? ,2,562.6258185867669,True
"The John Coltrane Home is a house in the Dix Hills neighborhood of Huntington, Dix Hills, New York Dix Hills is a hamlet and census-designated place (CDP) on Long Island in the town of Huntington in Suffolk County, in which country?",0,270.7128447485479,True
which English actor was a supporting cast in Tristan & Isolde,7,4516.91137062909,False
"Who was a member of more comedy troupes, Doug Langway or Terry Jones?",7,2864.271883385668,False
What time period were people who inspired the Lyoness company trademark originally from?,7,2864.271883385668,False
"The Waputik Mountains are a mountain range of the Canadian Rockies, named  in 1884 by George M. Dawson, ""waputik"" is the Stoney Indian word for which white large hoofed mammal endemic to North America?",2,562.6258185867669,True
"What other professional created characters for ""The Mooninites"" besides the co-creator of ""Aqua Teen Hunger Force""?",5,2363.535072275564,True
is best known for a 2006 British drama film which story centers on young skinheads in England in what year?,3,869.0830829186463,True
"What is is a Japanese collectible card game that embody's the art of applying design and aesthetics to create a game for entertainment or for educational, exercise, or experimental purposes and was published by Konami  ?",0,270.7128447485479,True
"The Naga Chili, closely related to the Bhut jolokia, also known as ghost pepper, ghost chili, U-morok, red naga, naga jolokia and ghost jolokia, is an interspecific hybrid chili pepper cultivated in the Indian states of Arunachal Pradesh, Assam, Nagaland and Manipur, and is closely related to the Naga morich, of which country?",1,498.6339382509491,True
"Night Monster is a 1942 American black-and-white horror film featuring Bela Lugosi, he was a Hungarian-American actor, famous for portraying Count Dracula in the film from which year? ",0,270.7128447485479,True
Fences is a 1985 play by an American playwright who died in what year?,0,270.7128447485479,True
Who is the second youngest cricket captain to play in the 2016 Indian Premier League?,7,4516.91137062909,False
The colony Michel Sarrazin immigrated at age 25 to ended with the cession to Great Britain and Spain in what year?,0,270.7128447485479,True
What to Autograph Collector Magazine and Linux Journal have in common?,7,4516.91137062909,False
What American actor and director starred in a 2002 American drama film directed by Gus Van Sant?,7,3690.591627007379,False
"The actor that playe Atticus Finch in the 1962 film ""To Kill a Mockingbird"" co-starred with Virginia Mayo and Robert Beatty in a 1951 film directed by who?",3,869.0830829186463,True
What star of Common appears in Game of Thrones?,4,1424.6899817918095,True
Eric Musselman was an assistant coach for Orlando Magic Under doc rivers and what head coach that led United States men's Olympic basketball team  to the gold medal at the 1992 Summer Olympics.,2,562.6258185867669,True
In which state did John Flammang Schrank from New York attempt to assassinate Republican president Theodore Roosevelt in October 1912?,1,498.6339382509491,True
Where is the public research university which Ottey spent several years coaching in located in ,7,2864.271883385668,False
"The Magician's House is a quartet of children's fantasy books by who, the series featured Jennifer Jane Saunders (born 6 July 1958) is an English comedian, screenwriter, and actress?",1,498.6339382509491,True
Harper's Mansion is located in a village that is located along what highway? ,7,2864.271883385668,False
"When was the American painter and inventor died who after who's name Morse town named in southern Saskatchewan, Canada?",3,869.0830829186463,True
"The American attorney, law professor and former member of the Texas House of Representatives who was portrayed by the actress known for ""Love Child"" (1982), ""Places in the Heart"" (1984), ""Field of Dreams"" (1989) and etc., is best known for which U. S. Supreme Court case?",2,562.6258185867669,True
Who produced the movie in which Amr Waked played Pierre Del Rio?,4,1424.6899817918095,True
"Who was born first, Béla Bartók or Dmitri Shostakovich?",7,2864.271883385668,False
What was the town that holds the Garth School originally named?,7,2864.271883385668,False
Kevin Bookout played college basketball that plays in which conference ?,3,869.0830829186463,True
"Which actor, who describes himself as an ...""Everyman,"" wrote the film Above Suspicion? ",7,2864.271883385668,False
"Violent Restitution is the fifth full-length album from the Canadian speed/thrash metal band Razor released in 1988, the album is dedicated to the late Charles Bronson, was an American actor, died on which date?",0,270.7128447485479,True
Do the magazines Femina and Take a Break have a similar readership?,2,562.6258185867669,True
In what year was the Korean student scholarship established by South Korean business magnate and the chairman of Samsung Group?,2,562.6258185867669,True
"The Alliance Theatre staged its first production, a semi-opera with how many acts, at the Alliance in 1968?",2,562.6258185867669,True
Creedence Gold was a compilation album that was of what nationality?,0,270.7128447485479,True
"Which American record label released the single, ""Coffee Shop?""",7,2864.271883385668,False
"Le Chatelier's principle is sometimes named after what German inventor, physicist and Nobel laureate in physics? ",2,562.6258185867669,True
Are Robin White and Kevin Ullyett both former professional tennis players?,2,562.6258185867669,True
Were Lee Ji-hye and Shim Eun-jin in the same band?,0,270.7128447485479,True
"The Sarah Jane Adventures is a British science fiction television programme, that was produced by BBC Cymru Wales for CBBC, created by which Welsh screenwriter and television producer whose works include ""Queer as Folk""?",0,270.7128447485479,True
Which origin of werewolf legends was portrayed by Bela Lugosi?,7,2864.271883385668,False
What is the name of the international exchange program established by this Democrat whom  Charles T. Bernard famously ran against in the Senate race as Republican nominee in 1968?,2,562.6258185867669,True
Is the Staffordshire Bull Terrier bigger than the Miniature American Shepherd?,7,2864.271883385668,False
Gabriel Gustafson was in charge of the excavation of what well preserved Viking ship?,0,270.7128447485479,True
Who succeeded 27th Chief of Army Staff Bipin Rawat in the Indian Army to be responsible for operation and army related tasks?,2,562.6258185867669,True
What is the capital of the only triply landlocked U.S. state wherein one can find Maianthemum canadense?,4,1424.6899817918095,True
What purposes does Adailiya's public works park likely serve?,7,3690.591627007379,False
" In what year did the author who wrote ""The 19th Wife"" release his novel that was adapted into a Academy Award winning film starring Eddie Redmayne?",7,4516.91137062909,True
What Kind of comapany headquartered in Saint-Denis comprises the technological and commercial institutions of filmmaking?,7,3690.591627007379,False
One of the natives of Reggiolo was last manager of what German football club?,7,2864.271883385668,False
" Beverley Knight MBE is an English recording artist heavily influenced by an American singer, songwriter, and what?",7,2864.271883385668,False
Were both Alexander Hall and Jon Amiel both considered film directors?,0,270.7128447485479,True
"The Vengeance of Rome (2006) is a novel by Michael Moorcock, in this novel, Colonel Pyat, an incarnation of the Eternal Champion, goes to Italy and Germany, where he becomes involved in Fascism and Naziism, including sexual encounters with which German military officer and an early member of the Nazi Party?",7,2864.271883385668,False
"What county music artist first gained national attention as a winner on ""You Can Be a Star"" and wen on to provide background vocals in 199 on the 1992 release of the song ""Take It Like a Man""?",2,562.6258185867669,True
Stephanie Sigman was an actress in the 2015 film produced by which company?,7,2864.271883385668,False
Are Pylon and Team Sleep experimental bands?,1,498.6339382509491,True
The Princess and the Frog starred a man who is best known for playing who? ,7,6169.550857872515,False
"Matt Doheny ran in the Republican primary for New York's 21st congressional district, a congressional district for the United States House of Representatives that is currently represented by who?",2,562.6258185867669,True
Mary Soames' mother was born on what date?,7,2864.271883385668,False
What character  did a cast member of the Apocalypse series play on The A-Team?,7,3690.591627007379,False
"The Fault in Our Stars had a starring role by which actress and activist from San Bernadino County, California?",0,270.7128447485479,True
"What is the stage name of the singer who is starring in ""The Underdog"" alongside Park So-dam and Park Chul-min?",7,3690.591627007379,False
What river is the location of the 68th World Science Fiction Convention next to?,2,562.6258185867669,True
What is the alternate translation for the honorary title of which Vladimir Basov and Inna Churikova were both recipients?,7,3690.591627007379,False
Which company released the movie series starring Adam Herz and David H. Steinberg?,7,2864.271883385668,True
What former Federal Bureau of Investigation agent is the film Breach based on?,0,270.7128447485479,True
What was the 2016 population of the county where the National Maritime College of Ireland is located?,4,1424.6899817918095,True
Who was a professor of theology at the University of Leiden as well as a student of Theodore Beza?,7,3690.591627007379,False
The Kid in a candy store series follows the host of which other show?,7,2864.271883385668,False
"This song that was released on August 30, 2009, was the fourth single off of the album for what singer who co-produced that album with Nathan Chapman?",0,270.7128447485479,True
"Edwin Forrest's feud with William Charles Macready was the cause of what event that occurred on May 10, 1849, in Manhattan?",0,270.7128447485479,True
Mike Connors and Leon Danielian were both entertainers of what nationality?,0,270.7128447485479,True
"What were the 2012 sales of the company for which Hubert Joly was a former president, CEO, and director?",7,2864.271883385668,False
"Which Paul McCartney song did Del Davis sing on ""Mellow Dubmarine.""",2,562.6258185867669,True
In what state was the university Darryl Carlton played for?,2,562.6258185867669,True
Were both Memotech MTX and TEC-1 single-board kit computers?,0,270.7128447485479,True
Trax Colton appeared in two films as a contract player for an American film studio located just west of where?,7,2864.271883385668,False
how far away is the headquarters of PrivatAir from the city center?,7,3690.591627007379,False
"What is the name of the person who was born on May 5, 1972 who is featured in Chocolate City: Vegas Strip?",7,3690.591627007379,False
Who has a cameo appearance in the film in which both Bo Kimble and a member of the New York Shakespeare Festival who has performed in many Broadway plays star in?,7,3690.591627007379,False
From which team did the Denver Nuggets receive via trade the player who had been drafted fifth overall in the 2005 NBA draft?,5,1864.9011340246145,True
Vincent Cirelli is a special effects supervisor for what 2012 sci-fi film directed by Ridley Scott?,0,270.7128447485479,True
"Merimbula Merimbula is a town on the Merimbula Lake, located on which location, that refers to the narrow coastal belt from Sydney in the north to the border with Victoria in the south in the south-eastern part of the State of New South Wales, Australia?",1,498.6339382509491,True
"Who is the American actor who starred as as Jim Dial in A Picture is Worth 1,000 Bucks ?",1,498.6339382509491,True
Who is the voice of the protagonist feral child in the sequel to the movie adaptation of some of Rudyard Kipling's stories?,4,1424.6899817918095,True
Who did the 47th Governor appoint as a justice of the Supreme Court of Texas?,7,2864.271883385668,False
Vala is a character that is mentioned in the world created by what English author?,2,562.6258185867669,True
"Which magazine was published first, Who Put the Bomp or Curve?",0,270.7128447485479,True
"David I. Arkin is the father of an American actor, director, screenwriter, musician, and singer, who performed in Popi and Catch-22, and who was born when?",2,562.6258185867669,True
What year did Emmy Rossum star in a film about a musicologist researching and collecting Appalachian folk music in the mountains of western North Carolina?,0,270.7128447485479,True
"What was founded in 1939 and first published in April 1939 in the United States, it was originally called ""Glamour of Hollywood"", El Nuevo Cojo or Glamour ?",0,270.7128447485479,True
Which genus of flowering plant has more species Bulbophyllum or Bismarckia?,0,270.7128447485479,True
The 2005 Houston Texans fired the only person to serve how many different NFL expansion teams as inaugural head coach?,7,3690.591627007379,False
Which prominent speaker was featured in the State of the Black Union annual event and is  the American Representative for 13th congressional district?,4,1424.6899817918095,True
"The Yellow Birds is a 2017 American war film directed by Alexandre Moors and based on the novel ""The Yellow Birds"" by Kevin Powers, the film stars which American actor, that made his feature film debut in Francis Ford Coppola's independent film ""Tetro"" (2009)? ",3,869.0830829186463,True
What was the 1905 oligarchic dominance of Argentina known as?,1,498.6339382509491,True
"The Darjeeling Limited is an American adventure comedy-drama film, released in which year, directed by Wes Anderson, the film stars include Bill Murray in a cameo role?",0,270.7128447485479,True
"The World War II hero whom the USS Elrod was named after, graduated from what two Universities?",2,562.6258185867669,True
"In 1981 the European School, Munich moved to its current location in a borough that was built starting in what year?",7,3690.591627007379,False
Where did the head coach of the 2016-17 Houston Cougars men's basketball team first work as a head coach?,7,2864.271883385668,False
"The man that hosted the 2012 and 2016 Primetime Emmy Awards started, with the help of two others, what American production company?",7,2864.271883385668,False
WMCW is a radio station that carried an Adult Contemporary format with a man who retired when? ,7,2864.271883385668,False
"Which director has won an Oscar, Ron Shelton or Ken Mora?",7,2864.271883385668,False
"Roy Hilton played in Super Bowl V against the Cowboys, what was his position?",1,498.6339382509491,True
In what year did the historical film drama based on the true story of Charles Horman win The Palme d'Or?,2,562.6258185867669,True
"Which opera has more acts, The Bassarids or Don Quichotte?",0,270.7128447485479,True
how much of South Dakota is west of the longest river in North America?,2,562.6258185867669,True
"Which lasted longer, Korean War or Battle of Mindanao? ",0,270.7128447485479,True
"In which English town did Adam Chance Angus Rayner appear on stage in ""Romeo and Juliet""?",7,3690.591627007379,False
"What actor born in 1934 starred in Me, Myself and I?",4,1424.6899817918095,True
What was the position of the player who's final match was the final of the 2003-04 Scottish Cup,0,270.7128447485479,True
"Monsters, Inc. Laugh Floor replaced which 1992 film shown at three Disney parks?",2,562.6258185867669,True
Which film did Michael Keaton star in that had the song Scandalous! on its soundtrack?,2,562.6258185867669,True
"""Scott v. Emerson"" was part of of a case in which year ?",7,2864.271883385668,True
What team selected the 2009 Pac-10 Offensive Player of the Year in the second round of the 2010 NFL Draft?,3,869.0830829186463,True
"What is the birth date of the author whose short stories inspired the film ""Certain Women?""",4,1424.6899817918095,True
"Emory University and Syracuse University, are located in which country?",0,270.7128447485479,True
"KXI75 is an older NOAA Weather Radio station that serves parts of the north Georgia mountains with 300 watts on 162.475 MHz from a location near Blue Ridge, Georgia, it is now simulcast on newer station KXI22 located atop the highest point in the U.S. state of Georgia, near Young Harris is called?",0,270.7128447485479,True
What was the cause of the death of this American professional wrestling manager who was married to Randy Savage?,2,562.6258185867669,True
The white supremacist who wrote about serial killer Joseph Paul Franklin founded what major white nationalist organization?,0,270.7128447485479,True
"In what New York county is a building in the shape of a duck, built by farmer Martin Maurer, located?",0,270.7128447485479,True
"William Lyon served at this air force base in Houston County, Georgia.",0,270.7128447485479,True
"Decommissioning in Northern Ireland was a process in the Belfast Agreement as part of the Northern Ireland peace process, the Northern Ireland peace process is often considered to cover the events leading up to which year, Provisional Irish Republican Army (IRA) ceasefire, the end of most of the violence of the Troubles, the Good Friday (or Belfast) Agreement of 1998, and subsequent political developments?",2,562.6258185867669,True
"Which actor who appeared in Cooter also provides a voice in the animated series ""Wander Over Yonder?""",0,270.7128447485479,True
Who was the host of the Australian television quiz show for which Taylor Auerbach was the youngest winner?,7,2864.271883385668,False
"What award winning game designer and New York Times best selling author, designed ""En Garde!""?",2,562.6258185867669,True
The classic presenter of the paradox of value is a philosopher that died in this year?,2,562.6258185867669,True
What was the population of the terminus of the Willunga railway line in 2011,2,562.6258185867669,True
"In American football the air raid offense refers to an offensive scheme popularized by such coaches as which American college football coach, the head coach of the Washington State Cougars football team?  ",7,2864.271883385668,False
Lou Ferrigno appeared in what 2009 American romantic comedy film that was directed by John Hamburg?,1,498.6339382509491,True
What year was the crossing that the Daily Mail Trans-Atlantic Air Race is commemorating?,0,270.7128447485479,True
Celebrity Cooking Showdown was hosted by a Canadian actor who was best known for his role as Jason Seaver on what television series?,2,562.6258185867669,True
"Who was born first, Mikhail Kravchuk or Israel Gelfand?",7,2864.271883385668,False
"Which genus is aquatic, Phylica or Nelumbo?",0,270.7128447485479,True
What role in their respective bands do Stephen Christian and Jonathan Davis share?,0,270.7128447485479,True
How ling is the bridge to the main airport in Hong Kong?,2,562.6258185867669,True
On what island is the country in which Malcolm Allen was born?,7,3690.591627007379,False
Stefano Nava was a backup for which former right-back who now is the assistant coach for the Ukrainian national team?,2,562.6258185867669,True
A Simple Plan was a thriller novel that led to a film starring whom?,2,562.6258185867669,True
Which movie came out first Snow Dogs or Sacred Planet ?,4,1424.6899817918095,True
What is a similarity between the Cairn Terrier and the German Hound?,7,3690.591627007379,False
"Which tennis player is older, Billy Martin or Pavel Složil?",0,270.7128447485479,True
"Jo Lynn ""Jody"" Allen is the sister of which American business magnate, investor and philanthropist?",0,270.7128447485479,True
Which actress is married to John Travolta and starred in a 1994 film about a pregnant woman who is stranded at a trading post during the American Civil War?,3,869.0830829186463,True
Were the films Victory Through Air Power and Encounters at the End of the World released in the same year?,0,270.7128447485479,True
The President of Egypt was know to call the Egyptian revolution of 1952 by what other name?,0,270.7128447485479,True
"Air Vice Marshal Christopher James ""Chris"" Luckwas Commandant of a college that was established as the worlds first what? ",7,2864.271883385668,False
What town did the 2013 Maine Black Bears football team play their home games in?,7,3690.591627007379,False
Rocky Roe officiated in the World Series played by which American League team?,1,498.6339382509491,True
"When the Macanese general election took place, was the legislature elected on national level?",7,4516.91137062909,False
"What is the name of the engagement on the northern coast of France on 19 August 1942 in which the HMS ""Calpe"" participated?",2,562.6258185867669,True
What American composer born in 1895 was married to his frequent collaborator Verna Arvey?,2,562.6258185867669,True
"What is Trolls (2016 the  computer animated musical comedy by South Korean animator, Yong Duk Jhun about?",2,562.6258185867669,True
"The Sagittarius Dwarf Spheroidal Galaxy, a loop-shaped galaxy of the Milky Way, is which type of the three main classes of galaxy originally described by Edwin Hubble in ""The Realm of the Nebulae?""",5,1864.9011340246145,True
Are Janus and The Lady both published in the US?,0,270.7128447485479,True
"Who wrote the book Power in Earth detailing the connections between the Gambino crime family, the Vatican Bank and the Franklin National Bank?",1,498.6339382509491,True
What Miami Vice actor starred in Revenge of the Stepford Wives?,1,498.6339382509491,True
"Which BAFTA, BIFA and Golden Globe Award winning actress starred in the 2011 British drama film, Tyrannosaur?",0,270.7128447485479,True
What is the height of the tower that resembles the Business Central Towers in Dubai?,7,2864.271883385668,False
"When was the movie that was a two-part made-for-television film adapted from a Lewis Carroll book, that was also a Disney movie was Natalie Gregory, who played Kathy in Spot Marks the X also appear in?",7,3690.591627007379,False
"What was the second book written by the Daily Show host, after Naked Pictures of Famous People: Another Example of Blatantly False Advertising?",1,498.6339382509491,True
"One what date was the battle fought, that Simon Grundel-Helmfelt is most notable for?",4,1424.6899817918095,True
The professor of bioengineering Valerie Daggett worked with which American-British-Israeli biophysicist and a professor of structural biology who has been professor at Stanford University since 1987?,2,562.6258185867669,True
Wonka Bar is from the novel written by this british novelist born in what year?,0,270.7128447485479,True
Grégory Levasseur produced the 2003 horror film directed by whom?,2,562.6258185867669,True
What nationality was the person who wrote the music for Soft Flowing Avon?,1,498.6339382509491,True
What is the actual first name of the director of the film Hollywood Ending ?,7,2864.271883385668,False
"Sir John Oldcastle, was an English Lollard leader, he escaped from which historic castle located on the north bank of the River Thames in central London, and it lies within the London Borough of Tower Hamlets?",0,270.7128447485479,True
"What retailer of women's clothing, shoes and fashion accessories is located in an open-air shopping center which opened in September 2007?",7,2864.271883385668,False
What is the name of the fourth-largest Korean-language wiki focused on amine and manga fandom?,7,3690.591627007379,False
Did Kazuo Ishiguro and Yukio Mishima both move from Japan to England?,0,270.7128447485479,True
This 2004 NCAA Division I-A team played its home games at a sports stadium that opened as a replacement for what?,2,562.6258185867669,True
"Which Lower Manhattan skyscraper, One Liberty Plaza or 1717 Broadway, is considered to be the tallest hotel in North America?",1,498.6339382509491,True
"Which rock band was formed earlier, Hinder or The Fatima Mansions?",0,270.7128447485479,True
"Which Writer started his own film studio, Gary King or Ivan Tors?",0,270.7128447485479,True
What is the name of the illegitimate daughter of the President involved in the Teapot Dome scandal?,2,562.6258185867669,True
"Which writer, Jorge Amado or Sarah Caudwell, remains the best known of modern Brazilian writers?",7,3690.591627007379,False
What was the 2010 population on the city where Lave Tree State Monument is located?,7,2864.271883385668,False
The director of Mario and the Magician was born in what year?,4,1424.6899817918095,True
Which movie starring Kim Roi-ha is based on Korea's first serial murders in history?,2,562.6258185867669,True
"Radical Axis (also known as ""radicalaxis"" or ""Radical Axis, Inc."") is an animation studio headquartered in Atlanta, Georgia, United States known for its diverse work in both episodic television and commercials, the studio's television credits include ""Squidbillies"", an American animated television series on Cartoon Network's late night programming block, called what?",0,270.7128447485479,True
Which company produced the 1968 crime drama film in which the wife of Buck Owens played a role?,7,3690.591627007379,False
"Craig Serling and Jeff Celentano, are of which nationality?",0,270.7128447485479,True
The 1982 NC State Wolfpack were led by the coach who is currently a defensive assistant at which college?,6,3304.1354063100844,True
"Mary Pierce and Shelby Cannon, share which occupation?",4,1424.6899817918095,True
For what genre of writing is the author of Saintspeak best known ?,2,562.6258185867669,True
Who established the advisory board that developed the first ironclad warship? ,4,1424.6899817918095,True
In which single by rap duo Mobb Deep was Curtis James Jackson III featured on?,7,3690.591627007379,True
"Which was released first, The Plow That Broke the Plains or The Man Who Skied Down Everest?",0,270.7128447485479,True
What peer-reviewed scientific journal published approximately monthly by Springer Science+Business Media was Zdeněk Švestka co-founder and editor of?,2,562.6258185867669,True
Who was this British archaeologist and officer in the British Army contributed to the excavation of Stone Age and megalithic sites of South India with K. V. Soundararajan?,2,562.6258185867669,True
Where is the headquarters of the company who launched the Fridge advertising campaign?,7,2864.271883385668,False
Are the Lancashire Heeler and the Glen of Imaal Terrier both listed by the Kennel Club (UK) as a vulnerable breed?,6,2499.044203727256,True
What is the main base of the airline co-founded by John Nicolaas Block?,0,270.7128447485479,True
The mud pie served by n.y.d.c. Café & Restaurants is likely to have originated in what U. S. state?,0,270.7128447485479,True
"Which was released first, Dangal or The Wild?",3,869.0830829186463,True
Democracy Day is possible federal holiday proposed by a politician that represents which US congressional district?,7,3690.591627007379,False
Which football team that was relegated to Tercera División in the 1962–63 Segunda División season was founded in 1958?,4,1424.6899817918095,True
"What is the birthdate of this American actress, television producer and director, singer/songwriter and author, appearing in Kids Incorporated and starring in Ghost Whisperer? ",2,562.6258185867669,True
What century was Konstantin Somov born into a family of a Hermitage Museum curator?,7,2864.271883385668,False
Does Jack and Coke or Pink Gin use lemon rind as garnish?,0,270.7128447485479,True
What Christian publication first published in 1971 has Brandan Robertson written for?,7,2864.271883385668,False
What is the 2010 population of the city to which WRHR-LP was licensed?,7,2864.271883385668,False
"Abbottsburg was named for Joseph Carter Abbott, president of the Cape Fear Building Company and veteran of what war?",0,270.7128447485479,True
"How many acts are in the opera based on an 1820 poem by Alexander Pushkinhave, in which Mariya Matveyevna Stepanova created the lead soprano role?",7,3690.591627007379,False
"After releasing ""Hail to the Thief"" in June 2003, which band released the EP COM LAG in 2004?",0,270.7128447485479,True
What is the spiritual name of the philosopher who founded Amra Bangali?,2,562.6258185867669,True
Which film nominated at the 39th Annual César Awards was directed by Alain Guiraudie?,0,270.7128447485479,True
Which The 'Burbs actor was also a writer and a comedian?,7,6169.550857872515,False
"Who released their debut album first, The Operation M.D. or Framing Hanley ?",0,270.7128447485479,True
Which of the film in which Jeremy Irvine had a role is a 2012 British teen drama film directed by Ol Parker?,1,498.6339382509491,True
"Which actor plays the character Matt Murdock, a blind lawyer who fights for justice in the courtroom and on the streets of New York as a masked vigilante, in an American superhero movie which shares its name with the album released for it in 2003 by Wind-up Records? ",2,562.6258185867669,True
What was the man whom Dr. Diarmuid Whelan wrote his doctoral thesis on?,7,2864.271883385668,False
Which community radio station moved to prevent interference with Australian Broadcasting Corporation?,7,3690.591627007379,False
"Who has been a member of more bands, Tom Petty or Bobby Gillespie?",1,498.6339382509491,True
Fuck and The Celluloid Closet are both what?,2,562.6258185867669,True
Are Jim Pugh and Laura Siegemund both professional tennis players?,0,270.7128447485479,True
The New englands quarterback that has won 2 super bowls and is on what installment of of the Madden NFL series?,7,2864.271883385668,False
Who is the forward who was part of the Run TMC threesome currently the head coach for?,7,3690.591627007379,False
"Jacques Tourneur and Alex Cox, have which mutual occupation?",2,562.6258185867669,True
"The Man with the Iron Fists is a 2012 American martial arts film directed by RZA, the film stars RZA, and which actor, film producer and musician, and although a New Zealand citizen, he has lived most of his life in Australia?",1,498.6339382509491,True
Which network hosted a show on which Ron Howard serves as both an executive producer and the series' uncredited narrator?,7,3690.591627007379,False
Was Jan Egil Storholt born in the third largest city in Norway?,7,2864.271883385668,False
"Which magazine has a larger circulation region, Family Life or Newsweek?",0,270.7128447485479,True
Wilhelm Batz shot down 46 of one type of aircraft. How many of these aircraft were made during World War 2?,7,3690.591627007379,True
Farallon Capital was founded by a hedge fund manager born in which year ?,0,270.7128447485479,True
What Hotcourses Group founder was born in 1966?,7,2864.271883385668,False
What is name of the company founded by George Weston in 1882 whose subsidiary company Weston Bakeries Limited produces Wonder Bread in Canada?,0,270.7128447485479,True
"The 44th annual Berlin International Film Festival was held from February 10 to 21,1994, which 1993 courtroom drama film, was awarded a Golden Bear?",6,4109.226608892913,True
"Latrobe Brewing Company in Latrobe, Pennsylvania, founded in 1839, was one of the largest breweries in the United States and the maker of ""Rolling Rock"" beer, which merged later in 2004, into which brewing company that resulted from the merger between Belgium-based company Interbrew and Brazilian brewer AmBev?",0,270.7128447485479,True
"Ovida, Obida or Odiva, was the last Roman ruler of Dalmatia, and a general, of the western provinces, during which late period?",2,562.6258185867669,True
Lugton and Dunlop are both villages located in what country?,0,270.7128447485479,True
"While the Culture of the United Kingdom is predominatly Christian religious life, what other religions exist in the United Kingdom?",0,270.7128447485479,True
"Name the Chinese peer reviewed journal which is edited by Li Fanghua, a member of the Chinese Academy of Sciences and the International Union of Crystallography?",4,1424.6899817918095,True
This brand of Swiss watches is manufactured by a fashion designer founded in what year?,7,2864.271883385668,False
"The melody of ""Baubles, Bangles & Beads""  was based on works by a composer that died in what year?",2,562.6258185867669,True
"Thomas ""Tom"" Lonie played for which team at the King Power Stadium?",7,2864.271883385668,False
"John Maitland is a former American football running back, who earned what award that is given to winners of the Super Bowl?",2,562.6258185867669,True
"What does Wainscott and Wainscott, New York have in common?",7,4516.91137062909,False
Executive Order 13765 was signed by a president whose middle name is what?,4,1424.6899817918095,True
Who was the director of the 1988 Indian Hindi-language romantic drama film in which Imran Khan appeared as a child artist?,6,2499.044203727256,True
How is IBook and AirPort connected?,7,3690.591627007379,False
"What artist painted the sets of watercolors that she made exploring a monochromatic palette with designs that were non-representational of specific objects, and was best known for her paintings of enlarged flowers? ",0,270.7128447485479,True
"Which BBC drama would be referenced in the biographical television film, Hancock and Joan?",7,3690.591627007379,False
Heartsounds was made into a 1984 film starring an actor who died in what year?,7,3690.591627007379,False
"Who has served in more film related job positions, Kay Pollak or Chester Erskine?",1,498.6339382509491,True
What does Georges Méliès and Alexander Kluge have in common?,2,562.6258185867669,True
Who makes the liqueur that Atholl Brose tastes like when made with cream?,7,3690.591627007379,False
"Which genus contains two species of flowering plants in the family Hamamelidecease, Disanthus or Leucospermum?",0,270.7128447485479,True
Were Maurice White and Carol Decker both singers?,0,270.7128447485479,True
"Which record label released the tenth studio album by the rock artist who performed ""The Lady in Red""?",7,3690.591627007379,False
"Man from God's Country is an American Western film, released in which year, starring George Montgomery and Randy Stuart, born as Elizabeth Shaubell, was an American actress in film and television?",1,498.6339382509491,True
Where did Beatrice Helen Beckett's husband serve as prime minister?,2,562.6258185867669,True
Song of Love starred the actress who received how many Best Actress Academy Awards?,7,2864.271883385668,False
Where is Sabine Pedersen's handball club based in?,6,3304.1354063100844,True
What person wrote the song that inspired Marvel Comics' character Rocket Raccoon?,3,869.0830829186463,True
"The Tulsa Golden Hurricane will join an American collegiate athletic conference, featuring how many member universities?",7,2864.271883385668,False
James Bridges co-wrote the script for what movie starring John Travolta? ,6,2499.044203727256,True
"E. Howard Hunt and Miguel Delibes, were in the writing industry?",7,4516.91137062909,False
"Which movie came out first, ""The Book of Masters"" or ""A Tiger Walks""?",0,270.7128447485479,True
What position did Dante primarily play during the 2012-13 FC Bayern Munich season?,2,562.6258185867669,True
Are John Collier and Martin Amis the same nationality?,4,1424.6899817918095,True
"What canadian author hit the New York Times Best Seller list in 2017, with a book published 10 year prior?",7,3690.591627007379,False
In which county did the Rob VanAlkemade born?,3,869.0830829186463,True
South Tyrone Empowerment Programme was founded by which Irish civil rights leader?,7,3690.591627007379,False
"Evil Con Carne is an American animated series/spin-off of ""Grim & Evil"" and sister show of which American animated television series created by Maxwell Atoms for Cartoon Network, and is the 14th of the network's Cartoon Cartoons?",0,270.7128447485479,True
Where was this the actor born in 1899 who starred in The Tuttles of Tahiti trained at?,7,2864.271883385668,False
"When considering Kelly D.Johnston and Bod Dole, which state was represented in the United States senate first - Oklahoma or Kansas?",2,562.6258185867669,True
how is Northwest Arkansas Regional Airport and Mammoth Yosemite Airport related?,7,4516.91137062909,False
Were Trembling Before G-d and Zeitgeist both released in 2001?,0,270.7128447485479,True
"Who has written more poems, David Ignatow or Margaret Mead?",0,270.7128447485479,True
"My New Sassy Girl is a 2016 South Korean-Chinese romantic comedy film, starring which South Korean actor, singer, television personality radio DJ and director?",2,562.6258185867669,True
Bebe Rexha was a singer who guested on the David Guetta song that was produced by which Dutch DJ?,1,498.6339382509491,True
Tiendesitas is a part of an interim business district with an area of more than what?,4,1424.6899817918095,True
Basil LeFlore was governor of the Choctaw nation after it moved to what U.S. temporary land area?,0,270.7128447485479,True
In what city is George Washington University Hospital and Psychiatric Institute of Washington located?,0,270.7128447485479,True
Which road leading into Kentucky was near one of locales of the Green-Jones War and was turned down to become the National Road?,0,270.7128447485479,True
The group that owns the luxury watch company Longines was founded in which year?,2,562.6258185867669,True
"What is the name of this village and civil parish in North East Lincolnshire, England, that is 1.75 miles from Welbeck Hill?",2,562.6258185867669,True
Who was born in 1978 and starred in Star Wars: The Last Jedi? ,7,2864.271883385668,False
"Which genus has more species, Cardiospermum or Chestnut?",3,869.0830829186463,True
The Wars of the Roses was a 1963 production starring an actor who won a Tony for a part in what musical?,7,3690.591627007379,False
Riann Stelle appeared in what Royal Shakespeare Company production that portrays the events surrounding a former queen of the Amazons?,7,2864.271883385668,False
"How many expansion packs have been created for a game that Keith Baker, a game designer, created?",7,6169.550857872515,False
"Black Nativity is a 2013 American musical drama film directed by Kasi Lemmons, the film stars an African American ensemble cast featuring which American hip hop recording artist, record producer, actor and entrepreneur, better known by his stage name, called what? ",1,498.6339382509491,True
"After competing in its first Winter Olympics, where will South Korea's national Ice hockey team make their World Championship debut?",3,869.0830829186463,True
"In what year was the original performer of “Street Player”—the song sampled in “75, Brazil Street”—formed?",7,4516.91137062909,False
Who played in the movie The Mint and also was on the TV show Jersey Shore?,7,3690.591627007379,False
What is the english name of the encyclical which was written by the Bishop of Rome and the sovereign of Vatican City?,7,4516.91137062909,False
"Which of these two board games had two designers, Abalone or Elfenland?",2,562.6258185867669,True
"Which band has more studio albums, Boy Hits Car and The Invisible?",1,498.6339382509491,True
"When was Boneland, the sequel to ""The Weirdstone of Brisingamen"" was written by English author Alan Garner in what year?",2,562.6258185867669,True
Girlguiding North West England has headquarters in the city that is on the north bank of what river?,7,2864.271883385668,False
"What is the birth date of this American professional basketball player, who entered the league out of high school and was a recruit to the 2004-05 Duke Blue Devil men's basketball team?",7,2864.271883385668,False
Which vehicle that won the Auto Trader RAC British Touring Car Championship was marketed and produced by a Swedish manufacturer?,6,2499.044203727256,True
"Which 2005 Disney Channel Movie starred a girl who was formerly in the sitcom ""Sister, Sister""?",3,869.0830829186463,True
"Bulawayo Railway Museum, is a railway museum located at Bulawayo railway station in Zimbabwe, formerly Rhodesia, its oldest exhibits date back to 1897, and include Cecil Rhodes' personal railway coach, he  was a British businessman, mining magnate and politician in which country?",2,562.6258185867669,True
"What branch of military was the governor, who Sarah Steelman is currently serving, part of?",7,3690.591627007379,True
The 1989 NBA draft produce the pro basketball executive of what nationality?,7,3690.591627007379,False
What person born in 1982 did Sören Opti lose to at the 2016 Summer Olympics?,2,562.6258185867669,True
What was the occupation of Manikanth Kadri's father?,2,562.6258185867669,True
who co-author remote sensing and is a meteorologist,3,869.0830829186463,True
Has Matt Willis or Bayside had more top 20 singles?,7,2864.271883385668,False
Renne Montagne and Steve Inskeep successed which Peabody Award-winning member of the National Radio Hall of Fame on NPR's Morning Edition?,0,270.7128447485479,True
What English actor appeared in the horror film The Ward?,3,869.0830829186463,True
"Who has been a member of more bands, Caleb Shomo or John Rzeznik?",1,498.6339382509491,True
Caldera de Taburiente National Park and Teide National Park are located in which island chain?,0,270.7128447485479,True
Makbule Atadan was the sister of a Turkish army officer whose policies and theories became known as what?,0,270.7128447485479,True
"Which dog has more traits, the Norwegian Buhund, or the English Foxhound?",0,270.7128447485479,True
Vanessa Kirby played Joanna Richard Curtis' movie released on what date?,2,562.6258185867669,True
"Who is the coach of the Karachi kings, owned by Salman Iqbal?",7,2864.271883385668,False
The 2011 Indian Grand Prix was held 40 km from what city? ,2,562.6258185867669,True
What is the name of the world's largest people group whose customs and etiquette are the traditioanl behaivors observed while eating in Greater China?,0,270.7128447485479,True
In what year was the person whose trial Sorj Chalandon won the Albert Londres Prize for his articles about born? ,7,2864.271883385668,False
Where was the creator of the duck who was impersonated in Little Quacker born?,7,4516.91137062909,False
"What network named Norm Macdonald, the brother of Neil Macdonald, one of the 100 Greatest Stand-ups of All Time?",7,3690.591627007379,False
"What multi-purpose arena located within the MGM Grand Las Vegas on the Las Vegas Strip was the 2012 ""Billboard"" Music Awards held?",0,270.7128447485479,True
"What American actor and producer, born 1963, did Blake LeVine collect an autograph from?",4,1424.6899817918095,True
What FIFA World Cup did the referee of the 28 May 2011 football match at Wembley Stadium participate in? ,2,562.6258185867669,True
For what range of years did the Disney era that Tarzan was released during last?,7,2864.271883385668,False
City Centre and Melbourne City Centre is near what market?,0,270.7128447485479,True
Tim Lake is a news anchor currently at the ABC affiliate licensed to what city?,3,869.0830829186463,True
"Cincinnati Bearcats baseball, the varsity intercollegiate team representing the University of Cincinnati in the sport of college baseball, includes notable alumnus Sandy Koufax, who played what posiiton?",0,270.7128447485479,True
Are the films Restrepo and Hoop Dreams both documentaries?,0,270.7128447485479,True
How much money did the owner of the 165 acre drumlin or the mansion that sits on the hill donate to the construction fund for the Benjamin Stickney Cable Memorial Hospital?,1,498.6339382509491,True
Who was Nicholas II of Russia's father?,0,270.7128447485479,True
Are Morten Harket and Ian Curtis members of bands which have the same musical style?,0,270.7128447485479,True
What animation studio founded in 2002 produced the television series El Chavo Animado?,2,562.6258185867669,True
Interstate 20 travels through what Rockdale County city in Georgia?,0,270.7128447485479,True
Are Melissa and Darmera vegatables,0,270.7128447485479,True
"Which takes place farther east, The Mosuo Sisters or The Silent Historian?",0,270.7128447485479,True
What Garry Marshall movie contains a scene with flying escargot?,0,270.7128447485479,True
Were Yellowcard and For Against both American pop bands?,0,270.7128447485479,True
Were the buildings at 270 Park Avenue and 100 East 53rd Street both designed by Natalie de Blois?,0,270.7128447485479,True
"Which American film, Dragonslayer or Swiss Family Robinson, was shot outside London?",0,270.7128447485479,True
"Which of the two European Space Agency astronauts, Jean-François Clervoy and Thomas Reiter, has participated in missions with NASA?",0,270.7128447485479,True
Which entirely Canadian-born team scored 4 points in the 1975 Stanley Cup?,1,498.6339382509491,True
"Who was born first, Chaka Khan or Randy Meisner?",0,270.7128447485479,True
"Which film director also appeared on screen as an actor, Dziga Vertov or Frederic Zelnik?",0,270.7128447485479,True
The Doll Squad features what actress that had a birthday on August 26?,5,2363.535072275564,True
Ralek Gracie is the nephew of a retired mixed martial artist who was born in which year ?,1,498.6339382509491,True
"Hess Corporation and Intuit, are of which country nationality?",4,1424.6899817918095,True
What is the name of an album that features cover versions of songs off of a 1991 record by an Anglo-Irish rock band formed in Dublin in 1983?,7,2864.271883385668,False
" Arthur Machen was a Welsh author and mystic of the 1890s and early 20th century well known for his leading role in creating the legend of the Angels of Mons, a popular legend about a group of angels who supposedly protected members of what army?",0,270.7128447485479,True
Who directed the 1997 comedy film Rya Kihlstedt was in?,7,2864.271883385668,False
Tom and Jerry: A Nutcracker Tale is an example of what type of motion picture that makes the illusion of motion and change by the rapid succession of sequential images that minimally differ from each other?,0,270.7128447485479,True
Tye White plays Kevin Satterlee in a drama series that premiered in what date?,7,2864.271883385668,False
What Irish actress starred in War Games: At the End of the Day?,7,2864.271883385668,False
"Jack Milsom (22 February 1907 – 1977) was an English footballer who played in The Football League for which professional football club, based in the town of Rochdale, Greater Manchester, England, that competes in League One?",7,2864.271883385668,False
What producer who died in 1978 developed American television detective show Mannix?,1,498.6339382509491,True
"Fairlane Village Mall is anchred by Boscov's, Michaels, and a company whose first department store opened in September 1962, and that went public in what year?",3,869.0830829186463,True
T. Arthur Cottam received an Artistic Director Achievement Award from the Valley Theatre League for his role in this play believed to have been written in what year?,2,562.6258185867669,True
An American statistician and writer who analyzes baseball cited Leip's Atlas as what?,2,562.6258185867669,True
"Who is older, Peter Tscherkassky or Abel Ferrara?",0,270.7128447485479,True
"Who co-created the American live-action/animated TV series, co-produced by The Collective and the studios 14th Hour Productions, in which the American filmmaker, singer, and actor born in 1979 provides the voice of the title character?",7,3690.591627007379,False
Lucky Yates is known for his voice-over roles as Dr. Krieger on a spy sitcom created by who ?,2,562.6258185867669,True
Johannes Megapolensis served for several years at the first permanent Dutch settlement in what town?,7,3690.591627007379,False
Petit Basset Griffon Vendéen and Toy Trawler Spaniel are both breeds of which animal?,0,270.7128447485479,True
The Argentine city Crespo holds an annual beer festival based on a German festival that began in what year?,0,270.7128447485479,True
Who's the husband of the writer of The Unknown?,7,2864.271883385668,False
"This Is Animal Music is the debut studio album by Look Mexico, the album can easily be noted as a beginning for the band's commercial success, as it has sparked attention among major music news sources and has even got the band featured in Alternative Press as a band to look for in which year?",2,562.6258185867669,True
"What type of publication is The Nation, published in the United States with political and cultural news and Humbug edited by Harvey Kurtzman which features various artifacts of popular culture?",3,869.0830829186463,True
Who wrote a letter to Orville Browning where he recognized the importance of one of the four slave states that never declared a secession in the Civil War?,0,270.7128447485479,True
Which host of American Top 40 referred to Jon Peter Lewis as JPL?,2,562.6258185867669,True
What is the English title for a song written and recorded by an Argentine duo with more than 25 million records sold worldwide?,7,3690.591627007379,False
"The film, The Silent House (Spanish: ""La Casa Muda""), starred which actress who was also nominated for the Broadcast Film Critics Association Award for Best Actress?",2,562.6258185867669,True
When was the U.S. Senator representing Alabama died who's memoir was  When Hell Was in Session?,7,2864.271883385668,False
Which Rihanna album hosted the song c-written by Starrah?,0,270.7128447485479,True
Who is known for her research on Haitian voodoo and was a leading prose writer of the Harlem Renaissance?,0,270.7128447485479,True
"in 1927, Kansas Jayhawks football team played their home games in a city that had how many inhabitants in 2010 ?",7,2864.271883385668,False
What is the nationality of the singer who beat out Pour Some Sugar on Me by Def Leppard for the top spot on the US Billboard Hot 100 chart?,2,562.6258185867669,True
Which member of the Beeba Boys died in 1998?,7,3690.591627007379,True
"Which of the stars in  ""Iron Jawed Angels"" was born on 4 January 1965?",7,3690.591627007379,False
"How many estates are there in Great Saint James, U.S. Virgin Island owned by registered sex offender Jeffrey Epstein?",7,2864.271883385668,False
In which town was CamCutter first revealed?,7,2864.271883385668,False
What United States Marine Corps air station which is the home to multiple squadrons of AV-8B Harrier IIs is located at the Yuma National Airport? ,0,270.7128447485479,True
"Georges Favre, the French composer, was a student of which composer of ""The Sorcerer's Apprentice""?",1,498.6339382509491,True
"Bossiaea and Ferraria are both plant genus. Out of the two, which is native to Australia?",0,270.7128447485479,True
Are both Matt Willis and The Mekons British?,0,270.7128447485479,True
"Did both movies, Alice's Birthday and Eleanor's Secret, come out in the same year ?",7,2864.271883385668,False
Kamarinskaya was a folk dance that shares a name with the composer who was the first in his country to be recognized for what type of music?,7,3690.591627007379,False
What was the nationality of the costume designer of Homage to the Queen,3,869.0830829186463,True
What year did the person James Matheson received an award named for in 2011 die?,7,3690.591627007379,False
Which city is the training center that a forward for Spanish side Las Palmas of La Liga located in?,7,2864.271883385668,False
"Which university graduates more number of students in a year, California Institute of Technology or Boston College?",0,270.7128447485479,True
In what year was Adam Wilcox's cousin born?,4,1424.6899817918095,True
The second largest convention center on its opening in 1990 is owned by what company?,4,1424.6899817918095,True
Which football team who plays home games at Gaylord Family Oklahoma Memorial Stadium was defeated by the Clemson Tigers at the Russell Athletic Bowl in 2014?,7,3690.591627007379,False
"How many times has the titular character of LBJ, an upcoming American Political dram film directed by Rob Reiner, been nominated for the Academy Award?",7,3690.591627007379,False
Tata Movus is what type of high-roof vehicle?,0,270.7128447485479,True
"In what year was the artist who recorded ""Sentimental Ol' You"" born?",4,1424.6899817918095,True
What is the name of the pop band founded by one of the stars of Aisa Yeh Jahaan?,4,1424.6899817918095,True
Who is an Indian film actor and producer that co-hosted the 57th Filmfare Awards ceremony in 2012?,7,2864.271883385668,False
When is the American professional poker player who won the 1989 World Series of Poker born ,2,562.6258185867669,True
"This 72-78 passenger aircraft has parking spaces at Nakhon Si Thammarat Airport, which is how many square meters?",7,4516.91137062909,False
"Who was a non-fiction writer, Isaac Bashevis Singer or Alvin Toffler",2,562.6258185867669,True
Which one of the Charlie Brown's Christmas Tales was produced by Lee Mendelson?,0,270.7128447485479,True
When was the upper terminus of the Peak Tram funicular railway line located in a shopping complex at Victoria Gap opened?,2,562.6258185867669,True
"In Old Trafford, Manchester, the Ball of the Century included a cricketer by what name who is also known as a professional poker player?",7,2864.271883385668,False
In what year was the president whose younger brother was a member of the United States House of Representatives for Tennessee's 6th congressional district from 1851 to 1853 born?,3,869.0830829186463,True
"The 2015 American gothic romance film, Crimson Peak was co-produced by which director who also directed ""Pacific Rim""?",0,270.7128447485479,True
Are Antonio Machado and Miriam Toews from the same country ?,0,270.7128447485479,True
What is the name of the Spanish tenor who rereleased De Mi Alma Latina?,0,270.7128447485479,True
"What team did Luis Lopez play for that is based in Montreal, Quebec? ",0,270.7128447485479,True
"What is a city that is set aside from the territory of any county or counties with exceptions , including a city built along the western bank of the Mississippi River, on the border with Illinois ?",7,2864.271883385668,False
"What Canadian television newsmagazine series was hosted by a Muslim Canadian author, educator, and advocate of a reformist interpretation of Islam?",7,3690.591627007379,False
"Who wrote ""House of Cards"" and Never Surrender?",0,270.7128447485479,True
"The Zhe School was part of the Southern School, which thrived during a dynasty that ruled for how many years?",2,562.6258185867669,True
"Which genus of plants contains a larger variety of species, Paulownia or Dendromecon?",0,270.7128447485479,True
Maureen Starky married Ringo Starr in 1965 and would later have an affair with which Beatle band member?,0,270.7128447485479,True
The Jungle Book: Alive with magic and Rivers Of Light are both nighttime shows at?,2,562.6258185867669,True
What county is the Moscow Hemp Fest held in?,2,562.6258185867669,True
What do both Aealo and Rotting Christ have in common?,3,869.0830829186463,True
"""What About Us"" is a song by American singer and songwriter Pink, it was written by Pink, Steve Mac and John ""Johnny"" McDaid, a Northern Irish singer, songwriter, musician and record producer from where?",2,562.6258185867669,True
"Thomaz Koch and Sébastien Lareau, have which occupation in common?",2,562.6258185867669,True
Ezhou and Quzhou are both cities located in which country?,0,270.7128447485479,True
The ballad with Sheryl Crowe that the album Cocky is known for was rerecorded with which country singer?,6,2499.044203727256,True
"While Anatole Litvak and Kinji Fukasaku are both directors, were they both responsible for their own screenplays as well?",7,2864.271883385668,False
Are the films Metropia and The Watercolor animated?,7,2864.271883385668,False
Where did Jermaine Jackson's famous musical family group originate?,0,270.7128447485479,True
Which movie starring Verna Bloom is produced by Ivan Reitman and Matty Simmons and is an American Comedy Film?,2,562.6258185867669,True
Who was the producer of the studio album that was supported by Pearl Jam's Vs. Tour?,2,562.6258185867669,True
"Which Walt Disney film premiered first, Secretariat or The One and Only, Genuine, Original Family Band?",0,270.7128447485479,True
Did the composer Charles Gounod or Mikhail Glinka live past the year 1875?,7,2864.271883385668,False
"Henry Wilbur Palmer was a Republican member of the U.S. House of Representatives from Pennsylvania, he was the father of Bradley Palmer, a Boston lawyer known for his involvement with which brand of men's and women's safety razors, and other personal care products?",0,270.7128447485479,True
"Which breed was developed in the 1990s, Chippiparai or King Shepherd?",0,270.7128447485479,True
"Which professional football club known as ""the Red Devils"" did Ernie Hine play for?",7,2864.271883385668,False
Where is the company that bought the Claud Butler brand based?,7,2864.271883385668,False
"This ""New York Herald Tribune"" and the ""Chicago Daily News"" figure had a Pulitzer Prize in the 1960s for what category that pertains to a type of two-dimensional illustration, possibly animated?",1,498.6339382509491,True
"My big iron skillet was recorded and released by this american artist known as the ""Queen of Rockabilly""",0,270.7128447485479,True
Where is the headquarters of the designer of Apple Bandai Pippin?,0,270.7128447485479,True
"Which American actor, director and producer best known for his distinctive supporting and character roles- typically lowlifes, eccentrics, bullies, and misfits – Hoffman acted in many films from the early 1990s until his death at age 46, did sister James indicate might have too much personal attention with the school's only black student Donald Miller (Joseph Foster)?",0,270.7128447485479,True
"Cannery Casino and Hotel is a locals casino in North Las Vegas, Nevada, USA, owned and operated by Boyd Gaming, Boyd Gaming Corporation is an American gaming and hospitality company based in which city in Nevada?",2,562.6258185867669,True
The 2015 San Diego Padres season had a general manager of which former Texas Rangers assistant GM?,1,498.6339382509491,True
What mortgage and savings provider did Mr. Marks charge on Mrs. Hodgson freehold?,7,3690.591627007379,False
Are both Tuberaria and Chimonobambusa genus of plants?,0,270.7128447485479,True
"Necropolis is a fantasy novel by English, novelist and screenwriter specialising in mystery and suspense writer, Anthony Horowitz, born on which date?",4,1424.6899817918095,True
"What is the is the fourth studio album by Mexican pop-singer married to Governor of Chiapas, Manuel Velasco Coello?",1,498.6339382509491,True
In what year was Gerald Ford's running mate from the 1976 United States presidential election the Republican presidential nominee?,3,869.0830829186463,True
Vanessa Mesquita made the cover of a magazine established by who ?,7,2864.271883385668,False
"An example of one of more than 70,000 of the homes sold by Sears Catalog Home is located in what town in Arizona?",7,2864.271883385668,False
Are both Broken Bells and Cast considered rock bands?,0,270.7128447485479,True
"In what year was the magazine founded, which had Jean-Louis Comolli as its editor in chief from 1966 to 1978 ?   ",0,270.7128447485479,True
"What is the nationality of the man who defeated Javier Mora in Max Schmeling Halle, Prenzlauer Berg, Berlin, Germany?",2,562.6258185867669,True
New Wave was later enhanced by this Russian superstar whose career started in what year ,4,1424.6899817918095,True
"Miki Berenyi and Phil Anselmo, are in which industry?",6,2499.044203727256,True
"What ideas did this Italian philosopher, poet, essayist, and philologist, who wrote the poem L'infinito, come in touch with while living in a secluded town in the conservative Papal States?",2,562.6258185867669,True
Who is the husband of lady which  Camilla Luddington played her role in the Lifetime TV film?,7,4516.91137062909,False
I Am Missing You was a song that included a contribution by the session drummer of what nationality?,2,562.6258185867669,True
"This ""Gearing""-class destroyer was named after the first naval recipient of the Medal of Honor in what war?",2,562.6258185867669,True
Oksan Station is located in which East Asian country?,1,498.6339382509491,True
What was the name of the keyboardist and songwriter who formed the electronic music group whose fifth studio album was Invaders Must Die?,2,562.6258185867669,True
What position did the chief strategy officer for the Cleveland Browns hold when he worked for the Dodgers?,7,3690.591627007379,True
Martin Manley served as the Executive Director to a school name after whom?,7,2864.271883385668,False
"Complicated"" is a song by Barbadian recording artist Rihanna from her fifth studio album ""Loud"", released on which date?",2,562.6258185867669,True
"Who has more scope of profession,  PJ Harvey or Salt?",7,4516.91137062909,False
"Multiple medallists at the 2012 Summer Paralympics in London, United Kingdom included cyclist Sarah Storey, a British road and track racing cyclist and former what (sport)?",0,270.7128447485479,True
How often is the journal established by the 1954 recipient of the Bharat Ratna published?,7,3690.591627007379,False
Walter Iván Montoya is an Argentine professional footballer who plays for a club that was formed on what date?,4,1424.6899817918095,True
"Which band was formed first, Loudspeakers or Marcy Playground?",0,270.7128447485479,True
"Romy Ruyssen, is a French mixed martial artist, she headlined the first Invicta Fighting Championships event, against which retired Dutch mixed martial artist?",1,498.6339382509491,True
WereMaurice Elvey and Arthur Lubin both from the USA? ,0,270.7128447485479,True
"Who directed the 2013 comedy that the song ""Problem"" was in?",7,2864.271883385668,False
Fireball is a song by an American rapper whose first recorded mainstream performance was on a solo track from what 2002 Lil Jon album?,0,270.7128447485479,True
"Which director was from a geographically smaller country, Éric Rohmer or Robert Stevenson?",5,1864.9011340246145,True
The Orford Express operates seasonally on a former line headquartered in what city?,7,2864.271883385668,False
What was named one of the seven wonders fo the architetural world by the magazine that has won twenty-five National Magazine awards?,7,2864.271883385668,False
"The re-telling of the origins of the famous Korean folktale ""Chunhyangjeon"" stars Jo Yeo-jeong from what country?",7,2864.271883385668,True
Which  equestrian weekly magazine of the United Kingdom is Mark Phillips a columnist in ,0,270.7128447485479,True
"Darla is the name of an episode from what television spin off of ""Buffy the Vampire Slayer""?",0,270.7128447485479,True
Howard Knob rises nearly 1000 ft above the town of Boone and a campus also referred to as?,7,2864.271883385668,False
"What base is located west of ""Birdshit Island""?",7,2864.271883385668,False
"""V"" Is for Vagina is the debut studio album by Maynard James Keenan's side project Puscifer, the album features a significantly different, electronic sound and arrangements than Keenan's other bands: the progressive Tool and alternative A Perfect Circle, is an American rock supergroup formed by Billy Howerdel and Tool vocalist Maynard James Keenan, in what year?",7,2037.9521397639564,False
"Which award did Jorge Calvo Dorado receive for the psychological thriller film, Mindscape?",4,1424.6899817918095,True
"Klitgaarden (lit.""The Dune House"") is a former summer residence of the Danish royal family situated just south of Skagen on the northern tip of Jutland, the house was designed by Ulrik Plesner, and completed in 1914, for King Christian X and Queen Alexandrine, Alexandrine of Mecklenburg-Schwerin (24 December 1879 – 28 December 1952) was Queen of Denmark as the spouse of King Christian X, she was also of which title?",2,562.6258185867669,True
Who was born first out of Rupert Julian and Robert Z. Leonard?,0,270.7128447485479,True
Where is the network that first aired Digimon Fusion located?,7,2864.271883385668,False
Which heavy metal band released As Ugly as They Wanna Be which is a parody of 2 Live Crew's 1989 album?,1,498.6339382509491,True
What is the population according to the 2010 census of the town the Connor-Bovie House is located?,4,1424.6899817918095,True
What is the NEASC accredited high school that Mike DeVito attended?,1,498.6339382509491,True
Where was the docmentary television show Inked located when filmed?,2,562.6258185867669,True
Dr. Karni Singh Shooting Range was first constructed for the an event where how many records were broken?,7,2864.271883385668,False
What nationality were the ancestors of the congresswoman who introduced WEEA?,3,869.0830829186463,True
"In what year was the host of the show ""The Great Escape"" born?",7,2864.271883385668,False
A Place to Live and The Panama Deception are both what?,7,3690.591627007379,False
"Gloria Gaynor's cover of ""I Am What I Am"" is from a musical that it's title translates to what in English ?",4,1424.6899817918095,True
What feudal domain did William Henry Harrison Seeley fight against?,7,3690.591627007379,False
Are both Hottonia and Othonna geniuses of plants?,2,562.6258185867669,True
What is the Kissin U singer known for in the Guiness World Records book?,7,2864.271883385668,False
Non-Stop starred the English actress best known for what role in Downton Abbey?,2,562.6258185867669,True
"Harrods Creek, Louisville merged with what most populous county in Kentucky in 2003?",0,270.7128447485479,True
"Juan Carlos Ferrero and Stan Wawrinka, are both what?",2,562.6258185867669,True
"Watertown International Airport and Blue Grass Airport, are in which country?",0,270.7128447485479,True
"Which catherdral is located in London, Norwich Cathedral or St Paul's Cathedral?",0,270.7128447485479,True
"Which woman's magazine was published first, the Australian Woman's Mirror or Woman's Viewpoint?",0,270.7128447485479,True
Pat Gorman was in the 1980 American historical drama film about whom?,7,2864.271883385668,False
What is the name of the series starring Park Bo-gum that has music created by Second Moon?,4,1424.6899817918095,True
The movies Coraline and Scooby-Doo! and the Samurai Sword were both released in what year?,0,270.7128447485479,True
What is Meena Rana's connection to Music of Uttarakhand?,7,3690.591627007379,False
"What is the name of the songwriter who created ""Time Takes Time"" and occasionally sang lead vocals on one song on an album such as, ""Yellow Submarine?""",1,498.6339382509491,True
"An official ambassador of the United Dance Organisation, this actor made his film debut in Street Dance 3D.",2,562.6258185867669,True
What term was coined during World War II for knives in the Victorinox collection?,2,562.6258185867669,True
"Which decision occurred first, ""Everson v. Board of Education"" or ""Rasul v. Bush""?",0,270.7128447485479,True
"Who commissioned the 1919 ballet written by the creator of the role of the Can-Can Dancer in ""La Boutique fantasque""?",2,562.6258185867669,True
"Old Smokey is a euphemistic name given to the state prison electric chair in New Jersey, which is on display at which location, the chair's most notorious victim was Bruno Richard Hauptmann, a German-born carpenter who was convicted of the abduction and murder of the 20-month-old son of aviator Charles Lindbergh? ",0,270.7128447485479,True
"What 2002 Walt Disney film starring Dennis Quaid features the single ""Slow Turning""?",4,1424.6899817918095,True
Who tracked down and arrested the longest-serving commandant of Auschwitz concentration and extermination camp?,7,2864.271883385668,False
Bogjurgan Hill is part of a region that includes which 14th-century towerhouse?,6,2499.044203727256,True
"Turbidimetric inhibition immunoassay is used in many commercial immunoassays, including this medication sold under which brand name?",7,2864.271883385668,False
"Apart from the founder of the Exclusive Brethren, what is the name of the second person who was sent by the Plymouth Brethren to investigate the outbreak of supernatural gifts of the Holy Spirit in Scotland?",2,562.6258185867669,True
"After succeeding Arnold Burns, how long did Edwin Meese remain in office?",7,2864.271883385668,False
For what other platform besides television did the actor who voiced a role in the animated DC Comics universe also voice roles for?,2,562.6258185867669,True
Which country held the Olympics games where Robert Seguso won a gold medal with Ken Flach in the men's doubles?,7,2864.271883385668,False
Maurice Edward Dockrell was a politician from a party that has how many members ?,4,1424.6899817918095,True
Barbara Linares is a model for what parent company of Aerie?,0,270.7128447485479,True
What year was the ceremony hosted by a journalist and broadcaster from Northern Ireland born 3 December 1959?,7,2864.271883385668,False
Patrick Stewart plays which character in the film series based on the comic books created by Stan Lee and Jack Kirby?,2,562.6258185867669,True
Another american singer Jack Splash wrote music for was ?,7,6995.870601494227,False
What former Governor of Santa Cruz won after a runoff was canceled?,1,498.6339382509491,True
Which Israeli folk song is featured on Scottish bagpipes for the soundtrack album from Monty Python's Life of Brian?,2,562.6258185867669,True
"Hawaii v. Office of Hawaiian Affairs, 556 U.S. 163 (2009), was a United States Supreme Court case about the former crown lands of the Hawaiian monarchy, the Court, in an opinion by which Associate Justice of the Supreme Court of the United States, and has served on the court since January 31, 2006?",7,2864.271883385668,False
"Barnes v. Glen Theatre, Inc. and Michigan v. EPA, are related to which mutual organization?",0,270.7128447485479,True
What breed besides the Xoloitzcuintli is specifically bred for alopecia?,4,1424.6899817918095,True
Is it true that both Miho Hatori and Daryl Braithwaite have roots outside of the United States?,0,270.7128447485479,True
Are Finance and I'm the Boss! both based on cooperation?,0,270.7128447485479,True
"Who directed the film that stars Jake Pratt as ""Alfie""?",6,4109.226608892913,True
Are Pierre Bouvier and Chantal Claret both singers?,4,1424.6899817918095,True
What year did Danish film director Thomas Vinterberg direct Dear Wendy?,1,498.6339382509491,True
Are both Nick Bantock and James Jones authors ?,0,270.7128447485479,True
Who did the warchief Red Cloud defeat in the Powder River War?,7,3690.591627007379,False
"Alice Costandina ""Dina"" Titus is considered to be what?",3,869.0830829186463,True
Masakatsu Ueda is a MMA fighter who is a blue belt under the martial artist who teaches which two disciplines?,4,1424.6899817918095,True
The Irish National Caucus was founded during a meeting of an organisation that was founded in what year?,3,869.0830829186463,True
"In what year was the playwright, who wrote, The Assignation, made England's first Poet Laureate?",0,270.7128447485479,True
Cocky represents a cartoon version of a gamecock after what term was used by George Wilson?,7,3690.591627007379,False
"Was the date that the album on which ""There's No Home for You Here"" appeared was released?",4,1424.6899817918095,True
The Swan of Catania was taught by what Italian composer?,7,3690.591627007379,False
Who was the first illustrator for a comic book character later assigned to Carlo Pagulayan?,7,2864.271883385668,False
Which star from the European version of Jersey Shore was on Ex on the Beach?,2,562.6258185867669,True
What institute in Washington D.C. is Bryan Douglas Caplan an adjunct scholar for?,0,270.7128447485479,True
Which two countries face each other in a cricket match every year?,7,2864.271883385668,False
"Which tennis player is from Europe, Virginia Ruano Pascual or Andy Roddick?",0,270.7128447485479,True
Were the bands Oasis and Oingo Boingo both American bands?,0,270.7128447485479,True
The coach for the 1993 Nebraska Cornhuskers football team was born in what year?,2,562.6258185867669,True
An album released by Ziggy Marley called Dragonfly featured Flea who is best known as a bassist from what rock band?,0,270.7128447485479,True
"Jimmy Yuill, is a member of the Royal Shakespeare Company and later joined the Renaissance Theatre Company, he has appeared in many of Kenneth Branagh's films, most recently as Corin in which 2006 film written and directed by Kenneth Branagh, and based on the Shakespearean play of the same name?",0,270.7128447485479,True
Oleanna is a 1994 drama film starring an American actor who has appeared in summer what?,7,2864.271883385668,False
The company where Pablo Hidalgo currently works has been purchased by The Walt Disney Company for what amount of money?,4,1424.6899817918095,True
"John Price Buchanan, was an American politician and farmers' advocate, Buchanan's lone term as governor was largely marred by which early 1890s armed labor uprising in the southeastern United States that took place primarily in Anderson County, Tennessee?",2,562.6258185867669,True
"While Sunkist is a soft drink, what type of beverage is Venom Energy?",0,270.7128447485479,True
"Raymond Andrew ""Ray"" Winstone, is an English film and television actor, he has appeared in films such as The Magic Roundabout, a French-British computer-animated adventure fantasy film based on the television series ""The Magic Roundabout"", released in what year?",0,270.7128447485479,True
What nationality is the singer of the song Love Crime ?,7,6995.870601494227,False
Ricardo Delgado has worked on the 2004 superhero film directed by whom?,2,562.6258185867669,True
"Medfield College is a fictitious university used as the setting for several films by The Walt Disney Company, Among them are the two ""Professor Brainard"" movies, one is The Computer Wore Tennis Shoes is a 1969 American comedy film starring who?",1,498.6339382509491,True
Are Chilopsis and Austrocedrus both genuses of flowering plants?,0,270.7128447485479,True
"The character Joe Manganiello played in ""Spider-Man"" played what sport?",0,270.7128447485479,True
Are both Print and National Journal periodicals?,2,562.6258185867669,True
"Which city is both the county seat of Lumpkin County, Georgia, as well as the home of the Lumpkin County School District?",2,562.6258185867669,True
"Which is the largest non-Catholic Christian denomination in the United States headed by Russell D. Moore, an American evangelical theologian, ethicist, and preacher?",7,2864.271883385668,False
Where did the holiday that falls on the day of the 2013 Sydney to Hobart Yacht Race originate?,0,270.7128447485479,True
Which monarch was king of England during the era that the novel Tod of Fens takes place during?,7,2864.271883385668,False
"Hans Schlegel and Reinhard Furrer, are German, of which mutual occupations?",4,1424.6899817918095,True
Mia Hansen-Løve won the Silver Bear for Best Director for a film staring whom?,3,869.0830829186463,True
How many square feet is the shopping mall located in the tallest completed building in Nevada?,7,3690.591627007379,False
Who was a reformed criminal and former member of the gang who's founder embarked on a life of crime after being maimed in an industrial accident as a boy?,7,3690.591627007379,False
What position at a university was held by the coach working with the Texas Longhorns during the 1932–33 season?,7,2864.271883385668,False
The 2003 SEC Championship Game was played at a stadium owned and operated by who?,7,2864.271883385668,False
"The 2004-05 season saw Futbol Club Barcelona restructure, following the retirement of a Spanish former professional footballer, and a current manager, who was born on May 8th in what year?",7,3690.591627007379,False
What English actor born in 1972 was part of the ensemble cast of Contagion? ,7,3690.591627007379,True
Sosarme was written by this German and later British composer who became a naturalized British subject in what year?,2,562.6258185867669,True
"The comedian who starred in ""The Librarian: Return to King Solomon's Mines"" made his debut during which 1960s show?",7,2864.271883385668,False
Alexis Sánchez specialized in the event that is included in the athletics program at what premier event?,0,270.7128447485479,True
When was the person who wrote The Sovereignty of Good born?,4,1424.6899817918095,True
What crossover hit was a song by the American Industrial rock band Nine Inch Nails?,0,270.7128447485479,True
"André Jardin (1912 – 1996) was a French biographer and historian, best known for his studies of Alexis de Tocqueville and 19th century French history, translated into English as ""Tocqueville: A Biography"" in 1988 by Lydia Davis and Robert Hemenway—was acclaimed as the definitive account of the life and career of the author of ""Democracy in America""/De La Démocratie en Amérique, is a classic French text by Alexis de Tocqueville, published in how many volumes?",6,3304.1354063100844,True
"Which Infantry Division from world war 2, had a twenty year old lieutenant?",2,562.6258185867669,True
What address does Diana Ross live at?,7,2864.271883385668,False
"Are Just, Melvin: Just Evil and Speaking in Strings both documentaries about musicians?",0,270.7128447485479,True
Which group did this musician from the rock band that released Zeitgeist join shortly after the its breakup?,7,4516.91137062909,False
"Which state is the university, in which Paul Hostetter was the director of the John J. Cali School of Music, located?",0,270.7128447485479,True
"""Begin Again"" was co-produced by Taylor Swift and another record producer working in which field of music ?",2,562.6258185867669,True
What fraudulent company was listed on both the Alberta Stock Exchange and the Toronto Stock Exchange?,2,562.6258185867669,True
"""The Poor Kid"" is the fifteenth season finale of a series created by who ?",2,562.6258185867669,True
"""Plop, Plop, Fizz, Fizz, Oh What a Relief it Is!"" was a jingle for a product launched in what year?",4,1424.6899817918095,True
In what region was Eddy Mazzoleni born?,7,2864.271883385668,False
"Who was the bassist for Tool's song ""Schism""?",2,562.6258185867669,True
"Who is the director of 1999 American heist film in which J. Paul Boehmer appeared and stars Pierce Brosnan, Rene Russo and Denis Leary?",2,562.6258185867669,True
Gerry Bertier was known as being on the team that was portrayed in which 2000 sports film?,0,270.7128447485479,True
Do the Bully Kutta and Chinese Chongqing Dog breeds originate from the same region?,0,270.7128447485479,True
What university did the members of the duo who recorded A Moment Apart attend?,7,3690.591627007379,False
"What show premiered Season 13 on The CW on October 12, 2017?",0,270.7128447485479,True
Which DAF brand truck is produced by Leyland Trucks at their Farington plant?,2,562.6258185867669,True
Which gulf touches both Anna Maria Island and Anna Maria the city?,0,270.7128447485479,True
"Which member of Mission Mountain Wood Band, abbreviated M2Wb, was appointed to the Montana Arts Council by Governor Brian Schweitzer?",7,3690.591627007379,False
Mark Huffam was a producer on a spy comedy film parodying what secret agent?,0,270.7128447485479,True
The 2012 St. Louis Rams season was the second and final season for the quarterback who now captains which team?,7,2864.271883385668,False
 What home stadium that Caio Henrique Oliveira Silva plays as an attacking midfielder?,7,3690.591627007379,False
"which title that has been created twice, once in the Peerage of England and once in the Peerage of the United Kingdom did its family owned Exeter House",1,498.6339382509491,True
What Cleveland Ohio based department store was one of the original anchors for the Parmatown Mall?,0,270.7128447485479,True
"Where was Friedrich Hayek, the author of ""The Fatal Conceit"" born?",7,2864.271883385668,False
"Famous for her role as Peggy Bundy, when was the wife of producer, writer, and director on ""The Shield"" born?",2,562.6258185867669,True
In which battle did the Uncle of Henry Armstrong Reed and youngest brother of a US Army Lt Colonel and a two-time Medal of Honor Recipient get killed along with his brothers and his nephew? ,0,270.7128447485479,True
What number president is the person who had a feud with Megyn Kelly in her book Settle for More?,7,3690.591627007379,True
Where was Proof born and where did he end up dying?,4,1424.6899817918095,True
To whom was the shuttle service that operates in the Northeastern region sold to under its former name in 1989?,1,498.6339382509491,True
"John Lasseter and Mikhail Kalatozov, share which mutual occupation?",4,1424.6899817918095,True
What is the name of the third largest East Asian stock exchange that once featured the New World Department Store China?,0,270.7128447485479,True
"What year was the father of  James Hamilton, 5th Duke of Hamilton born?",7,3690.591627007379,False
Style was the single that Taylor Swift released after which other song from her album 1989?,2,562.6258185867669,True
"Gulliver Nunatak,  is a nunatak with a flat, ice-free summit, 575 m high, at the north side of Adie Inlet, on the east coast of Graham Land, Antarctica, it was named by who, for the fictional character in Jonathan Swift's ""Gulliver's Travels""?",7,3690.591627007379,False
"Which court case, Gonzales v. Carhart or Lawrence v. Texas, struck down the sodomy law?",0,270.7128447485479,True
"Lada Negrul, is a Russian actress and poet, and is the author and producer of documentaries about which highly popular Russian actor who starred in fifty seven films including several TV serials, such as ""Spetsnaz"" (2002)?",2,562.6258185867669,True
The Port Noarlunga Reef Aquatic Reserve and the Onkaparinga River are both located in which state of Australia?,0,270.7128447485479,True
The 2000 French crime thriller film starred what writer and director besides Coralie Trinh Thi?,2,562.6258185867669,True
which Szombathelyi Haladas footballer wears pyjama-like tracksuit bottoms while playing?,7,3690.591627007379,False
Are Károly Makk and Marco Bellocchio both film directors?,0,270.7128447485479,True
"Which band describes themselves as a ""minimalist rock trio"", Sunrise Avenue or Shellac?",0,270.7128447485479,True
Who is the director of the horror comedy that Josh Stolberg participated screenwriting?,2,562.6258185867669,True
Kahibah FC is based is what country?,7,2864.271883385668,False
When was the deposition of the father of Charles Lennox Duke of Richmond?,7,3690.591627007379,False
Are Shifty Shellshock and Alissa White-Gluz both death metal vocalists?,0,270.7128447485479,True
What country of origin does Adeyfield and Hemel Hempstead have in common?,0,270.7128447485479,True
"Who is the director of the movie ""The Magic Christian"" in which Peter Sellers was acted?",1,498.6339382509491,True
"From which ethnic tribe hail the Catuvellani, a settlement of whose can be found near the city of St Albans in Hertfordshire?",7,2864.271883385668,False
"The actress that played Rose Buck in ""Upstairs, Downstairs"" also played what chacter in the tv series ""Doctor Who""?",7,2864.271883385668,False
"George Edward Entwistle (born 8 July 1962) was Director-General of the BBC during 2012, succeeding who, he current Chief Executive Officer (CEO) of The New York Times Company?",0,270.7128447485479,True
In what year was Archduke Franz Ferdinand assassinated during the July Crisis?,0,270.7128447485479,True
 What is the area of the place which is famous for the home of Frank A. Vanderlip and his family?,7,2864.271883385668,False
What kind of technique does SpongeBob SquarePants and Mermaid Man and Barnacle Boy have in common?,7,3690.591627007379,False
"In what fictional comic universe is the American web television series Iron Fist, with Alex Wise playing the character Kyle, set in?",2,562.6258185867669,True
Who featured in a Tamil romance film in 2001 that was born on March 28 1954?,7,2864.271883385668,False
"What is the name of the musical written by this English comedian, author, playwright, actor, director, and writer of ""The Young Ones"" and composed by Andrew Lloyd Webber with lyrics by Glenn Slater?",4,1424.6899817918095,True
"What is the title of the book written by the host of ""Family Feud""?",7,3690.591627007379,False
When was the second extended play of the American singer and songriter best known as the clean vocalist in post-hardcore band Dance Gavin Dance released?,7,3690.591627007379,False
"New England Patriots, who lost to the Baltimore Ravens in 2009 playoffs also lost to what team in 2010?",1,498.6339382509491,True
"Unlike a certain secretive recipe, Open-source cola is published. Who founded the secret formula?",2,562.6258185867669,True
"What song by AIR was on their debut album ""Moon Safari"" and was featured in the film ""10 Things I Hate About You""?",2,562.6258185867669,True
"Peter Benchley and Ödön von Horváth, have which mutual occupation?",7,2864.271883385668,False
"The actress that rose to prominence after appearing in Robin Thicke's ""Blurred Lines"" video co-stars with Zac Efron in a 2015 film directed by who?",4,1424.6899817918095,True
Which director/actor was in a British comedy film directed  by Duncan Wood?,7,2864.271883385668,False
What year did Heinrich Himmler join the unit that used the concept of Wehrbauer to refer to soldiers designated as settlers for the lands conquered during the German invasions of the Soviet Union and Poland?,7,3690.591627007379,False
"What is the name of this South Korean musician, singer-songwriter, record producer and actor in the rock band CNBLUE, who wrote the song You, My Star?",0,270.7128447485479,True
Are Frailea and Cyathodes both types of plant?,0,270.7128447485479,True
"What town with a population of 36,124 at the 2010 census, has the Suffolk County Veterans Memorial Highway on the Jericho Turnpike?",2,562.6258185867669,True
Scenestar was known to organise events at what hotel in what country?,5,1864.9011340246145,True
"When was the university founded which is in Baltimore, Maryland and Stephen J. Suomi served as a research professor?",7,2864.271883385668,False
"Abel Ferrara (born July 19, 1951) is an American filmmaker, known for the provocative and often controversial content in his films, his use of neo-noir imagery and gritty urban settings, a long-time independent filmmaker, some of his best known films include which 1990Italian-American crime thriller film, starring Christopher Walken, Laurence Fishburne, David Caruso, Wesley Snipes, Victor Argo, and Giancarlo Esposito?  ",0,270.7128447485479,True
"Full Circle is an American soap opera that starred Dyan Cannon and Jean Byron, who portrayed Patty Lane's mother in what show?",1,498.6339382509491,True
"Which recording artist put out the album that has, to date, it has sold over 25 million copies worldwide, was features the song, ""I Would Die 4 U""?",0,270.7128447485479,True
What is the birthdate of this Indian nationalist whose defiant patriotism made him a hero in India and for which Netaju Bhawan was maintained as a memorial to him?,0,270.7128447485479,True
What Scottish novelist created a character whose name is the title of a film starred in by Ozzie Devrish?,7,2864.271883385668,False
"Roger Vignoles has accompanied singer Sylvia McNair, what redister does she sing in?",0,270.7128447485479,True
Are Bobby Tench and Marilyn Manson both songwriters?,2,562.6258185867669,True
Who created the studio album Big Fish Theory?,2,562.6258185867669,True
The artist who recorded the October 2005 song Cheatin' was born in what month?,7,2864.271883385668,False
What band consists of rapper/vocalist MC Ride (Stefan Burnett) who's second album is entitled No Love Deep Webb?,1,498.6339382509491,True
British screenwriter John Hodge adapted The Beach for a movie from the novel by which author?,0,270.7128447485479,True
Until which year did this Polish professional boxer who lost to Joe Smith Jr. in 2016 in a knockout victory hold the IBO light heavyweight title?,2,562.6258185867669,True
"Edward Sharpe and the Magnetic Zeros and The Script, share which musical genre?",7,2864.271883385668,False
What has made headlines in relation to the arrest of the British politician who has been the conservative member of parliament for Ashford since 1997 and the First Secretary of State nd Minister for the Cabinet Office since 11 June 2017?,7,2864.271883385668,False
Which island nation in the Indian Nation did Kate Kung Foo practice badminton in?,1,498.6339382509491,True
"When was the second promotional single from the album that contained ""State of Grace"" released?",7,8648.510088737652,False
The Special Division was upheld in a case that decided which act was Constitutional?,7,3690.591627007379,False
What book was the first foreign language film to be nominated for an Academy Award for Best Picture based on?,7,2864.271883385668,False
"Nasty Gal is an American retailer that specializes in fashion for young women, founded in 2006, by which American businesswoman, that started it at age 23?",0,270.7128447485479,True
What is name of the bureau in the United States Department of Treasury that sets revenue rulings?,0,270.7128447485479,True
Were Ronnie Van Zant and Mick Jones both lead singers of a band?,0,270.7128447485479,True
"Which nature reserve was established in 1969, Monfragüe or Doñana National Park?",0,270.7128447485479,True
Enola Gay was one of the bombers that targeted the largest city on what Japanese island?,7,2864.271883385668,False
Which of the following is usually garnished with a slice of lime: Old Fashioned or Gin and tonic?,0,270.7128447485479,True
Which fictional character devised by Lewis Carroll did  Alice recited ,7,2864.271883385668,True
Are Electronic Gaming Monthly and MetroSource both magazines?,0,270.7128447485479,True
"What is the name of the painting stolen on March 19, 1990 for which a museum initially offered a $5 million reward for information leading towards its recovery?",7,3690.591627007379,False
In what Russian city is the studio which employs Konstantin Eduardovich Bronzit?,0,270.7128447485479,True
What mid-fifties Canadian golf event on the PGA Tour was sponsored by the largest brewer in Canada?,7,3690.591627007379,False
When was the head coach of the 2009-2010 Texas Longhorn's men basketball team born?,7,2864.271883385668,False
Which of the following received the 1908 Nobel Prize for Literature: Howard Fast or Rudolf Christoph Eucken?,0,270.7128447485479,True
"What American rock band formed in 2004 from Franklin, Tennessee was featured on the AbsolutePunk website?",0,270.7128447485479,True
Would the competition Bundeswettbewerb Gesang Berlin be held for the genres of light opera in even or uneven years?,1,498.6339382509491,True
Užupis has been compared to a district of Copenhagen that was temporarily closed by residents in what year?,7,2864.271883385668,True
The Casey Jr. is a water play area across from which aerial carousel-style ride located in Fantasyland at six Disney parks around the world?,0,270.7128447485479,True
"How many records have been sold by one of the writers of ""Bachelor Boy""?",7,2864.271883385668,False
What locations is the folklore which Huldra belongs to representative of?,7,2864.271883385668,False
"What song that was on an album with State of Grace, was released as a promotional single on September 25,2012?",7,2864.271883385668,False
"What North Lincolnshire, England village contains the Humber Ferry?",6,4109.226608892913,True
Who directed the 2009 fantasy drama film which Max Records is most notable for his roles as Max in,1,498.6339382509491,True
What year was the first Eddie Kaye Thomas featured American Pie film released?,0,270.7128447485479,True
Were Alfred Döblin and César Vallejo both German nationals?,0,270.7128447485479,True
What goalkeeper participated in a football game for the premiere of A Trip to Jamaica?,7,3690.591627007379,False
How long was the battle that Don Chafin was a commander in in 1921?,4,1424.6899817918095,True
The manufacturing conglomerate that Steyr Mannlicher was originally a part of was broken up in stages between which years?,2,562.6258185867669,True
"What event, inaugurated in 2011 in Beijing, did Lubabalo Kondlo win a silver medal in 2012?",2,562.6258185867669,True
What is the name of the city that is home to the airport which is a terminus of the Central Link Line which includes Mount Baker station?,7,2864.271883385668,False
Leon Robinson had a part in the 1993 film directed by whom?,4,1424.6899817918095,True
What was the score of the Super Bowl that Matt Ulrich won with the Colts?,1,498.6339382509491,True
What year was Virginia G. Madsen cast in the American epic science fiction film written and directed by David Lynch?,1,498.6339382509491,True
"The actress that plays Karen van der Beek on ""Californication"" plays what role on the series ""Believe""?",4,1424.6899817918095,True
"Who is the fictional character in the Transfer of Power book from 1999 and in the film adaptation of ""American Assassin""?",1,498.6339382509491,True
"How much did the movie whose prequel is the novel ""Jumper: Griffin's Story"" make in its opening weekend?",2,562.6258185867669,True
"ConnectU was founded by Cameron Winklevoss, Divya Narendra, and this professional rower?",0,270.7128447485479,True
The 2012 World Indoor Archery Championships was contested at a hotel owned and operated by what man?,4,1424.6899817918095,True
"What company sponsored the 2009 LA Women's Tennis Championships and also sells nutrition supplements, sports nutrition, and personal-care products?",1,498.6339382509491,True
What network are both Ghostshrimp and Stakes known for?,7,2864.271883385668,False
"DysEnchanted is a short subject about seven storybook characters: Snow White, Goldilocks, Sleeping Beauty, Alice In Wonderland, Dorothy, a European fairy tale young girl and a Big Bad Wolf and which other fairytale character? ",0,270.7128447485479,True
What was a parody of French novelist Gabrielle-Suzanne Barbot de Villeneuve's work advertised as?,7,3690.591627007379,False
Skepticality has featured interviews with one of the cast members of the entertainment program created by whom?,7,2864.271883385668,False
"Which has a distinct summit, Saraghrar or Trivor?",0,270.7128447485479,True
What British painter and musician was the bass player included on Anthology 1?,7,2864.271883385668,False
Both Longburgh and Burgh by Sands are located in which English country?,0,270.7128447485479,True
"Who is the operator of two malls in Quezon City, one of which on the EDSA corner near Ortigas Avenue?",2,562.6258185867669,True
Phaeochlaena costaricensis is found in a country located where?,0,270.7128447485479,True
In how many states of the Member states of the Commonwealth of Nations is English either spoken as first or second language or at least widely used?,7,3690.591627007379,False
Giacomo Meyerbeer and Wolfgang Amadeus Mozart shared what occupation?,0,270.7128447485479,True
"Bluebottle (formerly known as AOS and now as A2) is a modular, object-oriented Operating System with unconventional features, it has automatic and garbage collected memory management and provides soft real-time features and is developed at which science, technology, engineering and mathematics university in the city of Zürich, Switzerland?",0,270.7128447485479,True
"Amber Calling are an Australian pop punk and emo band from Adelaide, which formed in 2005 as 919, during their career they have supported shows by Panic! at the Disco, an American rock band from Las Vegas, Nevada, formed in what year?",0,270.7128447485479,True
In what year was the Ghanaian footballer who graduated from the SC Bastia Reserves and Academy born?,7,2864.271883385668,False
What short story is referenced in The Simpsons when the popular character voiced by Hank Azaria stars?,7,3690.591627007379,False
"Who wrote the screenplay for the 2012 film this American film director, screenwriter and producer directed, who also worked on the ""Underworld"" series, ""Live Free or Die Hard?""",7,2864.271883385668,False
"Main Line of Public Works and Sacramento Deep Water Ship Channel, are in the United States?",7,2864.271883385668,False
The place where John Laub is an American criminologist and Distinguished University Professor in the Department of Criminology and Criminal Justice at was founded in what year?,0,270.7128447485479,True
Who is the chairman of the company which developed EZ-Frame?,7,2864.271883385668,False
Into the Homeland starred the actress of what nationaity?,2,562.6258185867669,True
In what city did the Penn State Lady Lions capture their NCAA Division I WNIT title against the Baylor Lady Bears basketball team in 1998?,7,2864.271883385668,False
Nich Yaka Misyachna has been performed by which Russian tenor soloist?,7,3690.591627007379,False
Hong Kong Macau cultural exchange was a trip that tested which law who's purpose was to fulfil Article 23 of the Macau Basic Law?,0,270.7128447485479,True
"Kesektan is to be the center of the newly created Hesa Duwum Kohistan District in a province in the north-east of Afghanistan, and whose capital is what?",7,2864.271883385668,True
What is the name of the book written by Otto Weininger which was published in 1903?,0,270.7128447485479,True
"What university was founded on rented premises in 1942, and grew to meet the needs of returning World War II veterans and later became Ontario's first private, non-denominational college, Carleton University or Duke University?",0,270.7128447485479,True
"What actor born in 1945 starred in the show ""Trial & Error""?",4,1424.6899817918095,True
"Which long-time mistress of King Charles II of England occupied a townhouse in Pall Mall, London?",5,1864.9011340246145,True
"What town does the Mount Agamenticus region covers has the summer resort's name means ""beautiful place by the sea""?",0,270.7128447485479,True
George Johnston was a key figure in putting down what rebellion by convicts against colonial authority in the Castle Hill area of the British colony of New South Wales?,0,270.7128447485479,True
The Eek! segment Klutter was created by David Silverman and a man that manages what studio?,3,869.0830829186463,True
Who wrote a work that described European history until the dawn of the age of the longest serving monarch in European history?,7,4516.91137062909,False
"Kazuhito Kosaka, is a Japanese comedian, better known by his stage names Daimaou Kosaka, and which name, used by his fictional singer-songwriter identity, and is best known for his single ""PPAP (Pen-Pineapple-Apple-Pen)""?",1,498.6339382509491,True
 Michael Edward Curry served as head coach for an American Professional basketball team that has won how many NBA championchips?,7,2864.271883385668,False
When was the King of Hungary and Croatia  who transferred Schottenkirche to German-speaking Benedictine monks born ,7,2864.271883385668,False
"Sparganium and Cyperaceae, are which type of entities?",7,2864.271883385668,False
China Marine was source material for which 2010 American television series?,2,562.6258185867669,True
"What  is a low-cost airline headquartered at Gurgaon, that is the largest airline in India, the third largest domestic airline being the flag carrier airline of India ?",0,270.7128447485479,True
Which city is in the Western area of Ireland which is also the home of Sean Smyth?,0,270.7128447485479,True
"Who is affiliated with the University of Engineering and Technology, Taxila, Center for Advanced Studies in Engineering or Temple University?",2,562.6258185867669,True
"Which English actor starred in “Hollywood Goes Classical"" which was performed at the Dorothy Chandler Pavilion?",7,3690.591627007379,False
" ""Wij zijn Ajax"" features rap parts from a Dutch footballer who plays for what Turkish club?",7,2864.271883385668,False
What section of the canal that passes through Yealand Redmayne was never completed?,2,562.6258185867669,True
Where are the headquarters of the league the Denver Pioneers play in?,4,1424.6899817918095,True
"Space Ducks features songs from the band started by Ruben Nielson, who was formerly of what group?",7,2864.271883385668,False
Which of Chan Yung-jan and Svetlana Kuznetsova has appeared in more Gland Slam finals?,0,270.7128447485479,True
Who was the mother of the man who was King of England from 1483 to 1485?,7,2864.271883385668,False
"Rhiwallon ap Cynfyn, was a Welsh King, following the 1063 invasion of Wales by Harold and Tostig Godwinson, he was an Anglo-Saxon Earl of which location, that overthrew Gruffydd, Rhiwallon and Bleddyn jointly?",6,4109.226608892913,True
What ethnicity are both Befikra and Aditi Singh Sharma?,1,498.6339382509491,True
When does the nephew of Bradley James Orr made his debut in the Premier League club Liverpool?,4,1424.6899817918095,True
Who drafted the compromise which followed the admission of California as a state?,3,869.0830829186463,True
 The O'Hara Watercolor School was burned down during fires that killed how many people?,7,2864.271883385668,False
What college that was chartered in 1829 did Chester C. Dillian coach at for one year from 1929-1930?,7,2864.271883385668,False
Where were the deployment locations of an American football player who was the subject of a biography written by Jon Krakauer?,7,2864.271883385668,False
What country is the movie Waisa Bhi Hota Hai Part II and singer Shibani Kashyap from?,0,270.7128447485479,True
Are both MOD Pizza and Zpizza franchises?,0,270.7128447485479,True
Robert Bozic fought and lost to a professional boxer with what nickname?,6,3304.1354063100844,True
"Which Nirvana album featured The Vaselines, Dave Grohl, and Chad Channing?",7,3690.591627007379,False
"Carlo Prater holds a notable win other what American mixed martial artist born March 30, 1983 who competes in the Welterweight division",7,3690.591627007379,False
"Serving from December 1, 1994- November 30, 2000, which Mexican President headed the San Andres Accords?",0,270.7128447485479,True
"""Bass Down Low"" is a single made by Dev as a follow up to a Far East Movements song from what album?",7,2864.271883385668,False
"Which actor, who stars in the 1926 silent film comedy directed by William A. Seiter, was an amateur boxing champion?",1,498.6339382509491,True
"What is the birthdate of this English musician, singer-songwriter, and record producer, who began his career in the early 1970s, and whose seventeenth studio album was All This Useless Beauty?",4,1424.6899817918095,True
"The San Quentin Six were six inmates at San Quentin State Prison in the U.S. state of California, they were accused of participating in an escape attempt, on which date, that left six people dead, including George Jackson, a co-founder of the Black Guerrilla Family?",1,498.6339382509491,True
What Prince Regent likely stayed in Carlton House in 1811?,0,270.7128447485479,True
"What company did Dave Thomas found who also founded the Dave Thomas Foundation for Adoption, the non-for-profit organization dedicated to find adoptive homes for children waiting in North America’s foster care system that was named for Melinda Lou ""Wendy"" Morse, who is also the namesake and mascot of the company?",0,270.7128447485479,True
"Which has a greater population, Changchun or Huainan?",0,270.7128447485479,True
In what year did an English professional snooker player from Leicester win the China Open?,7,2864.271883385668,False
"Who was born first, John Woo or Joseph Santley?",0,270.7128447485479,True
"The Roots of Coincidence is a 1972 book by Arthur Koestler, an introduction to theories of parapsychology, including extrasensory perception and psychokinesis, it is influenced by Carl Jung's concept of synchronicity, Jung, was a Swiss psychiatrist and psychoanalyst who founded analytical psychology, as a notable research scientist based at the famous Burghölzli hospital, under who?",2,562.6258185867669,True
"Which actress starred in the Disney Channel series ""Shake It Up"" and released a modified version of the ""Down Down Baby"" clapping game?",7,2864.271883385668,False
What American quarterback for the Vikings worked with Terry Shea?,7,3690.591627007379,False
Who acts as an analyst for a TV network for Kansas Jayhawks women's basketball team?,1,498.6339382509491,True
"What style of film is the Office Christmas Party, a 2016 American production directed by Josh Gordon and Will Speck and starring and ensemble cast including Kate McKinnon; a cast member on Saturday Night Live and The Big Gay Sketch Show.",0,270.7128447485479,True
What was the population in 2010 of a town that is represented by Nancy B. Sullivan?,7,2864.271883385668,False
"What ""spoken singing"" style did Carl Hancock Rux use in his debut album ""Rux Revue""?",1,498.6339382509491,True
What was the population in 2016 of the city that houses the Mtual Musicians' Foundation Building? ,7,2864.271883385668,False
"Who was born first, Jon Ramer or Karen Armstrong?",1,498.6339382509491,True
Are Michael Crichton and McG both authors?,0,270.7128447485479,True
Are Waris Hussein and Mathieu Kassovitz both actors?,0,270.7128447485479,True
"Sarah Solemani is an award winning English actress, writer and activist, best known for starring in the BAFTA winning sitcom ""Him & Her"", a British television sitcom about a lazy twenty-something couple with what names?",4,1424.6899817918095,True
"Which Disney Film was released first, Lt. Robin Crusoe, U.S.N. or The Apple Dumpling Gang?",0,270.7128447485479,True
Tanhaiyan Naye Silsilay is a program aired on what Pakistani television network?,2,562.6258185867669,True
What is the alternate name to the roadway which A5103 road ends at junction 3?,7,2864.271883385668,False
How many hotel rooms are in the Las Vegas hotel which hosted the 38th Annual Daytime Emmy Awards in 2011?,4,1424.6899817918095,True
Saumya Tandon currently acts as the lead character in a tv series that premiered on what date?,4,1424.6899817918095,True
The racer who finished second in the 1964 French Grand Prix was this nationality?,0,270.7128447485479,True
how is Tinsley Viaduct and A631 road connected?,7,3690.591627007379,False
Where is the hotel which  Gideon Putnam built it's city located ,7,2864.271883385668,False
"Which English couriter was married to the daughter of Gilbert Talbot, 7th Earl of Shrewsbury?",6,2499.044203727256,True
Marilyn Buck participated in the prison escape of what Black Liberation Army member?,0,270.7128447485479,True
Ranjhay Hath Gandasa is a comedy film starring which Pakistani-American singer-songwriter,1,498.6339382509491,True
Are Sherwood Stewart and Ekaterina Makarova from the same country?,0,270.7128447485479,True
"Which rock band has more members, Skillet or Portugal. The Man?",0,270.7128447485479,True
 The Golden Turkey Awards is a 1980 book by a film critic born in which year ?,4,1424.6899817918095,True
Ernst John von Freyend was adjutant to which Chief of the Armed Forces High Command during WWII?,0,270.7128447485479,True
In between Irving Cummings and Jacques Feyder who adopted French nationality in 1928?,0,270.7128447485479,True
What inventor of the snowmobile founded a transportation company based in Montreal?,0,270.7128447485479,True
"After the worst rail disaster in Australian history, who was legislated as the combat authority for responding to major structural collapse incidents within the state of New South Wales?",2,562.6258185867669,True
"The person who released ""Sun Arise"" was born in what year?",3,869.0830829186463,True
Who directed the 2016 Pakistani romantic drama film produced by the CEO of ARY Digital Network?,7,3690.591627007379,True
 Moisés Solano helped fund his racing career by playing a sport that is a variation of what game? ,7,2864.271883385668,True
What mutant character is played by American actress Brianna Caitlin Hildebrand in the 2016 film Deadpool?,0,270.7128447485479,True
"Joie Susannah Lee, is an American screenwriter, film producer and actress, and has appeared in many of the films directed by her brother, Spike Lee, including which 1986, American black-and-white comedy-drama film written, edited and directed by Spike Lee?",0,270.7128447485479,True
"What band is the the owner of a label, currently working with many artists known for israeli trance music, a member of? ",1,498.6339382509491,True
Paul S. Denam is a member of the band Sade but he is also a member of what other English band?,1,498.6339382509491,True
Tome Sizemore had a role in which movie that starred Wesley Snipes and Bruce Payne ?,1,498.6339382509491,True
What type of art does Flatland Cavalry and Turnpike Troubadours have in common?,7,2864.271883385668,False
"Man of Steel is a 2013 superhero film featuring which organizations character Superman, it is a reboot of the ""Superman"" film series that retells the fictional character's origin story?",0,270.7128447485479,True
Ralf Zumdick pioneered the practice of the penalty-taking-goalkeeper when he scored against a German former football goalkeeper who was in the German squad that won the 1990 what?,0,270.7128447485479,True
Which character did Margot Robbie win two Logie Award nominations for her portrayal of?,2,562.6258185867669,True
"Wellingrove, New South Wales is northwest of the parish and town in what region of NSW?",1,498.6339382509491,True
Are both Toy Story and Tarzan animated films?,0,270.7128447485479,True
The president that signed a new Railway Labor Act in 1926 was a lawyer from what state?,3,869.0830829186463,True
"Which rock band was formed in Arizona, Sleep Room or Jimmy Eat World?",0,270.7128447485479,True
"Which canal is the largest and most important drainage canal in the city of New Orleans, the 17th Street Canal or Champlain Canal?",0,270.7128447485479,True
"Which Russian music project that refreshes on Wednesday featured the song ""Feel It Still"" at number one on their airplay chart and ",2,562.6258185867669,True
What technology used to be how the school that Adelaide Miethke conducted classes?,4,1424.6899817918095,True
Are Kemess Mine and the Temagami-Lorrain Mine both located in Ontario?,0,270.7128447485479,True
The political party that Kayithi Narsi Reddy associates with was founded in what year?,7,2864.271883385668,False
Are Racing Extinction and Incident at Oglala both documentaries,0,270.7128447485479,True
"Which is a condominium building, Central Park Place or World Trade Center?",0,270.7128447485479,True
"Who has won more Pulitzer Prizes, Thomas Friedman or Colson Whitehead?",2,562.6258185867669,True
The Kenwood Collection shopping center is located between Kentwood Towne Centre and a highway with a northern terminus in what city?,7,3690.591627007379,False
Which actress from The Andy Griffith Show was also part of the 1949 film Father Was a Fullback?,7,2864.271883385668,True
Who was found guilty of killing 22 villagers and originally given a life sentence but was released after a ruling by federal judge found their trial has been prejudiced by pre-trail publicity?,7,3690.591627007379,False
"Which enclosed shopping mall was formerly named for Benjamin Franklin and is next to the Millbrook, Philadelphia neighbourhood?",1,498.6339382509491,True
"Mukhabarat el-Jamahiriya, (Intelligence of the Jamahiriya) was the national intelligence service of Libya under which Libyan revolutionary, politician, and political theorist?",0,270.7128447485479,True
"Broken Bridges is a 2006 film that starred an American actress who appeared in Twins and Jerry Maguire, and is married to who?",2,562.6258185867669,True
The Highland Park and Lake Burien Railway runs from Everett to a city in what county?,2,562.6258185867669,True
Jamie Bell stars a 2008 American science fiction action film that is loosely based a 1992 novel written by whom? ,2,562.6258185867669,True
Does the OPUS card use close physical proximity or WiFi networks to make payments?,0,270.7128447485479,True
The 2011 Texas Longhorns football team was led by their 14th year head coach who is currently what for ESPN?,2,562.6258185867669,True
"Which Dutch-British CGI animated television series originally aired on KRO in the Netherlands is based on the ""Miffy"" book series by Dutch artist Dick Bruna?",5,2363.535072275564,True
What former Congressman served five terms in the United States House of Representatives?,7,2864.271883385668,False
What types of aeronautical machines are described above?,7,3690.591627007379,False
"The 1965 Nebraska Cornhuskers football team was the representative of the University of Nebraska and member of the Big Eight Conference, was a National Collegiate Athletic Association (NCAA)-affiliated Division I-A college athletic association, and was formed in which year?",3,869.0830829186463,True
The Haringvlietdam is part of a construction project that is located in what country country?,0,270.7128447485479,True
"The recording of a musical released as an album on April 2 starred an English actress, singer, and what?",7,3690.591627007379,False
What profession is practiced by both Craig Serling and Zhang Yimou?,2,562.6258185867669,True
Hi Fly Malta is a subsidiary of a charter airline located in what city?,0,270.7128447485479,True
Was Nam Woo-hyun or Eddie Vedder born first?,0,270.7128447485479,True
"At which battle, in the East Riding of Yorkshire, did King Harold defeat King Harald of Norway?",2,562.6258185867669,True
"Which American actress, model, and author depicted Miss Rita Desjardin in the adaptation of Stephen King's ""Carrie?""",2,562.6258185867669,True
"The 2012 Spengler Cup was held in Davos, Switzerland between 26 and 31 December 2012, all matches were played at HC Davos's home known as Vaillant Arena, an arena in Davos, in which country?",0,270.7128447485479,True
"The Great Escape is a 1963 American World War II epic film based on an escape by British Commonwealth prisoners of war from a German POW camp during World War II, starring which American actor, called ""The King of Cool""?",7,2864.271883385668,False
"KQRC-FM is a radio station with studios located in what city with a population of 9,323 at the 2010 census?",3,869.0830829186463,True
"In what state are the headquarters of this American multinational automaker, which has a 50:50 joint venture with Changan Automobile?",2,562.6258185867669,True
Were Simone de Beauvoir and Bob Monkhouse both comedians?,0,270.7128447485479,True
"Angel Eyes is a 2014 South Korean television series starring this person, that's better known by his stage name Seungri ?",3,869.0830829186463,True
Forgotten Voices of the Great War is part of the oral archive at a British national museum organisation founded in what year?,2,562.6258185867669,True
What country are Brockton High School and Dufferin Mall in?,0,270.7128447485479,True
Which film released in 2009 starring Kim Dong-Wook was the second most attended film of the year in South Korea?,1,498.6339382509491,True
 Sheila Mullen is a Scottish painter whose works are in the permanents collection of the senior patrilineal descendant of who?,6,4109.226608892913,True
"Which city that publishes the Marathi daily newspaper 'Loksatta' is titled ""The City of Gates""?",3,869.0830829186463,True
"What was the name of the 2009 book about the US Coast Guard's most daring rescue about a T2 tanker, originating in the Coast Guard Station of Chatham, which had broken in two during a storm and inspired a 2016 film?",0,270.7128447485479,True
"How many times has the driver, who won the Nation's Cup with Petter Solberg, in the 2014 Race of Champions, won  the 24 Hours of Le Mans ?",7,2864.271883385668,False
George Juskalian took part in the invasion of what area during WWII?,6,3304.1354063100844,True
Run Fatboy Run is a 2007 British-American comedy film directed by an actor who graduated from where?,4,1424.6899817918095,True
What is the third track on the Rolling Stones album that was the first to feature the same track listings in both its UK and US versions?,7,3690.591627007379,False
Buddymoon was written in part by a German actor who appeared in a number of TV shows was named one of The Hollywood Reporter's top 25 digital stars in what year?,7,2864.271883385668,False
Did the authors Isaac Asimov and Jean Giono write their fictions in a similar setting?,0,270.7128447485479,True
Which Chinese professional tennis play lost in the first round of the 2013 ASB Classic to Jamie Hampton?,1,498.6339382509491,True
What nationality was the player acquired by the Milwaukee Bucks from the Charlotte Bobcats in the offseason before the 2004-2005 NBA season?,2,562.6258185867669,True
What baseball team was co-owned by the president who was discussed in the 2004 Black on Broadway comedy special?  ,7,2864.271883385668,True
which retired American basketball player and a sports show host  is one of the owner of Atlanta Hawks,2,562.6258185867669,True
"The Sikorsky S-1 was the first fixed wing aircraft design by Igor Ivanovich Sikorsky, a Russian-American aviation pioneer in both helicopters and fixed-wing aircraft, first success came with which aircraft?",1,498.6339382509491,True
The 2010 FIFA World Cup Final had a single goal by a player who plays for what team?,7,2864.271883385668,False
"What Pulitzer prize winning, American composer known for exploring addiction and homophobia, wrote ""Tick, Tick...Boom!""?",0,270.7128447485479,True
"The 99p Challenge is presented by an English comedian who was born in East Dulwich, south London, and who came to prominence through her comedy partnership with Mel Giedroyc in what?",2,562.6258185867669,True
"Barry Ricardo Forde (born September 17, 1976) is a Barbadian track cyclist, he was banned for two years and two months after testing positive for Testosterone on October 28, 2005, Testosterone is a medication and naturally occurring what?",7,2864.271883385668,False
Francine McDougall directed what 2005 Disney Channel Original Movie whose soundtrack was released on June 7th?,6,3304.1354063100844,True
"Which is a comopany that provides human resources management software, United Continental Holdings or Automatic Data Processing?",7,4516.91137062909,False
What entertainment venue was a part of the Northern Soul movement?,2,562.6258185867669,True
What is the name of the 1972 film based on Nicholas Monsarrat's novel and stars Colin Blakely?,2,562.6258185867669,True
"Mile 81 contained an excerpt from what Stephen King novel that was published November 8, 2011?",1,498.6339382509491,True
Who directed the black comedy film for which Jacques Mathou was best known? ,3,869.0830829186463,True
The lead vocalist of rock band Drug Restaurant is also a member of the cast of a South Korean variety show that airs on what network?,1,498.6339382509491,True
"That's My Mommy, released in which year, is an one reel animated ""Tom and Jerry"" short directed and produced by William Hanna and Joseph Barbera?",1,498.6339382509491,True
Which film became a defining film of the French New Wave movement and is the first series of five films in which Jean-Pierre Leaud stars? ,0,270.7128447485479,True
Has Alek Keshishian been the writer for more films than Mark Krikorian?,6,4109.226608892913,True
What is Chinese name for the science fiction prequel to an American neo-noir science fiction film directed by Denis Villeneuve?,7,3690.591627007379,False
The inner urban neighbourhood Eureka Tower is in had a population of what in 2011?,7,2864.271883385668,False
"A Seattle Illustrator and editorial cartoonist, who was the first illustrator to show a public market that overlooks the Elliot Bay waterfront, was the son of what other cartoonist?",3,869.0830829186463,True
Are Roy Rowland and Víctor Erice both film directors?,0,270.7128447485479,True
"Are the magazines, Me Naiset and Today's Housewife, catering to female readers?",0,270.7128447485479,True
For Which team did the second man to win a championship in three different decades play ?,7,2864.271883385668,False
Who was the editor of the book Grand Canyon : A Different View that Kurt Patrick Wise contributed to ? ,1,498.6339382509491,True
The film To Hell and Back stars a combat solider that received the Medal of Honor at what age?,0,270.7128447485479,True
This British scholar who attended the oldest English-speaking university in the English speaking world was president of the British academy for what length of time?,7,3690.591627007379,False
HeroClix is a collectible miniatures game where players construct teams from various video games such as a fighting video game franchise developed and published by who?,0,270.7128447485479,True
In what year did Brian Hugh Warner perform on MTV Europe Music Awards?,6,4109.226608892913,True
"Who wrote Peter and Gordon's biggest hit, ""A World Without Love""?",2,562.6258185867669,True
"What technique, taught by Nelly Ben-Or, is an educational process that attempts to develop the ability to avoid unnecessary muscular tension by retraining physical movement reactions?",0,270.7128447485479,True
"Which western swing musician, known as the ""king of western swing"", helped write the song ""Time Changes Everything""?",0,270.7128447485479,True
"Aleksey Petrovich Yermolov, was a Russian Imperial general, of the 19th century who commanded Russian troops in the Caucasian War, he distinguished himself during the Napoleonic Wars at which event that was fought on March 30–31, 1814 between the Sixth Coalition—consisting of Russia, Austria, and Prussia against the French Empire?",0,270.7128447485479,True
Are Sorghastrum and Calocedrus both a genus of grass,0,270.7128447485479,True
"Which American musician who participated in the ""Nashville sound"" for most of his professional career covered the song ""I'm Gonna Be a Wheel Someday?""",7,3690.591627007379,False
"Peter Julian Curtin appeared in ""The Plough and the Stars"" with an Australian actress whose biggest role was in what 1982 film?",6,3304.1354063100844,True
Who is the voice actor for the main character of the Pixar film which received a Golden Globe Award in 2008?,7,3690.591627007379,False
What number president was the most notable Congressman from Massachusetts Congressional District 11?,7,3690.591627007379,False
Which American actor has been featured in the movie Avengers: Infinity War and  has been nominated for four Academy Awards?,7,2864.271883385668,False
"Which film featured the song, Zenzenzense, and was produced by CoMix Wave Films?",1,498.6339382509491,True
Who started the Swiss Reformed Church and initially promoted the Reformation in Switzerland?,0,270.7128447485479,True
Jeremy J. Ford and Randal Kleiser are both what?,4,1424.6899817918095,True
"In what city did Tom Kibler coach baseball, basketball, and football teams?",7,3690.591627007379,False
Who did Henry Seymour believe wrote Shakespeare's plays?,7,3690.591627007379,False
"the head coach of the LSU Tigers football team is Ed Orgeron, who is currently the head coach at what university?",1,498.6339382509491,True
"Die Hard 2 co-starred the actor who played James Evans, Sr. on what CBS series?",7,3690.591627007379,False
On what date was the album first issued whose outtakes provided the first four tracks on the album The Unissued Johnny Cash,2,562.6258185867669,True
What German national anthem was reinstalled after Ich hab' mich ergeben?,0,270.7128447485479,True
Batman: Knight Gallery was a comic book that featured art from the artist best known for work on what two other comics?,7,2864.271883385668,False
"Joy Franz, is an American actress and singer, born in which year, best known for her stage work, she played Susan in the original 1972 West End production of company, by Stephen Sondheim, an American composer and lyricist known for more than a half-century of contributions to musical theatre?",1,498.6339382509491,True
"What project was finished at a later date, Panzer VII Lowe or Panzer VII Maus?",7,2864.271883385668,False
The first recording of Piano Sonata in B minor was made by a pianist who passed away in which year ?,2,562.6258185867669,True
In what television show did the Life Under Water actress win two Emmys for in 2001 and 2004?,6,3304.1354063100844,True
When did the arena that hosted the 2017 Canadian Olympic Curling Trials open?,7,2864.271883385668,False
"The Social Contract, or Of the Social Contract, or Principles of Political Law, by Jean-Jacques Rousseau, is a book in which Rousseau theorized about the best way to establish a political community in the face of the problems of commercial society, which he had already identified in what is commonly known as the ""Second Discourse"", this work by this philosopher is titled what?",0,270.7128447485479,True
"How much profit has the logo of the American athletic shoe and clothing manufacturer who has trademarked the slogan ""Just Do It"" made?",2,562.6258185867669,True
How many years of service must be performed to receive the ribbon created by the first United States Secretary of Defense?,7,3690.591627007379,False
 when is the American basketball coach which Boston Celtics hired in  2004–05 born ,7,2864.271883385668,False
When was the Australian television and feature film producer born who voiced in Johnny Swank for the  secret agent's sidekick K2?,7,3690.591627007379,False
Puddleglum the Marshwiggle is a character from a novel published in which year ?,0,270.7128447485479,True
On what year the Pakistani drama could've been nominated for the Hum Awards?,7,3690.591627007379,True
"Life of Kylie is an American reality television series starring Kylie Jenner,  best known for starring in the E! reality television series ""Keeping Up with the Kardashians"" since what young age?",2,562.6258185867669,True
Do both Lionel Barrymore and Jorge Olguín work as a film director?,4,1424.6899817918095,True
Who has been a WWE  star Seth Rollins or Jirair Hovnanian?,0,270.7128447485479,True
"Who was born first, Dickran Tevrizian or Christy Canyon?",7,2864.271883385668,False
"Who is one of the highest paid actors in the industry and is the recipient of several awards including a Filmfare Award, who left Entity Paradigm before the release of ""Strange Circus"" ?",1,498.6339382509491,True
"Who won more Pulitzer prizes, Sylvia Plath or Michael Cunningham?",0,270.7128447485479,True
"What Danish director is the director of Oslo, August 31st distantly related to?",7,4516.91137062909,False
What type of media does A Separate Peace and George Segal have in common?,0,270.7128447485479,True
When was Elspeth Campbell And Menzies Campbell born?,6,2499.044203727256,True
Who is the grandmother to the famous poet from Joplin Missouri?,7,2864.271883385668,False
"Hsieh Su-wei and Manuela Maleeva, have which mutual occupation?",0,270.7128447485479,True
What British ship did Dr. James A. Mcllroy voyage on that was crushed by ice causing her to sink 1n 1916?,4,1424.6899817918095,True
"Breakout Labs is a grant-making body operating as part of the Thiel Foundation, a philanthropic organization created by which American entrepreneur, venture capitalist, philanthropist, political activist, and author?",0,270.7128447485479,True
What hotel did the influential National Crime Syndicate member found with David Berman?,2,562.6258185867669,True
What country was Joseph Eccles born in?,0,270.7128447485479,True
The 1932 Maccabiah Games were in commemoration of the 1800th anniversary of a revolt that historians also refer to as what?,7,2864.271883385668,False
Jonathan Freeman worked on the 2008 drama film that was taken from a script by whom?,7,2864.271883385668,False
"Abu Hajal Muslim ibn Awsaja was a companion of what prophet who was the founder of islam, and who united Arabia into a single Muslim polity?",0,270.7128447485479,True
Where is the brand and buying group which  Filco foods has 8 stores and operates as part of located ,4,1424.6899817918095,True
What arena built in 1987 do the Melbourne Vixens play home games at?,4,1424.6899817918095,True
"Which series of Playstation games spawned a feature film and has a latest instalment called ""Deadlocked""?",2,562.6258185867669,True
"Between Ray Wilson and Nick Carter, who has released more solo albums?",0,270.7128447485479,True
"What year was the Voivodeship, where Anna Maria Borowska was born, created? ",2,562.6258185867669,True
"Which musician, Jaret Reddick or David Sylvian, plays a Music Man Axis that has a flag of Texas design on it?",0,270.7128447485479,True
Lee Min-ho stared in his first leading film role in 2015 in a film which was set in which part of Seoul? ,7,2864.271883385668,False
"Sir William James Ingram, 1st Baronet (27 October 1847 – 18 December 1924) was Managing Director of ""The Illustrated London News"", appeared first on Saturday 14 May 1842, as the world's first illustrated weekly news magazine, it appeared weekly until which year?",1,498.6339382509491,True
Dean McCarthy played a boy becoming what in an adaptation of Billy Elliott? ,3,869.0830829186463,True
"The character Igor Dmitriev played in ""Hamlet"" was summoned by what king to distract the prince from his apparent madness?",2,562.6258185867669,True
Which Navy facility was next to NAS Quonset Point and is now listedd on the National Register of Historic Places?,1,498.6339382509491,True
Are David Draiman and Kip Winger both musicians and vocalists?,0,270.7128447485479,True
"What restaurant is located in more states, Pizzeria Venti or Pizza Schmizza?",1,498.6339382509491,True
The horse-collar tackle technique is most closely associated with a football player who played college football for what school?,5,1864.9011340246145,True
"The 2001–02 Calgary Flames season was the 22nd National Hockey League season in Calgary, in how many separate draft-day trades, the Flames dealt goaltender Fred Braithwaite and forwards Jason Wiemer and Valeri Vladimirovich ""Val"" Bure away, a Russian-American former ice hockey right winger?",2,562.6258185867669,True
What was the nickname of the General of The Twelfth United States Army Group?,7,2864.271883385668,False
"What country is the man, with whom John Spencer beat in a 2006 primary, slated to become the next United States Ambassador for?",7,4516.91137062909,False
In which city was this global energy and commodity trading company larger than Trafigura as an oil trader formed?,2,562.6258185867669,True
Tevin Sherard Elliot played for a university football team that is a member of which conference ?,0,270.7128447485479,True
"Wall Street is a 1987 American drama film, directed and co-written by Oliver Stone, the film tells the story of Bud Fox (Sheen), a young stockbroker who becomes involved with which wealthy, unscrupulous corporate fictional character in the 1987 film ""Wall Street"" and its 2010 sequel?",0,270.7128447485479,True
Are Don Henley and Morrissey both singers and songwriters?,0,270.7128447485479,True
"Where is the band from, that the heavy metal musician who is known by the nickname ""133"" is a member of?",2,562.6258185867669,True
Which 1961 book was written by one of the founders of the Creation Research Society?,7,2864.271883385668,False
Matthew Pettinger's birth place is on the which river?,2,562.6258185867669,True
How far from Sydney was Marie Cornish born at?,4,1424.6899817918095,True
Do Bellevalia and Pear belong to the same family?,0,270.7128447485479,True
"On which semi-autobiographical film is based the 2009 romantic musical drama, which features an ensemble cast including the English actress who made her debut with the Old Vic Company?",2,562.6258185867669,True
Are both TD Securities and Wachovia Securities investment banks?,0,270.7128447485479,True
What disease was Kyle Broflovski infected with by one of his three friends?,4,1424.6899817918095,True
Were Kotiliesi and Lear's published in the same country?,0,270.7128447485479,True
How wide is the location of the Battle of the Sound at its narrowest point?,7,2864.271883385668,False
"The actor who played Ann Perkins on NBC's ""Parks and Recreation"", was the executive producer of which romantic comedy television series ?",2,562.6258185867669,True
Both Grinderman and Nick Cave and the Bad Seeds are a rock band based out of where?,7,3690.591627007379,False
",John Kassir, is an American actor, voice actor and comedian.Kassir is also known for his role as Ralph in the Off-Broadway show ""Reefer Madness"", a musical satire of which year?",0,270.7128447485479,True
Willie the Kid appeared on the mixtape tha was part of what pentalogy?,7,3690.591627007379,False
What Sudanese-born Australian professional basketball player for the Milwaukee Bucks of the National Basketball Association (NBA) held himself back a year in high school before declaring for the NBA Draft?,2,562.6258185867669,True
Jeanette Miller is an American character actress who appeared in a Christmas-themed romantic comedy film produced by who?,7,2864.271883385668,False
"Edlira Dedja Bytyçi is an Albanian Artist of piano, art critic, municipal councilor, and the creator and leadership of the cultural foundation Opera sans frontieres -Opera without borders, promotes famous Opera artists like which Albanian soprano? ",2,562.6258185867669,True
What is the title of Jung Ji-hoon's first single from his third album? ,7,3690.591627007379,False
What genre of television are the shows Buried Treasure and Pawn stars?,0,270.7128447485479,True
"Which studio album released in 2014 has this song that is featured in ""Now That's What I Call Music! 56?""",7,2864.271883385668,False
Charles Orme was part of the directing team on which 1951 Technicolor film?,3,869.0830829186463,True
"What is the name of the film released in 2001 which starred the actress who played the role of Jackie Burkhart on ""That '70s Show""?",4,1424.6899817918095,True
Elvira Madigan's father was born in what year?,2,562.6258185867669,True
"The fictional character ""2-D""'s singing voice is provided by a musician that is the principal songwriter of what virtual band?",2,562.6258185867669,True
Are Jennifer Lynch and Martin Scorsese both directors?,4,1424.6899817918095,True
What was the name of the debut album of the Hertfordshire-based rock band was signed to record label Infectious Music?,7,2864.271883385668,False
"Alice Greeley Dewey (1928 – June 11, 2017) was an American anthropologist who studied Javanese society, among her doctoral students was Stanley Ann Dunham. who was an American anthropologist who specialized in the economic anthropology and rural development, of which country?",0,270.7128447485479,True
"What character did the star of the Irish film directed by Paddy Breathnach play in the HBO drama series ""Rome""?",7,3690.591627007379,False
Battletoads/Double Dragon is a game that can be played on this company's Game Boy?,0,270.7128447485479,True
"Who appeared in more television shows, Larry Hagman or Nagisa Oshima?",0,270.7128447485479,True
What life member of The Actors Studio often portraying military or authority figure roles stared in a film that  was directed by Richard Wilson?,1,498.6339382509491,True
What were the major dance styles during the era that was roughly from 1600-1750?,7,4516.91137062909,False
When was the retired Indian track and field athlete coached by O. M. Nambiar born? ,7,2864.271883385668,False
Are Terry Zwigoff and Pavel Ruminov both American film directors?,0,270.7128447485479,True
The Bee Gees were a music group that was formed in 1958. Where was their album released in?,7,3690.591627007379,False
"Who was nominated for more Academy Awards, Vittorio De Sica or Robert Altman?",0,270.7128447485479,True
What award by Patient Privacy Rights is named after an associate justice on the Supreme Court?,2,562.6258185867669,True
What is the approximate area of this country where Lobelia columnaris can be found (other than Cameroon)?,7,2864.271883385668,False
"What shopping centre located in Kuala Lumpur, Malaysia does KLCC District Cooling provide district cooling for?",0,270.7128447485479,True
Where was the host of Pressure Pad born?,7,2864.271883385668,False
Dan Laustsen was in what movie that was directed by Stephen Norrington?,0,270.7128447485479,True
What are Echinacea and Bamboo?,7,2864.271883385668,False
"What is the name of the sequel to the novel written by an Indian novelist and poet who has also written ""Mappings"" and ""Beastly Tales""?",7,3690.591627007379,True
When was the college headed by William Drea Adams in 1997 founded?,7,2864.271883385668,True
"Hong Kong Human Rights and Democracy Act is proposed by Chris Smith, who is the chairman of Congressional-Executive Commission on China, Christopher Henry Smith (born March 4, 1953) is the U.S. Representative for New Jersey 's 4 congressional district , serving since which year?",0,270.7128447485479,True
Are Beyond the Call and King Gimp both documentaries?,2,562.6258185867669,True
The runner-up in the 1999 World Drivers' Championship appears on the front cover of a racing video game developed by what company?,4,1424.6899817918095,True
"How many novels are in the C.S. Lewis series that the Brazilian series ""Sítio do Picapau Amarelo"" has been compared to?",7,2864.271883385668,False
what Newark NHL team selected a Canadian professional ice hockey player in 2008?,0,270.7128447485479,True
 The Kansas City Power & Light District includes the headquarters of what tax prep company?,0,270.7128447485479,True
"Who is the American bass guitarist known for his work in a virtual death metal band featured in ""Metalocalypse""?",7,2864.271883385668,False
What is the name of the battle in the American Revolutionary War that François de Fleury served in during June of 1778?,0,270.7128447485479,True
"Which magazine is published more frequently, Fucsia or Pronto?",1,498.6339382509491,True
Aaron Goodwin is a sports agent who represented a client who was born when?,7,2864.271883385668,False
Kim Coco Iwamoto appointed who as the seventh governor of Hawaii?,0,270.7128447485479,True
"Felix Salmon is a financial journalist, formerly of an English-language magazine first published in what year?",7,2864.271883385668,False
"Roddy Woomble and Kelli Ali, have which mutual occupation?",0,270.7128447485479,True
"What year was the artist who released the album, The A-Z Recordings, born?",2,562.6258185867669,True
"Tony Carr, an English sports coach and former Director of Youth Development, coached the 2010 England squad which included which player that plays as a striker for Premier League club Bournemouth and the England national team?",1,498.6339382509491,True
Are Ulrich Seidl and Amir Naderi both directors ?,0,270.7128447485479,True
"Procopio Franco Hernández, competed in the 2004 Summer Olympics and in the 2008 Summer Olympics, for which sport of running on a measured course over an established road (as opposed to track and field and cross country running)?",1,498.6339382509491,True
"When did the reign end of the Queen for whom the TV series ""Reign"" is based on? ",7,2864.271883385668,False
What position does Tobias Schweinsteiger's brother play for Chicago Fire?,0,270.7128447485479,True
"The writer of ""God Bless Our Homeland Ghana"" was also the conductor of what orchestra?",2,562.6258185867669,True
"Craig Thomas's scriptwriting credits include the sitcoms ""How I Met Your Mother"" and ""American Dad!"" In which year did both series premiere?",0,270.7128447485479,True
What car replaced the Ferrari Type F129 and was replaced by the Ferrari F430?,0,270.7128447485479,True
What occupation did Eugene Dynkin and Anatoly Maltsev both have in common?,0,270.7128447485479,True
What rock band performed the second single from the 2008 vampire movie starring Kristen Stewart?,7,3690.591627007379,False
"""Cook of the House"" is a song written by Paul and Linda McCartney, and released as the B-side to the number 1 single ""Silly Love Songs,"" written in response to who accusing him of writing only ""silly love songs""?",2,562.6258185867669,True
"Who did the singer of ""All Gold Everything"" sign a recording contract with in 2012?",7,3690.591627007379,False
yphoon Oliwa was one of a record eleven super typhoons in a season with how many Category 5 storms?,7,3690.591627007379,False
"William Aulton Kennedy was a pitcher for the Cleveland Indians, St. Louis Browns, Chicago White Sox, Boston Red Sox and Cincinnati Redlegs, what US city are the Cleveland Indians based out of?",7,2037.9521397639564,False
In what county is the bridge that provides direct access to the Rockaway Peninsula via Seagirt Boulevard located?,6,2499.044203727256,True
"Who is an English actress who starred in ""The Truth About Charlie?""",7,3690.591627007379,False
" When was president of South Korea which  The Presidential Council on Nation Branding, Korea  lies under his direct control born ",2,562.6258185867669,True
Who is the former Secretary of Transportation at the state government organization in charge of maintaining public roadways of the U.S. state of Kansas?,2,562.6258185867669,True
Where does the current PFL Welterweight Champion train?,7,2864.271883385668,False
"Who was born first, Claude Debussy or Gian Carlo Menotti?",0,270.7128447485479,True
"Norman Crider held an exhibition on which creator of the rule ""The Dying Swan"".",0,270.7128447485479,True
Which magazine YM or Midwest Living was founded first ?,0,270.7128447485479,True
"What beauty contest did one of actresses starring in The Menu take runner up in, in 1990?",7,3690.591627007379,False
What below an influential music venue which changed little until its closure featured an American folk singer-songwriter who has had a music career spanning more than fifty years ?,7,2864.271883385668,False
"Oumar Tchomogo who was born in Cotonou, where is this city located?",0,270.7128447485479,True
Are Thomas Keneally and Peter Straub both novelists?,0,270.7128447485479,True
What is the current home stadium for the California football team which formerly included John David Crow?,0,270.7128447485479,True
"Which artist also had a solo career, Jeff Martin or Mark Rankin?",6,4109.226608892913,True
Cloud Nine featured the Irish band originally known by what name?,7,2864.271883385668,False
What country does Shayang County and Mengzhou have in common?,0,270.7128447485479,True
"Parrot Carrot, in ebook form, is voiced by the Australian singer known for which song?",7,2864.271883385668,False
Were both Hal Hartley and Mervyn LeRoy producers?,3,869.0830829186463,True
Oberth effect is named after a physicist who passed away in what year ?,0,270.7128447485479,True
Who directed the 1973 Argentine romantic musical film starring the Argentine Elvis?,1,498.6339382509491,True
"What county do both Edward John Primeau and Rochester Hills, Michigan have in common?",2,562.6258185867669,True
Which is older Bowdoin College or Brown University?,0,270.7128447485479,True
"Total: From Joy Division to New Order is a compilation album of material from Joy Division and which English rock band formed in 1980, currently comprising Bernard Sumner, Stephen Morris, Gillian Gilbert, Phil Cunningham and Tom Chapman?",0,270.7128447485479,True
Beatty Airport is a county-owned public-use airport located three nautical miles (6 km) southwest of the central business district of which unincorporated town along the Amargosa River in Nye County in the U.S. state of Nevada?,0,270.7128447485479,True
"Which university is the third-largest university campus in the United States, Indiana University or Ohio State University?",1,498.6339382509491,True
Which Shakespeare play did the actress cast in Rogue One appear in for the Oxford University Dramatic Society?,7,3690.591627007379,False
Where did the fairy Queen Mab orginate?  ,7,3690.591627007379,False
"Fox–Wisconsin Waterway and Alexandria Canal, are forms of waterways?",0,270.7128447485479,True
 Green on Red and Hollywood Undead are both what?,2,562.6258185867669,True
The Devotions released a song in 1961 about a short story written by whom?,7,3690.591627007379,True
How are Lago and Emila related?,7,3690.591627007379,False
"McLeod's Daughters is an Australian television drama program, created by Posie Graeme-Evans and Caroline Stanton, Initially, the series starred which Australian actress, best known for her role as the main character of Tess Silverman McLeod, on the television drama series ""McLeod's Daughters"",as one of two main protagonists?",2,562.6258185867669,True
The 3852 Democratic National Convention nominated Franklin Pierce over what American military officer who represented Michigan in the United States Senate?,0,270.7128447485479,True
Wicked Games is featured on the soundtrack for the film directed by whom?,7,2864.271883385668,False
"Surinder Sodhi composed the music for special 26, when was it relieced. ",7,3690.591627007379,False
What is the NATO reporting name of the supermaneuverable fighter aircraft produced by Sukhoi Aviation Corporation that carries the OFAB-100-120?,1,498.6339382509491,True
Liz Rose co-wrote the Taylor Swift song released on which date in 2007?,2,562.6258185867669,True
The real life person that James Woods' character is based on in the television film In Love and War was awarded what medal?,5,1864.9011340246145,True
How to Survive a Plague includes footage of a demonstration at a cathedral in what city?,0,270.7128447485479,True
"Which diesel powered passenger train is served at the Jacksonville Amtrak Station in Jacksonville, Florida along side the ""Silver Star""?",0,270.7128447485479,True
Which American running back played for Oregon State and was coached by Paul Boudreau?,3,869.0830829186463,True
What is the birthplace of the 23rd United States Secretary of War?,7,2864.271883385668,False
"Who was born first, Dikran Kelekian or Anna Der-Vartanian",0,270.7128447485479,True
"Ren and Stimpy, created by John Kricfalusi, are the title characters in which American-Canadian animated television series, for Nickelodeon?",0,270.7128447485479,True
What country of origin does LD Beghtol and 69 Love Songs have in common?,7,2864.271883385668,False
"Rdio was a music streaming service that held apps on several platforms, including iOS and Android phones, Sonos systems and which brand that derived its name from the Japanese word for ""six""?",7,2864.271883385668,False
"Which magazine was founded first, VIVmag or Allure?",0,270.7128447485479,True
Chuck Brodsky wrote a song about basebell that also spoke of the spy who served during which war?,0,270.7128447485479,True
When was the English actress born who acted in The Royle Family as Baebara?,4,1424.6899817918095,True
Which English Rock band was announced as a headliner at T in the Park 2012?,7,2864.271883385668,False
Were both Wang Xiaoshuai and Justin Reardon producers?,0,270.7128447485479,True
"Who did Luis Gianneo teach, who became considered a chief exponent of Argentine folk music?",7,2864.271883385668,False
"Which game was invented first, X-COM or Summit?",0,270.7128447485479,True
Who wrote the 2015 comedy-drama film directed by the director of the winner of Academy Award for Best Picture in 1998?,7,4516.91137062909,False
"""So Sorry, I Said"" is a single by a singer and actress that won an Acadmeny Award for her role as Sally Bowles in what film?",0,270.7128447485479,True
"The actor that played Eddie Moon on the BBC soap opera ""EastEnders"" has had how many top 40 albums?",7,3690.591627007379,False
Where is the laboratory that houses The Tandem Van de Graaff located?,4,1424.6899817918095,True
"What site, popular among spring breakers, were also places were Jeopardy! Collect Championship contestant searches was held?",4,1424.6899817918095,True
 George Joseph Maloof Jr is the minority owner of a hotel and casino with how many rooms and suites?,2,562.6258185867669,True
"An example of a snare rush that is in the last 18 seconds of the song ""Ghetto Body Buddy"" by who?",2,562.6258185867669,True
"Which city is more populous, Liaoyang or Changchun?",0,270.7128447485479,True
What is the name of the drama film directed by Mark Pellington starring Patton Oswalt?,2,562.6258185867669,True
"In the 2009 the Major League Soccer All-Star Game, this American player, who played for Colorado Rapids, saved three kicks in the shootout.",0,270.7128447485479,True
When was the singer of Simple Song Number 3 born?,4,1424.6899817918095,True
When was the division for  which Len Reynolds was selected as the Labor candidate created? ,7,2864.271883385668,False
"Boomerang specializes in classic and contemporary animated programming, including an American animated cartoon franchise that was created for Hanna-Barbera Productions by writers Joe Ruby and who else?",0,270.7128447485479,True
When was the Mexican American suspected drug lord which Héctor Beltrán Leyva declared war on born ,4,1424.6899817918095,True
"When was Goodnight Vienna, the fourth studio album by Ringo Starr released in the US?",7,2864.271883385668,False
What was the middle name of the pianist who first performed Prokofiev's Piano Sonata No. 8?,7,2864.271883385668,False
Are Cesky Terrier and St. John's water dog from the same country?,0,270.7128447485479,True
What French composer and pianist had the first British performance of their Organ Concerto in Chichester Cathedral in 1943?,7,3690.591627007379,False
"Which of the bottled water sold in Mantra  is a Norwegian-based brand of bottled water from the village of Vatnestrøm in Iveland municipality, Aust-Agder county?",1,498.6339382509491,True
What significantly underreported activity does the band Hirsute Pursuit focus on thematically? ,4,1424.6899817918095,True
Where were the Leading chief of the Seminoles removed to in the 1830s?,1,498.6339382509491,True
"For what ride is Pepper's ghost, an illusion technique, used when the Blue Fairy disappears, leaving a pile of fiber-optic fairy dust on the floor?",1,498.6339382509491,True
Which 'My Name Is Earl' star is also know for his role in a advertising campaign for OfficeMax?,2,562.6258185867669,True
Are both Irving Cummings and Dennis Gansel from America?,0,270.7128447485479,True
What year was footballer Paul Aldridge's father born?,7,2864.271883385668,False
Sinbad starred in what 1997 comedy film?,3,869.0830829186463,True
Are Catasetum and Lomandra both genus of plants ?,0,270.7128447485479,True
Which son of Bernardo Mattarella was an elected judge on the Constitutional Court?,2,562.6258185867669,True
Envoy Air is a wholly owned subsidiary of an airline group that flies to how many countries worldwide?,7,3690.591627007379,False
"Dravid Brook co-wrote a song with this American singer, songwriter and record producer with who?",7,2864.271883385668,False
Philip Skinner created the role of what former Ku Klux Klan organizer in Appomattox?,4,1424.6899817918095,True
In what year was the star of Ghost Whisperer born?,2,562.6258185867669,True
Jean Vander Pyl provided the voice of Rosie on the Hanna-Barbera animated sitcom that originally premiered on which date?,3,869.0830829186463,True
"Who was born first, Dennis Potter or Daniil Kharms?",0,270.7128447485479,True
World UFO Day is celebrated on the day an American aviator claimed to see nine unusual objects flying near where?,1,498.6339382509491,True
In what state did Olivia Newton-John perform Summer Nights? ,2,562.6258185867669,True
"What was the nationality of the person who said Leonard Jimmie Savage was ""one of the few people I have met whom I would unhesitatingly call a genius""?",1,498.6339382509491,True
In what year was the last novel of the author who wrote Revolutionary Road published?,7,7822.19034511594,False
In which city is the J. I. Clements Stadium which is home of the Georgia Southern University Eagles baseball team?,0,270.7128447485479,True
"A verse in the Billy Joel song ""The Entertainer"" references the shortening of another Joel song that was released in what year?",2,562.6258185867669,True
What do films The Seafarers and Out of Place have in common?,7,2864.271883385668,False
Robert Muise was a Trial Counsel at the law center based in what city?,1,498.6339382509491,True
Julia Alexandrovna Kourotchkina was crowned as which national Beauty pageant in Russia?,0,270.7128447485479,True
"Ohio native William Gladstone Steel helped create Crater Lake National Park, where the lake is most famous for what?",0,270.7128447485479,True
"When was the American guitarist, songwriter and author born who's second studio album Una Noche Más?",4,1424.6899817918095,True
"What was the subject of an incident at a sports stadium in Perth, Western Australia?",1,498.6339382509491,True
Wonder World is the second studio album by a pop group formed by what producer?,2,562.6258185867669,True
"what nationality was the actress that stared in Madeleine, that was also Leans then wife?",7,3690.591627007379,False
Do both MODE and Women's Health focus on the issues faced by women?,7,2864.271883385668,False
Frank Ellis Boynton worked at a tourist attraction that stands today as one of the most prominent remaining examples of what?,7,2864.271883385668,False
Spry was a brand of vegetable shortening produced by a British manufacturing company founded in what year?,7,2864.271883385668,False
What is the name of the wife of Svend Borberg's son?,7,2864.271883385668,False
When was the American animated/live-action comedy film series began which was the second film produced by Paramount Animation? ,7,2864.271883385668,False
What event took place at Entebbe Airport in Uganda on 4 July 1976 in which Brigitte Kuhlmann was killed?,0,270.7128447485479,True
A well-endowed parish church in the Episcopal Diocese of New York was the first tallest building in New York over a building that was demolished in what year?,5,1864.9011340246145,True
Douglas M. North is the head of a school located in what city?,7,2864.271883385668,False
What was the name of the opera which You Send Me and Summertime were both songs on the album?,0,270.7128447485479,True
"Richard Schiff will appear in what new TV series that was developed by David Shore, and is based on a 2013 South Korean series?",1,498.6339382509491,True
The Australian Minister for Sport is the Hon. Greg Hunt also serves as the Minister for what?,7,2864.271883385668,False
"What is the real name of the character that Mark Rylance portrayed in ""Bridge of Spies""?",7,2864.271883385668,False
What countries utilize the ECTS grading scale that Norway adopted?,1,498.6339382509491,True
A Very Harold & Kumar 3D Christmas is part of what series?,0,270.7128447485479,True
Were Ideamen and Lit formed in the same states:,0,270.7128447485479,True
"The Marathon is a mixtape by a rapper whose recodings inlcude one called what in which which rapper Jay-Z, bought 100 copies for $100 each?",7,2864.271883385668,False
"Tricia Dickson and Danny Tamberelli are both veterans of Nickelodeon sketch comedy series ""All That"" and were both born in what year?",2,562.6258185867669,True
The city in which Abdelghani Bousta was born is the fourth largest city in the Country of Morocco after which three cities?,2,562.6258185867669,True
Who in the Celtic in the 1977 Scottish League Cup Final was a Swedish football coach and former professional player?,7,3690.591627007379,False
What cable and satellite television channel owned by Turner Broadcasting System developed the a telenovela starring Sheryl Rubio together with Víctor Drija?,2,562.6258185867669,True
Are Macropidia and Gum tree both types of trees?,2,562.6258185867669,True
What kind of compilation does Subways and Wildflower have in common?,7,4516.91137062909,False
In what village was the star lead of Gabhroo Punjab Da born?,7,2864.271883385668,False
"Which breed was developed first, the Doberman Pinscher or the Old Time Farm Shepherd?",0,270.7128447485479,True
"What city, and state could you see the only known remains of the Piksi?",3,869.0830829186463,True
Who was the film editor on the last movie that Michael Jeter acted in? ,7,2864.271883385668,False
what nationality was the actor that was famous for his role in detective Columbo?,0,270.7128447485479,True
When did the player who died of cardiac arrest during practice play for the Celtics?,7,2864.271883385668,False
Are The Hives and Broder Daniel both from the same country?,2,562.6258185867669,True
What is the name of the American serial killer of the 19th century on which the 1974 psychological horror novel by Robert Bloch is based?,1,498.6339382509491,True
" What Pakistani comedy television drama airing on Hum TV in 2011 features Imran Abbas Naqvi and one of the highest paid actors in the industry and a recipient of a Filmfare Award, 2 Lux Style Awards, and 6 Hum Awards, Fawad Khan appear?",4,1424.6899817918095,True
Grand Theft Auto: The Ballad of Gay Tony was an expansion for the game published by which company?,0,270.7128447485479,True
"Which Metallica co-founder wrote the power ballad ""Mama Said""?",0,270.7128447485479,True
What is the nationality of the composer of Lento?,7,6995.870601494227,False
Which American country music singer and songwriter recorded Someday Soon with Judy Collins and Moe Bandy?,2,562.6258185867669,True
"Stiller and Meara, were a husband-and-wife comedy duo that was popular primarily in the 1960s and 1970s, true names are Jerry Stiller and Anne Meara, an American actress and comedian, that died on which date?",2,562.6258185867669,True
"Kristin Fisher is a television news presenter for FNC, which is more commonly known as what?",0,270.7128447485479,True
"Who gained recognition as a trap artist for remixing Rihanna's song  released on March 26, 2015?",7,3690.591627007379,False
Which squadron ran one of the largest bases of the U.S. Air Force's Strategic Air Command?,7,2864.271883385668,False
"John Spalvins, born Janis Gunnars Spalvins, in 1936, in Latvia, was Managing Director of the Adelaide Steamship Company from 1977 until the company's collapse in 1991, it was formed by a group of South Australian businessmen in which year?",2,562.6258185867669,True
"What film was directed by an American film director and screenwriter that was born October 29, 1976, and stars Mila Kunis?  ",4,1424.6899817918095,True
Were Bedhead and Hinder both rock bands?,0,270.7128447485479,True
In what year did Richard Bluff work with Tom Hanks and Hally Berry?,7,4516.91137062909,False
What actor born in 1930 starred in a movie produced by Don Siegel?,7,3690.591627007379,False
What historical geographic region in Central-Eastern Europe was the birthplace of a soldier of the Austro-Hungarian Army?,0,270.7128447485479,True
The Volkswagen CrossBlue competed with the Honda crossover SUV introduced in what year?,1,498.6339382509491,True
Are both John Tardy and Jun. K vocalists ?,0,270.7128447485479,True
"What is the name of this infantry regiment of the United States Army, whose captain was John McCunn?",7,2864.271883385668,False
"Which was founded first, The University of Alaska Fairbanks or The University of Alabama?",0,270.7128447485479,True
which Spanish fleet of 130 ships was The San Juan de Sicilia  formed the ill-fate,2,562.6258185867669,True
"The Men's 2013 US Open Series was won by which Spanish player, currently World #1?",7,3690.591627007379,False
The Reid Report is hosted by the correspondent who is also a commentator on what website?,7,2864.271883385668,False
"Wilhelm von Lenz, was a Baltic German Russian official and writer, and was a friend of many mid-century Romantic composers, including Hector Berlioz, that died on which date, was a French Romantic composer, best known for his compositions ""Symphonie fantastique"" and ""Grande messe des morts"" (Requiem)?",2,562.6258185867669,True
Who is the Baltic goddess of fate often confused with the goddess of fate in the Lithuanian mythology?,0,270.7128447485479,True
"The most recent serial killer documented in the book ""Cold North Killers: Canadian Serial Murder"" was arrested in what year?",0,270.7128447485479,True
The LNW-80 and Amstrad PCW are both what kind of machine?,7,2864.271883385668,False
"Who plays more instruments, Glenn Hughes or Dave Evans?",0,270.7128447485479,True
How are the Ox-tongue pastry and the Youtiao cooked?,0,270.7128447485479,True
Who directed the film for which Danny Michael was nominated for an Academy Award ? ,7,2864.271883385668,False
"Which magazine is published by Bauer Media Group, The Australian Women's Weekly or Godey's Lady's Book?",0,270.7128447485479,True
Which player singed to Bayern Munich was born in 18 October 1983?,7,3690.591627007379,False
What television game show that involved head-to-head physical challenges between children was hosted by Cory Tyler?,2,562.6258185867669,True
"The footers, queue line, and station of Big Bad Wolf were re-purposed for a roller coaster jointly designed by the park's creative design team and who else?",7,2864.271883385668,False
"Who is older, Sunye or Stephen Pearcy?",0,270.7128447485479,True
"Louis Leterrier, is a French film director whose films include the first two ""Transporter"" films, The Transporter, is an English-language French action thriller film directed by Corey Yuen and Louis Leterrier, released in what year?",0,270.7128447485479,True
The star that played the role of Jamie Bartlett is a younger sister to who? ,7,2864.271883385668,False
What was the nationality of the mixed martial artist who defeated Trent Jenkins in the first ever fight in UFC history?,0,270.7128447485479,True
"What NFL team did the host of ""The Challenge"" play for when they won the Super Bowl?",7,4516.91137062909,False
What was the length (to 3 decimals) of the road course at which the 1957 Pescara Grand Prix was held?,7,2864.271883385668,False
Are Kuvasz and Bouvier des Ardennes both breeds of dogs?,0,270.7128447485479,True
What American lawyer and businessman succeeded David Stern to be the Commissioner of the NBA?,0,270.7128447485479,True
A single of Release the Stars which peaked at number 54 was written by whom?,2,562.6258185867669,True
Von Karman Gas Dynamics Facility is located at the flight test facility operated by what federal group?,7,2864.271883385668,False
"The film ""Ikke Pe Ikka"" stars Shanti Priya, Chandni, and an actor that has won how many Filmfare Awards?",7,3690.591627007379,False
"In 2003, James Beaumont joined a professional football football club in West Bridgford, England, which plays their home matches where?",2,562.6258185867669,True
"Who is the author of the novel that had a movie based on it and contained the song ""Thodi Der""?",3,869.0830829186463,True
In what film did Roddy Maude-Roxby play a character based on a story by a team including Tom Rowe as a writer?,2,562.6258185867669,True
Were William Boyd and Jim Thompson both screenwriters?,2,562.6258185867669,True
"The Paul McCartney Collection is a series of 16 remastered CDs by Paul McCartney of his solo and Wings albums, the first half comprised albums from London Town is the sixth studio album by Wings, released in what year?",0,270.7128447485479,True
Which actor starred in The Last Run and as a guest in the episode The Arsenal of Freedom?,7,2864.271883385668,False
Gwyn Williams recruited an English professional footballer who plays what position?,7,3690.591627007379,False
Who co-starred in the 2003 British comedy with the actor who co-founded Baby Cow Productions?,4,1424.6899817918095,True
"Which court case occurred first, Griswold v. Connecticut, or Diamond v. Chakrabarty?",0,270.7128447485479,True
"English actor appears in many films from what franchise consisting of a sequence of 31 low-budget British comedy motion pictures (1958–92), four Christmas specials, a television series of thirteen episodes, and three West End and provincial stage plays?",0,270.7128447485479,True
"Cold North Killers: Canadian Serial Murder includes a serial killer who committed murders in Canada, but was of what nationality?",2,562.6258185867669,True
Who is the only child of the Japanese princess born in 1963?,3,869.0830829186463,True
"Which has more people, Zhaoqing or Kangding?",0,270.7128447485479,True
In what state did Joan Friedman work as a Jewish Chaplain for six years?,7,3690.591627007379,False
Which member of the South Side Writers Group was not only a poet and activist but a businessman as well?,2,562.6258185867669,True
"Which song was written and produced by Rihanna and Verse Simmonds on Rihanna's fifth studio album ""Loud?""",4,1424.6899817918095,True
"Which band along with two other British bands is referred to as the ""unholy trinity of British hard rock and heavy metal in the early to mid-seventies"" whose performance was featured in a 2011 studio compilation album at the BBC's Maida Vale Studios?",4,1424.6899817918095,True
"Van Gogh is a 1991 French film written and directed by Maurice Pialat, the film follows the last 67 days of Van Gogh's life and explores his relationships with his brother Theo, and his physician, most famous as the subject of which of Van Gogh's paintings, it's one of the most revered paintings by the Dutch artist, it depicts which person, who took care of Van Gogh during the final months of his life?",6,4109.226608892913,True
What development in Price George's County is located along the Potomac River?,2,562.6258185867669,True
"The movies ""The River Wild"" and ""A Few Good Men"" both starred which actor born in 1958?",3,869.0830829186463,True
"Bedlay Castle was inherited by James Roberton, Lord Bedlay from his father who bought it from whom?",1,498.6339382509491,True
"Which Genus has four species, Duboisia or Ctenanthe?",0,270.7128447485479,True
For what console was the sequel to the Shenmue Online MMORPG released?,7,2864.271883385668,False
Dave Foster lived near which singer and guitarist from Nirvana?,0,270.7128447485479,True
Hawaiian tropical dry forests have a dominant tree species of which tree in the pea family?,2,562.6258185867669,True
"What country does Islamic Thinkers Society and Jackson Heights, Queens have in common?",0,270.7128447485479,True
"Where is the band that came out with the album ""Isa"" currently based?",4,1424.6899817918095,True
"State Route 126 connects Lewiston and which official Town of Washington and town in Knox County, Maine?",1,498.6339382509491,True
"What is the 2010 census of the city which has Fountain Hill, Pennsylvania as a suburb? ",7,2864.271883385668,False
Who directed and composed music for the 2006 film that K. J. Singh won a National Film Award for Best Audiography for?,6,3304.1354063100844,True
"Myles Kennedy and Robert Palmer, share which mutual occupations?",3,869.0830829186463,True
"Before the start of the 2012–13 FC Bayern Munich season, the club signed which Croatian professional footballer who plays for an Italian club and for the Croatia national team?",2,562.6258185867669,True
"In which city was this writer of historical romance fiction to whom ""A Company of Swans"" was dedicated born?",7,2864.271883385668,False
"Which is a documentary about a satirist, Call Me Lucky or Eclipse of Reason?",0,270.7128447485479,True
"The character Dorian Lord from the daytime drama ""One Life to Live"", is a type of character named after what English Romantic poet?",6,3304.1354063100844,True
What championship game at the Los Angeles Memorial Coliseum featured Mike Mercer on the Kansas City Chiefs in 1967?,0,270.7128447485479,True
When was the first occurrence of the event at which Lance Shane King represented South Africa in 2005?,7,3690.591627007379,False
"What television show was written by Alex Hirsch and was produced from June 15, 2012 to February 15, 2016",0,270.7128447485479,True
The winner of Super Bowl XXXIX equaled a record set by which 1978 NFL team?,7,3690.591627007379,False
"Goose Rocks Light is a sparkplug lighthouse located near North Haven, Maine in which location, an inlet of the Gulf of Maine and Atlantic Ocean in south central Maine?",2,562.6258185867669,True
In 2017 ESPN College Football Friday Primetime  will be announced by Adam Amin and a former American football nose tackle that was drafted by who?,6,3304.1354063100844,True
"The Battle of Jericho, located in Tell es-Sultan, was documented in what book of the Bible?",1,498.6339382509491,True
"Sydney Pollack and Ginny Stikeman, are in the industry of film?",0,270.7128447485479,True
What team does Magnus Christensen play for that is located in Aalborg?,3,869.0830829186463,True
Tauern Railway carries traffic for which spa town in Salzburg?,0,270.7128447485479,True
Where was the draft where Tywon Ronell Lawson was picked by the Minnesota Timberwolves held?,7,2864.271883385668,False
The name of Dreyse needle gun's succesor was also called what?,7,2864.271883385668,False
For which film did the female star of the film Mrs Doubtfire receive her second Academy Award ?,7,3690.591627007379,False
"Who is older, Sebastian Gutierrez or Henry Jaglom?",1,498.6339382509491,True
Which actress appeared in a movie based on a  novella written by Antoine de Saint-Exupéry in 1943?,7,3690.591627007379,False
Are Jeffersonia and Andersonia two completely different plants?,0,270.7128447485479,True
Which of the two major peninsulas that make up the state of Michigan contains the M-69 Highway?,1,498.6339382509491,True
The Clemson Tigers competed in the 2015 Orange Bowl in what city?,7,2864.271883385668,False
What English artist is know for her work during the era that was the period of Queen Victoria's reign?,7,3690.591627007379,False
"Which major US Highway travels through Reno, Nevada?",7,2864.271883385668,False
The Estonian Philharmonic Chamber Choir performs works by which Estonian classical and religious composer?,0,270.7128447485479,True
"What actor starred in the 2017 action crime comedy as well as the AMC television drama series ""Mad Men""?",0,270.7128447485479,True
"Troy University was a short-lived university established at Troy, New York in which year, on the site now is Rensselaer Polytechnic Institute's Folsom Library, a research library constructed in the Brutalist style located on the campus of Rensselaer Polytechnic Institute in Troy, NY?",2,562.6258185867669,True
"Which year did the actress, who starred in ""Warm Bodies"" and ""Cut Bank,"" make her film debut?",6,3304.1354063100844,True
"Who did Father Con Scollen evangelized that had traces of their descent to Indigenous peoples of the Americas and French, English, and Scottish?",2,562.6258185867669,True
"The First United States Congress, consisting of the United States Senate and the United States House of Representatives, met from March 4, 1789, to March 4, 1791, during the first two years of George Washington's presidency, first at Federal Hall, in which city?",0,270.7128447485479,True
Rennae Stubbs and Renáta Tomanová were both what?,2,562.6258185867669,True
What province are both cities of Shuangliao and Panshi in?,0,270.7128447485479,True
In which county is this airport located to which Pinnacle Airlines Flight 3701 was bound?,2,562.6258185867669,True
Do Jonathan Franzen and Heiner Müller have the same nationality?,0,270.7128447485479,True
"What American Thoroughbred horse race facility in Elmont, New York opened on May 4, 1905 and has a $500,000 purse starting in 2016?",0,270.7128447485479,True
"The South Korean actress and model whose real name is Kim Soo-hyun, starred in an MBC show in 2016 that replaced which show?",7,2864.271883385668,False
"Eugene Collins Pulliam, was an American newspaper publisher and businessman who was the founder and longtime president of Central Newspapers Inc., and was the maternal grandfather of which American politician and lawyer who was the 44th Vice President of the United States from 1989 to 1993?",1,498.6339382509491,True
Aaj Ka Hindustan stars an Indian dancer who is proficient in what style?,7,2864.271883385668,False
"When was the American rapper from St. Louis, Missouri born who has guest appeared in New Jack City, Pt. II and who's one of the album is ""Country Grammar""?",7,3690.591627007379,False
The last descendant of the leader of the Anglo-Saxon settlement of Britain was never what?,4,1424.6899817918095,True
The golf club that hosted the 2000 Solheim Cup uses what building as its clubhouse?,4,1424.6899817918095,True
"Which magazine is published by with an independent volunteer editor, Doctor Who Magazine or National Contest Journal?",1,498.6339382509491,True
"Operation Mountain Viper was working to uncover hundreds of suspected rebels from the Sunni Islamic fundamentalist political movement, located where?",7,2864.271883385668,True
What 2012 South Korean action thriller film was turned into the 2014 Indian-Malay thriller Angels?,2,562.6258185867669,True
Were both Henry Green and Richard Wright American authors?,0,270.7128447485479,True
Move Under Ground combines the cosmic horror of H.P. Lovecraft's Cthulhu Mythos with the Beat style of an American novelist and poet who was born when?,7,2864.271883385668,False
"Which of the movie which has Scott Adkins played a role is written by Tony Gilroy, Scott Z. Burns and George Nolfi?",1,498.6339382509491,True
When was the actor born who played the founder and leader of the Order of the Phoenix in the last six films of the series?,7,2864.271883385668,False
"When was the American actress born who is best known for her role as Amy MacDougall-Barone on the television sitcom which premiered on CBS on September 13, 1996? ",2,562.6258185867669,True
Who is the FIFA World Cup winner known as Big Phil that Flávio Murtosa works as an assistant coach for?,2,562.6258185867669,True
Eugene Hargrove is editor-in-chief of Environmental Ethics located in what city?,7,2864.271883385668,False
"Hargus Melvin ""Pig"" Robbins who has played with an American alternative rock band whose highest charting single was what?",7,2864.271883385668,False
How long is the causeway that connects Fiesta Key to the mainland?,7,2864.271883385668,False
What line of Competitive swimwear did speedo manufacturer  that is composed of woven elastane-nylon and polyurethane,1,498.6339382509491,True
When was the beer introduced which used the slogan I Am Canadian  from 1994 until 1998?,2,562.6258185867669,True
The film Salome's Last Dance is based on a play by a writer that died in what year?,2,562.6258185867669,True
"Kyle Ezell, is an American urban planning practitioner, writer, and theorist, he's currently a professor and head of the undergraduate planning program of which current home for the three disciplines that comprise the Austin E. Knowlton School of Architecture (KSA) at The Ohio State University?",4,1424.6899817918095,True
" large, primarily residential, public research university in Kent, Ohio, United States has an online folk music stream that is hosted by an American radio personality who is also a representative of Philadelphia's folk music scene, what was he called by ""The Philadelphia inquirer""?",4,1424.6899817918095,True
The magazine that named Gillian Arnold the 9th Most Influential Women in UK IT 2015 was formerly published as a weekly print magazine by what company?,7,2864.271883385668,False
The Ride to Hangman's Tree starred the actor who played Steve McGarrett in what CBS series?,4,1424.6899817918095,True
The 2011 Indianapolis motorcycle Grand Prix took place at what racing circuit that is also home of the Indianapolis 500?,0,270.7128447485479,True
Josh Brolin was cast as which Marvel Comics character in the X-Men universe?,0,270.7128447485479,True
"Who is a Russian professional latin and ballroom dancer, in series 8 of broadcast from Wembley Arena on 19 November with all proceeds going to the BBC charity, Children in Need?",7,3690.591627007379,True
"Beneath the Dark is an American mystery-thriller film, released in which year, one of the stars is Chris Browning, an American television and film actor, known for character roles, specializing in more tough and rugged types?",1,498.6339382509491,True
Where did the style of dance of which Aniruddha Knight is an artist originate?,7,2864.271883385668,False
Claire Bishop is a contributor to the academic journal of contemporary art published by which company?,7,6995.870601494227,False
"The Association of Jesuit University Presses (AJUP) is an association of North American university presses which are members of the Association of Jesuit Colleges and Universities (AJCU), a consortium of how many Jesuit colleges and universities, and two theological centers in the United States?",0,270.7128447485479,True
who was born first Brian Trenchard-Smith or James Bridges ?,0,270.7128447485479,True
"In what year did Dorothy Vaughan, one of the women featured in the 2016 non-fiction book, Hidden Figures, become acting supervisor of the West Area Computers?",0,270.7128447485479,True
What is the name of the aeronautical engineer who was depicted in the movie The Right Stuff?,3,869.0830829186463,True
"Double Take is an action comedy film, released in which year, starring Eddie Griffin and Orlando Jones, the supporting cast includes Gary Grubbs, an American actor?",0,270.7128447485479,True
"In what year did the band whose song ""Rattled by the Rush"" was the first single for its third album, ""Wowee Zowee,"" go on a well-received reunion tour?",7,2864.271883385668,False
The Big Game is aired against which American sitcom on ATV-0?,2,562.6258185867669,True
The Rookie stars which actress of Australian heritage?,4,1424.6899817918095,True
"What movie cast by Bernard Telsey was based on William Shakespeare's play ""Twelfth Night""?",7,2864.271883385668,False
Which Wisconsin Badgers player won a Heismann trophy and was elected to the Pro Bowl in each of their first four seasons?,2,562.6258185867669,True
Shirley Collado is the president of the college located in what state?,0,270.7128447485479,True
E'Shun Melvin was the voice of Young Boyd on Teen Wolf  developed by Jeff Davis for what television network,0,270.7128447485479,True
Are Arthropodium and Peraphyllum in the same family?,0,270.7128447485479,True
"Which is farther north,  Kundol Lake or Śniardwy?",0,270.7128447485479,True
"What year was the actress who played Sophia Petrillo's daughter in the TV series ""Golden Girls"" born in?",3,869.0830829186463,True
What sport do both the 2017 EFL League One play-off Final and the 2017–18 EFL Championship have in common?,0,270.7128447485479,True
"What is the name of the famous dancer, taught by Richard Thomas, that formed her own dance company in 1966?",2,562.6258185867669,True
Are the American based Apple Inc. and Vertex Pharmaceuticals companies headquartered in the same city?,0,270.7128447485479,True
Are Sophie Ellis-Bextor and Jo Kwon both models?,0,270.7128447485479,True
RAF Skellingthorpe was operational during the war that lasted during what time frame?,7,2864.271883385668,False
What series that Shayna Fox was a voice actress in was created by Arlene Klasky and Gábor Csupó?,7,2864.271883385668,False
"Which Cracker album included  musical accompaniment by a band native to Boulder, Colorado?",2,562.6258185867669,True
Who is the current guitarist for the band that released the album This Is Your Way Out?,4,1424.6899817918095,True
"The Toccata and Fugue in D minor, BWV 538, is an organ piece by Johann Sebastian Bach, like the better-known BWV 565, the Toccata and Fugue in D minor, BWV 565, is a piece of organ music written, according to its oldest extant sources, by who?",0,270.7128447485479,True
The world premiere of the movie starring a co-founder of United Artists film studio was shown at a theatre in what city?,7,3690.591627007379,False
"What  is a 2013 horror omnibus film made up of four episodes by four South Korean directors, that had an actor kownfor his leading roles in the television series ""Shut Up Flower Boy Band"" ?",3,869.0830829186463,True
The American actor who won the Academy Award for Best Actor in 1980 also starred in a 2003 crime drama directed by who?,7,3690.591627007379,False
The field tensor was introduced by a mathematician and professor who had taught at which three universities?,7,2864.271883385668,False
In what year was the actress who portrayed Tiffany Valentine-Ray born?,4,1424.6899817918095,True
"Who is known, with Eugene O'Neill and Arthur Miller, as one of the three foremost American dramatists of the 20th century, Tennessee Williams or Anita Shreve?",0,270.7128447485479,True
Save Me is a song by the group that was part of the genre that evolved from disco in what timeframe?,7,3690.591627007379,False
Kastles Stadium at The Wharf had a ribbon-cutting ceremony attended by the current commissioner of what organization?,4,1424.6899817918095,True
"Who lived longer, Al-Ghazali or Averroes (Ibn Rushd)?",0,270.7128447485479,True
Who is the leader of the Network Italy faction within Popular Alternative?,1,498.6339382509491,True
Do the Sparaxis and Campanula come from the same family genus?,0,270.7128447485479,True
What type of group does 1946 National League tie-breaker series and 1946 Brooklyn Dodgers season have in common?,7,2864.271883385668,False
The Iron Gate breaks up the mountains between Samarkand and a province which is 20 kilometers northwest of what provincial capital?,7,2864.271883385668,False
"Which was an American actor, Mack V. Wright or Kurt Neumann?",0,270.7128447485479,True
"Who was born first, Sherman Alexie or Adunis?",0,270.7128447485479,True
"Peter Rufai attended which movie premier on September 25, 1016?",2,562.6258185867669,True
who is younger Joakim Nyström or Kimberly Po ?,7,2864.271883385668,False
Who resigned as the Welsh Assembly Member for the North Wales region to represent Eddisbury in the House of Commons in the UK Parliament in 2015?,1,498.6339382509491,True
"How many original games are there in the tactical role-playing video game franchise developed by the same Japanese company who developed the ""Wars"" series of games?",7,3690.591627007379,False
What is the nationality of the man who Andry Thysse challenged for the World Boxing Council International super middleweight title,2,562.6258185867669,True
Name the member of Ratt that has played music with Dario Seixas Filho and Firedome?,0,270.7128447485479,True
Which two major Australian cities would Thora be in between?,7,2864.271883385668,False
In which american sitcom with  247 episodes did Jeff Mooring appeared?,7,2864.271883385668,False
What date was the Auatrailian politiican who has been a member of the Australian House of Representatives since 1996 swarn into the 68th ministry of the Austrailing government?,3,869.0830829186463,True
What southern part of the Kingdom of Slavonia straddled the borderland of the Habsburg Monarchy?,1,498.6339382509491,True
Say Yes is the 12th episode of the horror series shown on which cable network?,2,562.6258185867669,True
Are Jan Bucquoy and Richard Linklater of the same nationality?,0,270.7128447485479,True
"Wild About Harry is a comedy album by ""The Bob & Tom Show"", which was first released in November 2003, this CD's theme is honoring the many people who do impersonations of late sportscaster Harry Caray, was an American sportscaster on radio and television, and died in which year?",0,270.7128447485479,True
What insurance company was established in 1797 and occupied an office which now houses a restaurant and flats?,7,2864.271883385668,False
How many times has Maciej Sulęcki's adviser won Boxing Writers of America Manager of the Year Award?,7,3690.591627007379,False
What former United States Army soldier and related to WikiLeaks-related Twitter court orders?,0,270.7128447485479,True
"What animated film, released in 1955, was also parodied in ""The Simpsons"" episode ""Love Sprinfieldian Style""?",0,270.7128447485479,True
"Which band has more members, The Postal Service or Missio?",5,1864.9011340246145,True
"American actor and musician Sam Witwer stars on the supernatural television series, Being Human, which is a remake of a show with the same name, featured on what network?",2,562.6258185867669,True
"The Burlington Mall is a large, two-story, indoor shopping mall complex located off Route 3 and Route 128 in Burlington, Massachusetts, the mall is one of many shopping venues in the Middlesex County area, including which 115 store shopping mall located along US Route 1 (Broadway) between Main Street and Essex Street in Saugus, Massachusetts?",2,562.6258185867669,True
"Lost Lettermen is a sports weblog and database, which regularly interviews former college stars like what American football coach and former quarterback played in the NFL and Canadian Football League?",7,2864.271883385668,False
Which team did the head coach of the 1985 Oklahoma Sooners lead to a Super Bowl victory ?,2,562.6258185867669,True
"Between Recovery Child and Siouxsie and the Banshees, which band was formed in London?",0,270.7128447485479,True
"Who wrote the 2013 episode of the TV show Modern Family that was directed by the actor who played Kevin Arnold in ""The Wonder Years""?",3,869.0830829186463,True
Were the documentaries Bears and Aliens of the Deep filmed in the same locations? ,0,270.7128447485479,True
"Who wrote the theatrical comedy referenced in the subtitle of The Guilty Mother as ""the other""?",7,3690.591627007379,False
When was the Prime Minister of Australia born who defeated Abbott in 14 September 2015?,2,562.6258185867669,True
"Which rocket propelled weapon, sometimes referred to as the ""Stovepipe,"" did Colonel Leslie Alfred Skinner help develop?",0,270.7128447485479,True
"Which Archduke of Austria-Este was assassinated by Bosian Serb, Mihajlo ""Miško"" Jovanović?",7,3690.591627007379,False
"Mike Moh was cast as Triton in ""Marvel's Inhumans"", an American television series created by Scott Buck for what television network?",0,270.7128447485479,True
"The actress that plays Sarah Hurst in ""Easy Virtue"" stars with Dervla Kirwan in a 2012 supernatural thriller film written by who?",2,562.6258185867669,True
Sweethearts features which stand-up comedian in a supporting role?,2,562.6258185867669,True
"What is the year of the event which orrurred first, John Reger was born, or the Washington Redskins began playing football?",3,869.0830829186463,True
Who was the manager of the Beatles who was portrayed in a stage play by Andrew Lancel?,0,270.7128447485479,True
"Which genus has more species, Geissorhiza or Stenocarpus?",0,270.7128447485479,True
What is the literal name for this 2015 Hong Kong romantic comedy television drama starring Miss Hong Kong 2004?,7,2864.271883385668,False
Who directed a 1986 American science-fiction comedy starring Tommy Swerdlow?,7,2864.271883385668,False
"As of 2016, how many locations does the barbeque restaurant that was founded by a former Assistant Secretary - Indian Affairs have?",7,2864.271883385668,False
Sir Alec Guiness played Professor Godbole in a movie that was based on a novel by what author?,0,270.7128447485479,True
What is the American media company that produced The Hobbit: The Desolation of Smaug in collaboration with WingNut Films and New Line Cinema?,7,2864.271883385668,False
"Following a season in which the Sacramento Kings won three of their first four games before proceeding to lose 12 of their next 13 games, who signed for the Phoenix Suns?",7,2864.271883385668,False
"Containing 498 shops, what shopping centre marks the beginning of the Westfield Sydney to Melbourne Ultramarathon?",1,498.6339382509491,True
Who is the actor in the miniseries Olive Kitteridge who was also starring actor in the movie Caddyshack?,0,270.7128447485479,True
Which suburb in the Northern Region of Ghana that created Sagnarigu district was Yakubu II born?,7,3690.591627007379,False
Which French boxer defeated Hussein Ishaish at the 2016 Summer Olympics as an amateur?,2,562.6258185867669,True
Which musician during the earliest period covered in Time Waits for No One: Anthology 1971–1977 had the first full-length appearance on a Rolling Stones album?,0,270.7128447485479,True
Where was the public high school at which Freddie James became the head coach located?,7,2864.271883385668,False
The MTV Europe Music Award for Best Song was first award to a song performed by who?,7,2864.271883385668,False
Which director has produced 34 films since 1983: Spike Lee or Manny Coto?,0,270.7128447485479,True
Robert L. Priddy - he comes from the United States and has founded a number of airline companies such as ValuJet or which American low-cost airline that operates scheduled and charter flights?,2,562.6258185867669,True
"What is the year exact date that the Linkin Park album with the song ""Wretches and Kings"" released?",7,2864.271883385668,False
"Republic New York Corporation was the holding company for the Republic National Bank of New York and the Safra Republic Bank, Republic New York Corporation was sold shortly after its chairman's death to HSBC Bank USA, the US subsidiary of which British multinational banking and financial services holding company, tracing its origin to a hong in Hong Kong?",2,562.6258185867669,True
Where is the team that Federico Agliardi plays for based?,7,2864.271883385668,False
Jan van Aken is a writer belonging to which Germanic ethnic group native to the Netherlands?,7,2864.271883385668,False
"Virgil Widrich and Bernard Rose, have which mutual occupation?",0,270.7128447485479,True
Ticket to the Moon was a song written by which English rock band?,2,562.6258185867669,True
"What was the second album by the singer who was a client of Andros Rodriguez, and whose debut album was  ""Santogold""?",4,1424.6899817918095,True
When was the group attacked in the attack on the Four Square Laundry formed?,7,2864.271883385668,False
Are Colorado River Aqueduct and Eastside Canal both in the same state?,4,1424.6899817918095,True
"Krasnodar Krai Police, is the main law enforcement agency in Southern Russia, controlled system by which state or community term, commonly called, what?",7,3690.591627007379,False
"""Different for Girls"" is a song by Dierks Bentley that features an American singer who released her debut album on what date?",6,3304.1354063100844,True
"Who was born first, Muhammad Iqbal or Ali Qushji?",0,270.7128447485479,True
What is the name of the South Korean actor who is well known for his role in the 2016 South Korean television series W and starred alongside Han Hyo-joo?,2,562.6258185867669,True
"Ethan Tecumseh Vishniac (born 1955) is an American astrophysicist, his wife Ilene Busch-Vishniac, the ninth president of the University of Saskatchewan (2012-2014), was previously Dean of the Faculty of Engineering at which American entrepreneur, abolitionist and philanthropist of 19th-century Baltimore, Maryland?",0,270.7128447485479,True
"Which Riviera Partners' clientele is located in Las Vegas, Nevada?",3,869.0830829186463,True
"Which documentary film was released first: ""Flying Padre"", or ""Rembrandt's J'Accuse""?",0,270.7128447485479,True
"What are the accounting companies that make up the ""Big Four"" excluding Ernst & Young?",7,2864.271883385668,False
What nationality is the man whom Vladimir Kozlov won the WWE Tag Team Championship with?,4,1424.6899817918095,True
Who was the coach for the team that won the 2004 Sugar Bowl?,2,562.6258185867669,True
"Which is from farther west, The Commuters or Amplifier?",3,869.0830829186463,True
The Northumbrian Dialect was spoken in a kingdom whose name reflects what approximate southern limit to the kingdom's territory?,2,562.6258185867669,True
"The Capital District, also known as the Capital Region, refers to the metropolitan area surrounding Albany, the capital of the U.S. state of New York, in the 21st century, the Capital District has emerged as a major anchor, of which marketing name for the eastern part of the U.S. state of New York, encompassing the Capital District and the Hudson Valley?",2,562.6258185867669,True
"Which was founded first, Pomona College or Brown University?",0,270.7128447485479,True
Who did the man who played Mick Carter in EastEnders play in Human Traffic?,7,2864.271883385668,False
Where was the owner of FAME Studios inducted in 1985 after having Ray Whitley single What Kind of Fool recorded at his studio?,6,4109.226608892913,True
"What television series was an adaptation of a novel and had a character played by an actress who is also known for her roles on ""ER"" and ""Desparate Housewives""?",7,3690.591627007379,False
"This character in the historical drama legal thriller film ""Bridge of Spies"" was born on July 11, 1903.",3,869.0830829186463,True
"Dutch pornographic actress ""Bobbi Eden"" modeled for this monthly American pornographic magazine which is a spin-off publication of another magazine from which country?",7,2864.271883385668,False
What city is the head office of József Váradi's airline located in?,0,270.7128447485479,True
Which Coyote Sister member is related to singer in the Mamas & the Papas?,4,1424.6899817918095,True
Which widely acclaimed singer on the soundtrack of Ramu defined feminism in South Indian Cinema?,1,498.6339382509491,True
"What church based in Egypt, Northeast Africa and the Middle East, also features the former Christian diocese, Diocese of Buto? ",7,3690.591627007379,False
"What is the name of a volunteer that killed 3 and injured more than 60, in what came to be know as the Milltown Cemetery attack?",1,498.6339382509491,True
What year was the actor who played Sherlock Holmes in Sherlock born?,4,1424.6899817918095,True
The first person to interpret Relational quantum mechanics has worked in what countries? ,7,6169.550857872515,False
What national French film award was given to actress Isabelle Adjani in 2010?,0,270.7128447485479,True
Rabinjan is located between Samarkand and a city located on what famous road that runs between China and the Mediterranean?,0,270.7128447485479,True
"Murabaḥah is a term for a sales contract where the buyer and seller agree on the markup, the ratio between the cost of a good or service and what?",0,270.7128447485479,True
Where did the play by an award-winning American actor and an accomplished playwright premiere where it broke box office records and garnered critical acclaim?,7,4516.91137062909,False
When was the author after which Thiele Highway was named born? ,2,562.6258185867669,True
On which Portuguese island has the largest European airline by scheduled passengers flown had a base since 2015?,6,2499.044203727256,True
Micah Ohlman earned a spot on the 1992 team that plays in what Nevada city?,4,1424.6899817918095,True
Who wrote the musical in which Edwin Gagiano won a Best Actor Award? ,7,2864.271883385668,False
how is Victor Oladipo and NBA All-Rookie Team connected?,7,3690.591627007379,False
"Interbol, is an international space project under the leadership of which organization, and the Space Research Institute of the Russian Academy of Sciences, the goal of the project is to study the correlations between which item, can simply be considered as a gaseous mixture of negatively charged electrons and highly charged positive ions, however, true plasma production is from the distinct separation of these ions and electrons that produces an electric field, which in turn, produces electric currents and magnetic fields, in the tail of the magnetosphere and in the Van Allen radiation belt?",1,498.6339382509491,True
Where is the company located that produced the 2006 James Bond movie Casino Royale?,7,2864.271883385668,False
The network that aired People in Conflict spent several years trailing what rival network? ,6,3304.1354063100844,True
"Although they come from different countries, what genre of music do the bands Freeze the Atlantic and She Wants Revenge play?",0,270.7128447485479,True
"Caged No More is a 2016 American drama film directed by Lisa Arnold, the film stars which American actress and singer, (born August 21, 1949) , is best known for her roles as Marla Hendricks, in the Fox drama series, ""Boston Public""?",2,562.6258185867669,True
Do Guy Hamilton and Spike Jonze have the same nationality?,0,270.7128447485479,True
What is the name of the 2007 film in which the Australian  actress that stared in Extinction played a significant role? ,7,2864.271883385668,True
Do Joey Ramone and Miles Hunt have the same nationality ?,0,270.7128447485479,True
"WWF The Music, Vol. 5 is a soundtrack album whose songs were composed and performed by an American music composer best known for his work with WWE (formerly WWF) from what year onward?",3,869.0830829186463,True
When was the team founded for which Peter Horachek is currently a pro scout ?,4,1424.6899817918095,True
"Which town on Monsweag Bay in Wiscasset, Maine had a population of 3,072 in the 2010 census?",7,3690.591627007379,False
The coach of the 1983 Miami Hurricanes football team was born in what year?,2,562.6258185867669,True
Which Italian former footballer scored in the 4-0 AC Milan win against Barcelona in the Final of the UEFA Champions league ?,2,562.6258185867669,True
"The Trials of Nikki Hill is a legal thriller written by Dick Lochte and which American lawyer, author, actor, lecturer, and practicing attorney?",7,2864.271883385668,False
"Ealdgyth, circa 992 – after 1016, modern English Edith may have been the name of the wife of Sigeferth son of Earngrim, thegn of the Seven Burghs, and later was King of England from 23 April to 30 November 1016, Edmund II, usually known as who?",0,270.7128447485479,True
Which actress played roles in Three's Company and One Summer Love?,4,1424.6899817918095,True
Have Victoria Larimore and Mauritz Stiller  both worked as film directors ?,0,270.7128447485479,True
PsyFive is the debut album from Psy for the entertainment company established by whom?,3,869.0830829186463,True
"Which genus has more species, Dacrydium or Tecophilaea?",0,270.7128447485479,True
The central midfielder for Premier League club Chelsea and the Spain national team and what two others marketed Puma  evoPOWER?,7,2864.271883385668,False
"What person who had rap verses featured in ""Hail Mary"" was born on October 9, 1977?",3,869.0830829186463,True
Who won the 2016 Russian national silver medal with another Russian ice dancer born 29 April 1995?,2,562.6258185867669,True
What is the name of the daily newspaper which was owned by the Gannett company and the Nevada School of Law was moved to its plant?,0,270.7128447485479,True
Coco is a film based on an idea by which director and film editor?,0,270.7128447485479,True
"Which beverage is sold in more countries, Schweppes or Lilt?",0,270.7128447485479,True
"Who would have more American film credits, Stefan Ruzowitzky or Jeremy Kagan?",0,270.7128447485479,True
"""The Sandman"" comic book series and ""The Sandman: The Dream Hunters"" novella are written by who?",0,270.7128447485479,True
The Valley Jr. Warriors play in a city that had what population as of the 2010 census?,7,2864.271883385668,False
Who is Japanese  Kinji Fukasaku or Julian Schnabel?,0,270.7128447485479,True
Christmas Bells is an advert that plays the song that originated in what part of England?,7,2864.271883385668,False
The .45 GAP is produced by a company headquartered in what country?,0,270.7128447485479,True
"In ""The Bowery"", Lilliam Harmer played a historical character known for attacking alcohol-serving establishments with what?",0,270.7128447485479,True
What was formed by the largest entertainment company in South Korea?,7,2864.271883385668,False
"What railroad company acquired the Johnsonburg, Kane, Warren and Irvine Railroad?",7,2864.271883385668,False
When was the Canadian professional ice hockey left winger who was sent to Buffalo Sabres born,7,2864.271883385668,False
Are Alain Tanner and Marco Bellocchio both directors?,0,270.7128447485479,True
What Battle which was part of operation gothic serpant did Gary Gordon recieve a Medal of Honor?,0,270.7128447485479,True
Bryan Brown performed in what 1984 British musical drama that was directed by Peter Webb?,1,498.6339382509491,True
 What the locals consider for a suburb of a town which is in the Division of Mayo?,7,3690.591627007379,False
What country of origin does Jerk and Dean Corll have in common?,7,2864.271883385668,False
When did the head of government of Albania officially mandate his 9th Cabinet?,2,562.6258185867669,True
In between Ludwig van Beethoven and Heinrich Marschner who was the most important composer of German opera between Weber and Wagner?,0,270.7128447485479,True
"What movie was produced first, Muppet Treasure Island or Honey, I Shrunk the Kids?",0,270.7128447485479,True
What reusable contactless stored value smart card for making electronic payments in online or offline systems in Hong Kong replaced the Common stored value ticket in 1997?,0,270.7128447485479,True
Pal Dukagjiniwas part of a military alliance that was founded by which Albanian nobleman?,1,498.6339382509491,True
"MedStar Georgetown University Hospital and Walter Reed Army Medical Center, are both which type of medical facilities?",0,270.7128447485479,True
Are both Sergei Sobolev and Mikhail Leonidovich Gromov members of the IHÉS in France?,0,270.7128447485479,True
"The 357th Fighter Squadron (357 FS) is part of the 355th Fighter Wing at Davis-Monthan Air Force Base, Arizona, it operates which The 357th Fighter Squadron (357 FS) is part of the 355th Fighter Wing at Davis-Monthan Air Force Base, Arizona??",2,562.6258185867669,True
"What is a national park located in Tenerife, Teide National Park or Cabañeros National Park?",0,270.7128447485479,True
Mixed martial artist JJ Aldrich competes in a division for competitors weighing between 106 and how many pounds?,4,1424.6899817918095,True
"""Only Love Can Break a Heart"" is performed by a singer-songwriter that died in what year?",4,1424.6899817918095,True
What epic poem by Adam Mickiewicz did Michał Elwiro Andriolli provide illustrations for?,0,270.7128447485479,True
Do both Rod Lurie and Douchan Gersi work in the film industry?,0,270.7128447485479,True
"J. Andrew ""Drew"" Crompton is chief of staff and counsel for Pennsylvania Senate Pro-Tempore Joe Scarnati, he served as deputy campaign manager for policy for Lynn Swann's campaign, in which year, for Governor of Pennsylvania?",2,562.6258185867669,True
The film Circle was inspired by a 1957 movie directed by who ?,7,2864.271883385668,False
"Howard University Hospital and MedStar National Rehabilitation Hospital, are both located in which city?",0,270.7128447485479,True
"Christopher Davies was born in what southern suburb of Adelaide, Australia?",2,562.6258185867669,True
"The Texas–Arlington Mavericks women's basketball team is an NCAA Division I college basketball team competing in the Sun Belt Conference and representing the University of Texas at Arlington, the team appeared in the 2005 NCAA tournament, losing to which female basketball team represents Texas Tech University and competes in the Big 12 Conference of NCAA Division I?",2,562.6258185867669,True
What year was the man who established the Home District Council born?,2,562.6258185867669,True
Which character did Moira Kelly voice in this 1994 animated film?,0,270.7128447485479,True
Which composer did Beethoven regard as the greatest of his contemporaries: Franz Schreker or Luigi Cherubini?,0,270.7128447485479,True
"What actor from The Imitation Game also starred in ""Revolver"", ""RocknRolla"" and ""Sherlock Holmes""?",2,562.6258185867669,True
Trevor nunn has directed what non musical show besides Birdsong,2,562.6258185867669,True
"Who first proposed the physics theory, known to have been later independently proposed in a more complete paper by the current tenured professor at the University of Amsterdam, and director and Leon Levy professor at the Institute for Advanced Study in Princeton?",6,3304.1354063100844,True
Peter Facinelli is known for his role as Mike Dexter in a 1998 American teen comedy film that was written and directed by Deborah Kaplan and who?,2,562.6258185867669,True
What Indo-American public speaker and advocate was Miss America in 2014?,0,270.7128447485479,True
Howard University Hospital and Providence Hospital are both located where?,0,270.7128447485479,True
What sort of art did Herbert Abrams complete using the Chief of Staff of the United States Army from 1968 to 1972 as a subjecy?,2,562.6258185867669,True
Which operetta does Lamplighters Music Theature feature that was composed by Leonard Bernstein?,0,270.7128447485479,True
"Which national park is located in Galicia, Spain; the Atlantic Islands of Galicia National Park or Caldera de Taburiente National Park?",0,270.7128447485479,True
Marina Lebedeva participates in a winter sport that combines cross-country skiing and rifle shooting. What is the sport called?,0,270.7128447485479,True
"KAKU-LP (88.5 FM, ""The Voice of Maui County"") is a low-power FM radio station broadcasting a variety format, licensed to Kahului, Hawaii, United States, the station is currently owned by Maui County Community Television, Kahului is a census-designated place (CDP) in which county, on the island of Maui?",0,270.7128447485479,True
Are Istanbul Technical University and Yeni Valide Mosque located in the same city?,7,2864.271883385668,False
Which American cinematographer is best know  for his work in a 1998 American romantic comedy-drama film directed by Nora Ephron?,4,1424.6899817918095,True
Were Yasuzo Masumura and Peter Glenville both directors?,0,270.7128447485479,True
"Torben Ulrich is a Danish writer, musician, filmmaker, painter, director, performer and former amateur then professional tennis player, and the father of Metallica drummer Lars Ulrich, a Danish musician, songwriter, actor, and record producer, he is best known as the drummer and co-founder of which American heavy metal band ?",0,270.7128447485479,True
"""Not Giving Up"" is a song by a girl group formed through what record label?",7,2864.271883385668,False
"Which band has the most recent album release, Pop Will Eat Itself or Black Stone Cherry?",0,270.7128447485479,True
In which state was the 1926 Navy Midshipmen football team located?,0,270.7128447485479,True
Where did the league that Michael Anthony Edward Kidd-Gilchrist plays for hold it's 2012 draft?,7,2864.271883385668,False
"Spike Slawson and Kirk Windstein, are both artists in which occupation?",2,562.6258185867669,True
On what peninsula were architects Lise Roel and Hugo Höstrup born?,3,869.0830829186463,True
"Which movie was theatrically released first, Mary and Max or The Watercolor ?",0,270.7128447485479,True
What years did the driver of the McLaren MP4/13 win the Formula One World Champion?,7,2864.271883385668,True
"Ode to Billy Joe is a 1976 film with a screenplay by Herman Raucher, inspired by the 1967 hit song by Bobbie Gentry, which 1967 song written and recorded by Bobbie Gentry, a singer-songwriter from Chickasaw County, Mississippi?",2,562.6258185867669,True
Viking: The Ultimate Obstacle Course included the British commentator who was an Olympian in what discipline?,7,2864.271883385668,False
"Who was a silent film actor in addition to being a director, Christy Cabanne or David Howard?",0,270.7128447485479,True
Who won 18 races driving Watson cars and an American race driver with 26 victories in top echelon open-wheel racing?,1,498.6339382509491,True
"How long did the album featuring The Cure's song ""Primary"" stay in the albums charts?",2,562.6258185867669,True
When was the manager of the 2000 country music group inspired by boy bands convincted?,3,869.0830829186463,True
When did Losing my religion come out?,0,270.7128447485479,True
"George Whitefield, Charles Wesley and John Wesley started the Methodist movement in the 18th century within which church denomination?",0,270.7128447485479,True
"Besides the length of Charles Grethen's primary race event, which two race lengths are standard in middle-distance running?",7,2864.271883385668,False
In what United States city is the not-for-profit organization that formerly employed Nicholas J. Matzke as its Public Information Project Director located?,3,869.0830829186463,True
"Christopher Kelly is a journalist for which magazine headquartered in Downtown Austin, Texas ?",7,2864.271883385668,False
Eleanor McGovern was the wife of the Senator who was the presidential nominee in what year,0,270.7128447485479,True
"Which game was published first, Villa Paletti or Taj Mahal?",1,498.6339382509491,True
When was The Authors of pain's manager born?,4,1424.6899817918095,True
Why does Qutebrowser use DuckDuckGo ?,7,4516.91137062909,False
"Which band is from Glastonbury, Reef or Simple Plan?",0,270.7128447485479,True
Mexico Airplay had a first number-one song in 2011 of the song produced by whom?,7,2864.271883385668,False
Fenbendazole is ineffective against which parasite that is also called the flea tapeworm?,0,270.7128447485479,True
what was the decisive for Crassus's disastrous defeat in the most crushing defeats in Roman history ?,7,4516.91137062909,False
"Which division did Oklahoma City Thunder win in 2015-16, their first season under current head coach Billy Donovan?",2,562.6258185867669,True
What presidential daughter wrote The Trump Card?,0,270.7128447485479,True
Which head coach of Peshawar Zalmi is a former Pakistani cricketer (now holding British citizenship) who bowled right arm fast-medium?,2,562.6258185867669,True
"Which play has more acts, La sonnambula or Maskarade?",0,270.7128447485479,True
Who is the operator of the federal prison in which Aldrich Hazen Ames is serving a life sentence without the possibility of parole?,0,270.7128447485479,True
François-Jean Pelletier worked in politics in which place in which their county seat is Butte?,3,869.0830829186463,True
"Katie White and Ian Brown, have which occupation in common?",3,869.0830829186463,True
What is the nationality of the actor who was nominated for Best Actor Filmfare awards for his performance in Gardish?,0,270.7128447485479,True
During his career Dana Carl Holgorsen served under the was head coach of the Texas Tech Red Raiders football team leading them to what in every year of his tenure?,7,2864.271883385668,False
What two towns does Buckshaw Hall sit between?,1,498.6339382509491,True
Which Kenyan-Mexican Academy Award-winning actress is a  star of Star Wars: The Last Jedi?,2,562.6258185867669,True
"Which Hall of Fame point guard was first selected for an NBA All-Star Game in 1994, alongside Shawn Kemp?",3,869.0830829186463,True
Approximately how far is St Cyrpian's Church from London?,7,2864.271883385668,False
"Returning Home, was one of three films shortlisted by Norway to be their submission for the Academy Award for Best Foreign Language Film at the 88th Academy Awards, but it lost out to ""The Wave"",  a 2015 Norwegian catastrophe drama film directed by who?",0,270.7128447485479,True
"What film star of the 2016 American crime-drama film directed by Ewan McGregor was best known for his role in ""Animal House?""",7,3690.591627007379,False
"Between Cyclamen and Fargesia, which genus to spread to more continents?",0,270.7128447485479,True
What is the common profession of Jean-Pierre Melville and Manfred Noa?,3,869.0830829186463,True
"In which Broadway production did this American stage, film, and television actor, who appeared in the 1984 action film Toy Soldiers, star in 1970?",7,2864.271883385668,False
Which mountain is higher Gangkhar Puensum or Jongsong Peak ?,0,270.7128447485479,True
"The 1932 German football championship Final was played at a stadium which was opened in 1928, and is located next to what?",4,1424.6899817918095,True
"Norris Dam State Park is a state park in Anderson County and Campbell County, Tennessee, the park is situated along the shores of Norris Lake, an impoundment of the Clinch River created by the completion of Norris Dam in 1936, the Clinch River rises near Tazewell, Virginia, and flows southwest for more than 300 mi through the Great Appalachian Valley, at the end, it joins the Tennessee River in Kingston in which US state?",0,270.7128447485479,True
"What actor played in a drama television series based on Israeli series the ""Yellow Peppers?""",7,2864.271883385668,False
"Larry is the 10 Downing Street, official resident cat of the Prime Minister of the UK, also called? ",0,270.7128447485479,True
Who starred in the 1992 film directed by the director of Cherry Falls for which he gained cult success?,1,498.6339382509491,True
The Slayers d20 Role-Playing Game is a 2003 role-playing game published by a Canadian company founded by who?,7,2864.271883385668,True
"Who did the actor who starred as Constable Benton Fraser in the television series ""Due South"" have a child with?",7,6169.550857872515,False
Eric Jacobsen is a basketball player for a team representing the state of what? ,7,2864.271883385668,True
"What television series written by Dan Guterman and directed by Dominic Polcino premiered on July 26th, 2015?",2,562.6258185867669,True
Which American actress appeared on Dr. Alien and Little House on the Prairie?,4,1424.6899817918095,True
What cricketeer active 1974–1993 had a strong performance in the tour by the Australian cricket team in England in 1981?,1,498.6339382509491,True
For which rock band did Mark Evans play bass guitar on the band's third LP released in Australia and in Europe in 1976?,3,869.0830829186463,True
"The Seattle Fighter Wing was a unit of the United States Air Force, active during the Pacific War of which span of years, it was based in the Northwestern United States?",1,498.6339382509491,True
Who was the creator of the show where Wayne Knight played Mr. Blik?,4,1424.6899817918095,True
"Which is further from its city's business center, Sawyer International Airport or Burlington International Airport?",0,270.7128447485479,True
What teams is a part of Motorsport in the United Kingdom?,7,4516.91137062909,False
What label released Julio José Iglesias de la Cueva's 2003 album?,2,562.6258185867669,True
"Which was released first, LaLee's Kin: The Legacy of Cotton or Hoop Dreams?",0,270.7128447485479,True
"The Spanish actress and model who made her acting debut at 16, and starred in the 2009 romantic musical drama film Nine, was signed by an agent at what age?",1,498.6339382509491,True
Which actor from The Drew Carey Show also starred in The Founder?,2,562.6258185867669,True
The man that crowned Michelle Reis as the first Miss Chinese International founded what film production company?,2,562.6258185867669,True
Both Phil Dent and John Lloyd were in which profession?,7,2864.271883385668,False
GQ's political webshow is on which cable network?,7,2864.271883385668,False
Which Virginia town speaks the High Tider dialect and has lost 67% of its landmass since 1850?,2,562.6258185867669,True
"Which move was 3D move from 2009, Planet 51 or Cloudy with a Chance of Meatballs?",2,562.6258185867669,True
"What band member that is also a member of the side-project groups Team Sleep was featured on the ""Tempest"" video?",2,562.6258185867669,True
What occupation is shared by Luca Prodan and Glenn Gregory?,0,270.7128447485479,True
"Nobody Loves You was written by John Lennon and released on what album that was issued by Apple Records, and was written, recorded, and released during his 18 month separation from Yoko Ono?",0,270.7128447485479,True
"Who is older, Danny Shirley or Kevin Parker?",7,2864.271883385668,True
"Mill Race was a log flume ride that operated between 1963 and 1993 at the Cedar Point amusement park in Sandusky, Ohio,Mill Race was ultimately removed from the park in 1993 to prepare for the opening of Raptor, in which year?",2,562.6258185867669,True
"Cypress and Baumea, are types of a woody perennial plant?",7,2864.271883385668,False
Natalie Martinez is know for her role in what 2008 American-German-British science fiction action thriller film?,1,498.6339382509491,True
What year did Helen Fraser star in a Roman Polanski film?,2,562.6258185867669,True
What size do Cape Peninsula University of Technology and Alexandria University have in common?,7,4516.91137062909,False
In what party is the president whose cabinet Francisco Javier Mayorga Castañeda serves in?,1,498.6339382509491,True
When was the older sister of Princess Benedikte of Denmark born?,2,562.6258185867669,True
"Where did the murderer, by whom the character Keyser Söze was inspired, commit his murders?",2,562.6258185867669,True
"What was the score of Philadelphia Eagles after the year of the team not reaching the Super Bowl, despite being favored in the final two NFC title games?",7,2864.271883385668,False
What is the title of the book that documents the involvement of the president of the BioProducts Division at Archer Daniels Midland in a conspiracy case?,7,2864.271883385668,False
"Chattem is an American, Chattanooga, Tennessee-based, producer and marketer of over-the-counter healthcare products, brand portfolio includes Allegra, what other name is it called by?",7,3690.591627007379,False
Who was the winner of the Miss Universe pageant in which La Toya Woods competed?,3,869.0830829186463,True
"What participant in Operation Phantom Linebacker currently has about 17,000 soldiers, 10,000 of whom are stationed in South Korea? ",3,869.0830829186463,True
"Cashback was a movie that starred which English actress from ""Silent Witness""?",7,2864.271883385668,False
Moominpappa at Sea is a loose reference to a novel written by what American author?,2,562.6258185867669,True
Pre-Madonna was a collection of demos by the singer who was a leading presence during the emergence of what network?,0,270.7128447485479,True
"Which genus contains more species, Philadelphus or Sarracenia?",0,270.7128447485479,True
"Who was appointed the fifth Poet Laureate Consultant in Poetry to the Library of Congress in 1946, Woody Allen or Karl Shapiro ?",0,270.7128447485479,True
What sport does Dave Silk and Miracle on Ice have in common?,0,270.7128447485479,True
"Who was the director of the 2004 Hong Kong martial arts film starring the actress whose nickname is ""Dingding""?",4,1424.6899817918095,True
Who was a sixth overall pick in the 2012 NBA draft and MVP of the 2012 NBA Summer League?,2,562.6258185867669,True
Who directed the 2005 film version of the famous musical The Producers?,2,562.6258185867669,True
"What is the name of this American musician, singer, actor, comedian, and songwriter, who worked with Modern Records and born in December 5, 1932?",3,869.0830829186463,True
My Son starred the actor who began his career in which field in the 1990s?,7,2864.271883385668,False
"Where does the American rock band Drowning Pool, named after a movie, who feature on the official soundtrack for the film 'The Punisher', hail from?",7,3690.591627007379,False
" Whose name and recipe are registered by the rum brand Havana Club, Culto A La Vida or Tequila Slammer?",0,270.7128447485479,True
"What language is Shahzeb Khanzada's show ""To The Point"" shown in?",1,498.6339382509491,True
"What fictional antihero from comic books published by DC Comics, who sometimes acts as a cab driver, was created by Alan Moore, Steve Bissette, and John Totleben?",1,498.6339382509491,True
"Which women's cricket team based in Sydney, Australia featured an Australian sportswoman named Ellyse Alexander Perry?",0,270.7128447485479,True
"Which band is from London, Alkaline Trio or World Party?",0,270.7128447485479,True
What German composer wrote a letter in 1770 addressing Lucrezia Aguiari's ability to perform in C sporano acuto?,2,562.6258185867669,True
"When was the film produced by the wife of Nick Hornby, starring Saoirse Ronan, Emory Cohen, Domhnall Gleeson, Jim Broadbent, and Julie Walters released?",0,270.7128447485479,True
Lemon La Vida Loca took its name from a song by which Puerto Rican singer?,0,270.7128447485479,True
"Once More, with Feeling is a 2003 book by an English writer and presenter, who is also a professional at what card game?",3,869.0830829186463,True
"This American author, known for historical fiction, wrote a novel that vividly depicts the Berlin Airlift near its end.  Who is he?",2,562.6258185867669,True
"What star of ""Floodtide"" was born 25 March 1897?",3,869.0830829186463,True
"Thomas Heckert worked with four coaches, including James ""Jimmy"" Johnson, who was a broadcaster in this sport?",0,270.7128447485479,True
Charles Wallace Murray is a major character in a fantasy/science fiction series of how many young adult novels written by Madeleine L'Engle?,4,1424.6899817918095,True
"What is the name of this 1998 British-American crime comedy film, whose soundtrack included Lujon?",0,270.7128447485479,True
What county is the William Sewall House located in?,7,2864.271883385668,False
When was the head coach of 1955 Mississippi State Maroons football team born who left after 1955 college football season?,7,3690.591627007379,False
"Chindia is a portmanteau word that refers to China and India together in general, together, they contain over one-third of the total number of humans currently living, and is called?",7,2864.271883385668,False
Lambic is brewed in Brussels at a brewery founded in what year?,1,498.6339382509491,True
Sensitivity was covered by a Tejano singer who was called what for her clothing choices?,2,562.6258185867669,True
"Which of the singers featured in Climate Change was born in September 21, 1989?",3,869.0830829186463,True
"Henry Street passes underneath  The Manhattan bridge which crosses the East River in New York City, the street was named for what hero of the American revolutionary War?",1,498.6339382509491,True
"Which Finnish hip hop group that was active between 1998 and 2005 sang  ""Freestyler"" ",1,498.6339382509491,True
Public Atorni: Asunto o Areglo is an Philippine television court show similar to US television court shows such as a long-running American arbitration-based reality court show presided over by a retired what?   ,4,1424.6899817918095,True
 Richard Tucholka is best known for his work in the creation of a role-playing game first published in 1982 by who?,4,1424.6899817918095,True
When was the director of the 2010 American-Canadian supernatural horror film Insidious born?,7,2864.271883385668,True
"Mie Højlund, is a Danish handball player, she currently plays for which organization, and the Denmark women's national handball team?",1,498.6339382509491,True
Rocket Science featured an interview with what US Air Force test pilot?,7,3690.591627007379,False
Capehart House is located in what city that is the second largest city in North Carolina?,1,498.6339382509491,True
Henry C. McRae served for one season as the head football coach of a college that declines to accept what?,7,2864.271883385668,False
What century were the group of American poets associated with New England that Henry Wadsworth Longfellow popular among readers?,7,2864.271883385668,False
Are Horton Foote and David Foster Wallace both playwrights?,0,270.7128447485479,True
"Featuring photographs of the Grand Canyon by artists such as John D. Morris, the book Grand Canyon: A Different View is edited by who?",2,562.6258185867669,True
David Luchins served as an aide to a Vice President who was passed away in which year ?,2,562.6258185867669,True
"Which professor of evolutionary anthropology at Duke University is the director of the Jane Goodall Institute, founded by Jane Goodall the British primatologist?",7,2864.271883385668,False
"Queen of the Netherlands is a Dutch Trailing suction hopper dredger ship, constructed in 1998, the vessel has been used in high-profile salvage and dredging operations including the investigation into which scheduled international passenger flight from New York City, United States, to Geneva, Switzerland, the flight was also a codeshare flight with Delta Air Lines?",2,562.6258185867669,True
"Legend is a science fiction Western television show starring an American , director, producer, writer, singer, musician, voice artist and stand-up what?",0,270.7128447485479,True
"Who wrote the book that depicts part of the life of the historian born on October 7, 1943?",7,3690.591627007379,False
"Which documentary film was released first, ""Ring of Fire"" or ""Garlic Is as Good as Ten Mothers""?",0,270.7128447485479,True
"A naval leader in Germany before and during World War II  attained the highest possible naval rank since who, was later replaced by  the man who briefly succeeded Adolf Hitler as the head of state of Germany?",2,562.6258185867669,True
"Winnie Nanyondo participated in what events at the Universiade Village Stadium and the Central Stadium in Kazan, Russia representing Uganda in July 2013?",1,498.6339382509491,True
In which county was Jeremiah Joseph O'Keefe mayor from 1973 to 1981?,3,869.0830829186463,True
Which band formed first Suede or Hard-Fi ?,0,270.7128447485479,True
"Social Distortion and Poster Children, are of which nationality?",0,270.7128447485479,True
What is similar about Mary Harron and Sergei Parajanov? ,7,4516.91137062909,False
What year was the 2007 AFI Best supporting actress winner born?,7,2864.271883385668,False
A Mother's Gift is by the mother of which television producer?,7,3690.591627007379,False
What actor born in 1988 stars in a 2014 Telugu drama film directed by Bharathi Ganesh?,7,3690.591627007379,False
Were Irving Wallace and Muriel Spark writers in the same countries?,0,270.7128447485479,True
"What does the company abbreviation stand for, who's former hairman and CEO is an American businessman,and  investment banker?",7,3690.591627007379,False
" ""On My Mind"" is a song by English singer Ellie Goulding that many critics considered an answer to a song recorded by what English singer-songwriter for his second studio album?",1,498.6339382509491,True
"Who is a professional wrestler, Tamar Kaprelian or Seth Rollins?",0,270.7128447485479,True
Were Rolf de Heer and Joseph M. Newman of the same nationality?,0,270.7128447485479,True
Vaidotas was a son of what ruler of medieval Lithuania who was the Duke of Trakai?,2,562.6258185867669,True
Which recording artist as worked on songs with both Jamal Jones and Shaffer Smith?,7,2864.271883385668,False
What is the nationality of the writer of Right Now: A 12-Step Program for Defeating the Obama Agenda ?,0,270.7128447485479,True
"What organized agrarian economic movement among American farmers was supported by the weekly left-wing political newspaper, Apeal to Reason?",1,498.6339382509491,True
Which Italian choregrapher appeared on Season 12 of Dancing with the Stars?,0,270.7128447485479,True
The town where painter Henry Augustus Loop died is located in what Metropolitan Statistical Area?,7,2864.271883385668,False
"The National Association of Credit Management (NACM) is a non-profit organization based in Columbia, Maryland that promotes standards for the business-to-business credit profession, the trade association specializes in education for its membership, advancement of credit industry practices as well as what, which is the credit extended by one trader to another for the purchase of goods and services?",0,270.7128447485479,True
Are Boy George and Craig Nicholls both from the same country?,0,270.7128447485479,True
What event that Svetlana Radzivil participated in is organized by the Asian Athletics Association?,2,562.6258185867669,True
Are Bocconia and Bellevalia both flowering plants?,7,2864.271883385668,True
"The singer of ""World in Perfect Harmony"" received the Brit Award for Best British Female in what year?",7,3690.591627007379,False
How far is the protected area along the river near Babcock State Park?,4,1424.6899817918095,True
Dougan is a variety of what component of Asian cuisine?,0,270.7128447485479,True
"A British former shot putter won the World's Strongest Man contest twice, where was the contest held?",7,2864.271883385668,False
The schmaltrum turret could be found on what tanks other than the Panzerkampfwagen IV?,7,3690.591627007379,False
"The Garrick Club is a gentlemen's club in the heart of London founded in 1831, since its conception has catered to members such as which English actor and theatre manager, that died on 2 July 1917?",3,869.0830829186463,True
What is the name of the first compilation album produced by Guy-Manuel de Homem-Christo's company?,5,2363.535072275564,True
Dina Meyer played Detective Allison Kerry in an American horror franchise that consists of how many feature films?,7,2864.271883385668,False
"Who created the television series which has ""Off Colors"" as the third episode to the fifth season? ",3,869.0830829186463,True
Lokomotiv Yaroslavl was the team founded in 2011 after the plane crash near which airport?,2,562.6258185867669,True
"Who is the American actor that plays one of the wealthy gay couple in The New Normal that was born on August 23, 1978?",0,270.7128447485479,True
What job did both Elizabeth Bishop and Nelson DeMille have?,0,270.7128447485479,True
In which sport did the Czech stars Daniel Vacek and Hana Mandlíková gain professional status?,0,270.7128447485479,True
"Which of these events came first, the release of the movie Toy Story or the death of marathon runner Stylianos Kyriakides?",7,2864.271883385668,False
Was We Are Scientists or Needtobreathe formed further west?,0,270.7128447485479,True
What year was the Mad Men actor who played Betty's ex-husband on the show born?,3,869.0830829186463,True
Which novel is the author of Clockwork Angel best known for?,7,2864.271883385668,False
The 24th Hong Kong Film Awards ceremony was a positive for the 2004 Hong Kong romantic drama written and directed by whom?,3,869.0830829186463,True
"Which New England university has a larger main campus, University of Hartford or University of Massachusetts Amherst?",4,1424.6899817918095,True
Stoke City football has a new shirt sponsor based in what country?,2,562.6258185867669,True
Craig Duane Neal who was selected in the 1988 NBA draft by a team based in which US state ?,2,562.6258185867669,True
"What show does Lori Grener appear in, that gives an investment in the sixth season to a company named Roominate?",1,498.6339382509491,True
Were the bands Man or Astro-man? and Tool formed during the same decade?,7,2864.271883385668,False
Hank Azaria joined what cartoon as a voice actor 10 years before acting in Mystery Men?,0,270.7128447485479,True
"On what subject did this German-born philologist and Orientalist, who lived in Britain for most of his life and is considered one of the most important German scholars in Indian Philology alongside Heinrich Zimmer, work on?",7,2864.271883385668,False
"Toby Williams is a British actor, writer and award-winning stand-up comedian, he has appeared in which British comedy television series, shown on the Sky Living channel?",2,562.6258185867669,True
Which television channel had a show set at a location adjacent to Silverado Ranch?,7,3690.591627007379,False
What season of The Voice did the lead vocalist of No Doubt appear on?,7,2864.271883385668,False
Naked and Sacred was released by the member of the daughter of which band?,7,3690.591627007379,True
Kooikers appeared in the paintings of a Dutch painter whose works are known for their abundance of what?,4,1424.6899817918095,True
Dave Peverett and Jimi Hendrix bother made music in what genre?,0,270.7128447485479,True
The Killers of Comedy Tour and Beetlejuice were both regular guests on what late night show?,2,562.6258185867669,True
"Mills River is a tributary of the river that starts in what Transylvania County, North Carolina town?",0,270.7128447485479,True
Who starred in the British gangster film in which Daragh O'Malley had one of his first roles?,7,2864.271883385668,False
why was the hills tavern renamed the century inn?,7,3690.591627007379,False
The 2017 American period crime drama film Detroit is about the 1967 Detroit riot which is also known as what?,0,270.7128447485479,True
What type of gesture does Donets-Krivoy Rog Soviet Republic and have in common?,7,3690.591627007379,False
When did the music gene performed by Maria Fumaça originate?,7,3690.591627007379,False
which movie was directed by Damien Chazelle and won the 2017 Guild of Music Supervisors Awards?,7,2864.271883385668,False
Which actress of the movie Havoc is daughter of John Phillips,2,562.6258185867669,True
"The Spice Girls were an English pop girl group formed in 1994, the group originally consisted of Geri Halliwell (""Ginger Spice""),  Geraldine Estelle ""Geri"" Horner is an English pop singer-songwriter, clothes designer, author and actress, born when?",2,562.6258185867669,True
Where Harry Beaumont and Theodore Wharton co-stars in a movie?,2,562.6258185867669,True
"What U.S. Route runs through Clay Township down to Jacksonville, Florida?",7,2864.271883385668,False
"Metro-Goldwyn-Mayer contract star Arlene Dahl starred in the film ""Ambush"" in 1950, which was based on a story of the same name written by who?",2,562.6258185867669,True
"Which suburb in southern Hamilton, New Zealand contains streets named after war heroes including Douglas Bader?",2,562.6258185867669,True
"What nationality is the lady who, with Sergei Dudakov coaches Yakau Zenko ?",2,562.6258185867669,True
What conference has the most valuable NBA franchise according to Forbes?,2,562.6258185867669,True
"The Guardians of the Galaxy, are a fictional spacefaring superhero team, appearing in American comic books published by Marvel Comics, it has an an initial roster, including which  fictional superhero appearing in American comic books published by Marvel Comics, where the character first appeared in ""Tales to Astonish"" #13 (November 1960)? ",2,562.6258185867669,True
What kind of vegetation does Filipendula and Aloinopsis have in common?,7,2864.271883385668,False
Seiryuzan Zuigan-ji is a temple with teachings that originated from what country?,7,2864.271883385668,False
The music for Coco was by a man born when?,7,6995.870601494227,False
The action figure Tommy Gunn came with what weapon that remained in use until 1994?,2,562.6258185867669,True
Are both musicians Alison Moyet and Mike Muir from the same country?,0,270.7128447485479,True
"A German-speaking philosopher, born of Jewish parentage in present-day Belarus highly praises a Polish rabbi, who called to the Fürth in 1775, in his ""Lebensgeschichte"", what was the Polish rabbi commonly called due to his great keenness in  Talmudical discussions?",4,1424.6899817918095,True
Are Larry Gagosian and Steve Dildarian both art dealers?,1,498.6339382509491,True
"The Wild and Do Dooni Chaar, have which film genre in common?",0,270.7128447485479,True
Jon Bokenkamp wrote the screen play for the film starring which two actors?,7,2864.271883385668,False
"Who was Joe Cornish's co-writer of ""Ant-Man"" that served as head writer for ""Saturday Night Live""?",0,270.7128447485479,True
Could Ann Beattie and  Edgar Rice Burroughs be dating?,0,270.7128447485479,True
 The 2014 Charles Sturt Adelaide International took place in a suburb that contains what stadium?,7,2864.271883385668,False
Seiersberg is a former municipality in the Austrian state that has what area?,7,2864.271883385668,False
What is the name of the race that is known as the test of the champion? ,7,4516.91137062909,False
Three... Extremes is a sequel to Three consist of what segments?,7,2864.271883385668,False
"Who sings the lead song in a 2010 romantic comedy starring Jessica Alba, Kathy Bates, and Bradley Cooper?",7,3690.591627007379,False
Actor Peter Lockyer recently returned to his native Connecticut to play in a five-character memory play by what famous American playwright?,0,270.7128447485479,True
When did the founder of the Westboro Baptist Church die?,2,562.6258185867669,True
"Which Disney film was released first,  Monkeys, Go Home! or Robin Hood?",0,270.7128447485479,True
"Which came first, Million Dollar Arm or The Wild?",0,270.7128447485479,True
Worker: Which animal which is white in winter and brown in summer lives throughout the Arctic and can trace its roots to an extinct animal that lived in the Himalayas?,0,270.7128447485479,True
Kim Bo-mi is known for appearing in supporting roles in films and television dramas notably this blockbuster 2011 South Korean comedy-drama film that was directed by who,7,2864.271883385668,False
"Going to Meet the Man covers many topics, including these relations, which culminated in the Civil Rights Act of 1964?",2,562.6258185867669,True
The Newcastle United athlete that came through FC Bibo played what position?,7,2864.271883385668,False
"""If I Were a Boy"" is a song performed by American singer and songwriter Beyoncé, Columbia Records released ""If I Were a Boy"" to US radio on which date, as the album's lead single alongside ""Single Ladies (Put a Ring on It)"", from Beyoncé's third studio album?",2,562.6258185867669,True
"What team did Darrelle Revis play for, two years after he was drafted?",0,270.7128447485479,True
"Who had their Houston Aeros debut in the 1973-74 season and is nicknamed ""Mr. Hockey""?",0,270.7128447485479,True
"Woman's Viewpoint and Peterson's Magazine, are of which nationality?",0,270.7128447485479,True
The Football League Super Cup was formed in response to an incident when escaping fans were pressed against a collapsing wall in what stadium?,7,3690.591627007379,False
Do Super Furry Animals and Social Distortion have the same amount of current band members?,7,2864.271883385668,False
Renee Powell and Althea Gibson were the first two African-American female golfers on the LPGA Tour. In what other sport did Gibson win major championships?,0,270.7128447485479,True
Which 2015 internationally co-produced drama film directed by Joachim Trier did Thomas Robsahm produced in 2015,2,562.6258185867669,True
"The Battle of Gully Hole Creek was a battle that took place on July 18, 1742 (new style) between Spanish and British forces in the Province of Georgia,was one of the Southern colonies in British America, and was the last of the thirteen original American colonies established by Great Britain in what later became which country?",0,270.7128447485479,True
What movement did the author of Wetware help to found?,7,2864.271883385668,False
What prominent role did Scott Grimes play in HBO Mini series band of brothers?,0,270.7128447485479,True
What burial method requires digging up skeletal remains and was the subject of a 2007 documentary?,1,498.6339382509491,True
"Mudvayne's single ""Happy?"" was the theme song of a PPV event that was held in what city?",0,270.7128447485479,True
"La Cenerentola and Doktor Faust, are which type of play?",0,270.7128447485479,True
What sport do both Chanda Rubin and Andy Murray play?,0,270.7128447485479,True
"Where was the Rector of an evangelical Anglican church in the city of Adelaide, South Australia from 1957-1973 born?",2,562.6258185867669,True
What fashion label did the founder of the Faena Arts Center found in 1985?,1,498.6339382509491,True
Which historic fishing town in south Ghana has the N1 passing through it?,7,2864.271883385668,False
Which five uniformed services of the United States are eligible for the National Defense Service Medal?,0,270.7128447485479,True
"Hindi film actresses and the wife of the film actor Dilip Kumar is the daughter of Naseem Banu, known as what?",4,1424.6899817918095,True
"Which band is known for its musical contributions to the TV series Jackass, CKY or Good Charlotte?",0,270.7128447485479,True
"For what show set in Dillon Texas did the show runner of ""Bates Motel"" work as a consulting producer on?",3,869.0830829186463,True
What Indian actor/actress born in 1981 had a lead role in Lakshyam?,7,2864.271883385668,False
"Who directed the 1979 American drama film that starred the actress who won the Golden Globe Award for Best Supporting Actress for ""Psycho""?",7,3690.591627007379,False
American Ride is a studio album with one song that was a tribute to a basketball player who was elected to what in 2009?,7,4516.91137062909,False
"The Municipality of Concord was a local government area of Sydney, New South Wales, in 2000, it merged with Drummoyne Council to become the council of which  local government area in the Inner West of Sydney, New South Wales, Australia?",1,498.6339382509491,True
Which Swiss low-cost airline operated out of the airport that is also connected to by a British express coach operator?,2,562.6258185867669,True
Jeremy Renner was in the 2007 movie that was a sequel to what successful 2002 film?,2,562.6258185867669,True
"The Enemy Expatriation Act (HR 3166 and S. 1698) is a proposed law in the United States sponsored by Scott Philip Brown, an American attorney, politician, diplomat, and the U.S. Ambassador to which country?",1,498.6339382509491,True
"Between Jack Conway and George Dunning, who was more active in animation films?",0,270.7128447485479,True
What year did a popular song release that was accompanied by dancing by a famous American dancer?,1,498.6339382509491,True
The protagonist to the 1949 British film noir was born when?,7,3690.591627007379,False
"Ana Beatriz Barros is a Brizilian model known for appearances with an American designer of women's premium lingerie, is the largest American retailer of women's lingerie, and is wholloy owned by what company?",0,270.7128447485479,True
The Rentals and Suede are both what?,2,562.6258185867669,True
"Which Canadian singer was originally featured on the song ""Bankroll"" by American DJ Diplo?",1,498.6339382509491,True
"Between Willow and Darwinia, which genus has more species?",2,562.6258185867669,True
What was the pen name of the husband of Grand Duchess Yelizaveta Mavrikiyevna ?,7,3690.591627007379,False
The father of Pietro de' Medici was the Duke of Florence between what years?,7,2864.271883385668,False
Which dance music project did Tyler Pope play with?,7,2864.271883385668,False
"Which plant, Enkianthus or Scadoxus, is small enough to be grown as an ornamental plant in containers?",2,562.6258185867669,True
"Which writer was African-American, Patrick White or Ernest J. Gaines?",7,2864.271883385668,False
"Which director is from a country closer to the United States, Arturo Ripstein or Bahman Ghobadi?",0,270.7128447485479,True
"The evil clown is an archetype and subversion of the traditional comic clown character, that is featured in the 22nd book and 18th novel written by what American author?",0,270.7128447485479,True
Virginia Abernethy is professor emerita of psychiatry and anthropology in what city?,7,2864.271883385668,False
Idaho's sole state college (until 1963) was led by what coach in 1937?,1,498.6339382509491,True
Donna Mills starred as Tobie Williams in a movie directed by who ?,1,498.6339382509491,True
In which state did Free-Staters settle?,0,270.7128447485479,True
how is U.S. Route 1/9 and George Washington Bridge connected?,7,3690.591627007379,False
What is the name of the soap opera with the character Tasha Andrews?,1,498.6339382509491,True
Which lead vocalist wrote songs for Black Sabbath?,5,2862.169010526513,True
"Custom knifemaker Gil Hibben designed the knifes used by Ed Parker in this martial art characterized by the use of quick and powerful strikes delivered from the body's natural weapons, powered by rapid stance transitions?",1,498.6339382509491,True
"What 2005 film by Tim Fywell saw an appearance by the actress from ""Thank You for Smoking"" and ""Stuart Little?""",2,562.6258185867669,True
In what month is the traditional fish dish served at a festival in Kansas?,2,562.6258185867669,True
How large is the civil parish and townland in which Stephen Brown was born?,7,2864.271883385668,False
Chris Waters has written music for which country music group that was founded in 1992?,6,2499.044203727256,True
Like the Roman: The Life of Enoch Powell is a book whose title is taken from when British Member of Parliament Enoch Powell addressed a meeting of the Conservative Political Centre where?,3,869.0830829186463,True
"Which film was released first, Cars 2 or Into the Woods?",0,270.7128447485479,True
"Savage Grace is based on the dysfunctional, allegedly incestuous relationship between which wealthy American socialite who was murdered and her son, Antony?",1,498.6339382509491,True
Pay the Ghost starred which actress who had a role in Prison Break?,0,270.7128447485479,True
are Carpentaria and Panax both plant genera ?,0,270.7128447485479,True
"Innovative Life: The Anthology 1984-1989, is a compilation album released in 2008 by who, which American rapper, singer-songwriter, record producer and DJ?",2,562.6258185867669,True
Destiny is what while Farsa is a genre of this?,1,498.6339382509491,True
How many languages does the Dutch Caribbean-born professional baseball player speak who is noted for having hit a home run in the Major Leagues?,7,2864.271883385668,False
Pietà or Revolution by Night is a painting by an artist that died in what year?,2,562.6258185867669,True
"Wildsville, Louisiana is located on a US route that was extended to Colorado by what year?",7,2864.271883385668,False
What is Bern Minster's branch of Protestantism called?,2,562.6258185867669,True
"Which town, with a population of 64,376 is bordered by Jiehkkevárri?",7,3690.591627007379,False
What town administered by the Eurobodalla Shire council is near Higgins Creek?,7,3690.591627007379,False
What store in Ambarrukmo Plaza was established in 1981?,7,2864.271883385668,False
Troublemakers was the last Western in which Bud Spencer paired with which longtime collaborator?,0,270.7128447485479,True
In what county were The 1981 U.S. Clay Court Championships held?,2,562.6258185867669,True
How many retailers are there in the Souk across from The Dubai Textile Souk?,7,3690.591627007379,False
"""(I'm 10,000 Years Old)"" was the subtitle of the 11th album by which iconic rock and roll singer?",0,270.7128447485479,True
What influential English design engineer designed the Lotus 49?,0,270.7128447485479,True
What part did Rolls-Royce Holdings make for Sea Jet?,7,3690.591627007379,False
"Of Herbert Achternbusch an David Seltzer, which lived closer to Canada?",4,1424.6899817918095,True
"Mustafa Kemal University was named after the Turkish army officer, revolutionary, and founder of the Republic of Turkey who served as its first President beginning when?",0,270.7128447485479,True
What is the name of the first book in the series that precedes The Heroes of Olympus?,7,2864.271883385668,False
What are both Quietdrive and Supergrass?,3,869.0830829186463,True
What Roger Miller novelty song was originally recorded in November 1964?,2,562.6258185867669,True
When did the reality singing competition where a Dutch rapper of Moroccan descent appeared as a judge air?,7,3690.591627007379,False
When was the Half-Life first-person shooter game released by game development community MapCore? ,2,562.6258185867669,True
The States General of the Netherlands meets at what location that is a complex of buildings in the city centre of The Hague?,0,270.7128447485479,True
Breakable You is a book that was made into a movie staring what actor who is also known for roles in Raiders of the Lost Ark and Enchanted April?,4,1424.6899817918095,True
What party does the Virginia representative of a narrow pass through the mountains belong to?,7,3690.591627007379,False
Which awards did the writer of Baby Blue win in 1973? ,7,2864.271883385668,False
Are Kunzea and Trollius both genera of plants?,0,270.7128447485479,True
Who was king of Sweden during the Battle of Kirchholm?,0,270.7128447485479,True
The Scarlet Tulip EP is a 2011 EP studio release from a singer born in what year?,2,562.6258185867669,True
What was the first EP of the singer who recorded What Ifs?,7,2864.271883385668,False
"Where does the 2009 movie which was directed by the director who also directed ""Heaven"" take place?",7,3690.591627007379,False
Are Pizza Ranch and Gino's East located in Florida?,0,270.7128447485479,True
Film critic Paul Harris appears on commercial radio stations 3AW and 3RRR in which Australian city? ,0,270.7128447485479,True
Are Kim Jung-ah and Mary Ramsey both singers?,2,562.6258185867669,True
In what year was the head coach of the 2009–10 Oklahoma Sooners men's basketball team born?,7,2864.271883385668,False
"Saint-Jean-Chrysostome is a sector within the Les Chutes-de-la-Chaudière-Est borough of the city of Lévis in central Quebec, Canada south of which capital city of the Canadian province with the same name?",0,270.7128447485479,True
"Denton is a town in the Metropolitan Borough of which area, of Greater Manchester in North West England?",2,562.6258185867669,True
Where was the opera that Vladimir Galouzine was in that was first performed on 24 December 1871?,7,3690.591627007379,False
"The South Cheshire Way is a 32 mi long-distance footpath running east–west mainly through Cheshire, England, the western section from Grindley Brook, near Whitchurch, runs through farmland; the eastern section from which  isolated village which straddles the Cheshire–Staffordshire border, and is divided between the North West and West Midlands regions of England?",0,270.7128447485479,True
"Pachystegia and Passiflora, are in the family of Passifloraceae?",4,1424.6899817918095,True
Who is the Aboriginal Canadian artist of the M'Chigeeng?,7,3690.591627007379,False
What former national security advisor preceded Michael Hagee as Commandant of the Marine Corps?,2,562.6258185867669,True
Are Edna St. Vincent Millay and Robert Penn Warren both Pulitzer Prize-winners for their poetry?,0,270.7128447485479,True
"Which university was established first, Vanderbilt University or Bowdoin College?",0,270.7128447485479,True
"Following the 1978 Cincinnati Reds season, a baseball player with what nickname left to sign with the Phillies?",4,1424.6899817918095,True
"This organization, formed in 1918, boasted Arthur C. Clarke as one of its members.",7,2864.271883385668,False
"Which Major League Baseball did this Dominican former professional baseball player, whom the Indians gave up in exchange for Bruce Ellingsen wth the Dodgers, play in 1985 (other than the Dodgers)?",7,2864.271883385668,False
"In the 2004 United States Senate election in Hawaii, which candidate won?",7,2864.271883385668,False
What band did the man who released 2541 form after Hüsker Dü's breakup?,3,869.0830829186463,True
"Which singer was the leader of an alternative rock band,  Bob Mould or Hayley Williams?",7,2864.271883385668,False
When did the MV Bessel run aground to at the second largest island in the Mediterranean?,2,562.6258185867669,True
"In what year was the younger of the two brother boxers, Lucas Martin Matthysse and Walter Dario Matthysse, born?",2,562.6258185867669,True
Camelots du Roi was a youth organization of which far-right movement and journal?,1,498.6339382509491,True
What is the name of the Minneapolis Mayor who won the 2009 election by 73.6% of the vote?,1,498.6339382509491,True
What center was the 55th Academy Awards held in?,7,2864.271883385668,False
Al Hirt played the theme song for the ABC US television series starring whom?,7,2864.271883385668,False
Who was the uncle of German physicist and philosopher who was the longest-living member of the team which performed nuclear research in Germany during the Second World War?,4,1424.6899817918095,True
Kyle Ezell is a professor at what school,6,4109.226608892913,True
Blast Vegas starred the actor and musician who played the title character on what sitcom?,4,1424.6899817918095,True
What region of Italy did Giovanni Giarola paint in?,7,3690.591627007379,False
Richard Kim worked on the car that was part of what BMW project?,4,1424.6899817918095,True
What was Sedgebrook railway station formerly?,7,3690.591627007379,False
"What is the university that Monica Heller is a professor at that is located in Toronto, Ontario, Canada?",0,270.7128447485479,True
"Which is an American band, Nada Surf or Shihad?",0,270.7128447485479,True
"In between Michael Casey and Zach Bogosian, who is an ice hockey defenseman?",5,2862.169010526513,True
"iCan Benefit Group, LLC is a US based insurance agency that provides access to a wide range of health care plans, which American television direct-response advertisement salesperson, represented them?",7,3690.591627007379,False
which city was to host the 1944 Olympics but we're canceled due to world War ii,7,2864.271883385668,False
What three letter abbreviation is the college where Chrissy Roberts is head coach commonly referred to by?,2,562.6258185867669,True
"Francesco Rospigliosi Pallavicini was born in Rome, in what was then which territories in the Italian Peninsula under the sovereign direct rule of the pope, from the 8th century until 1870?",0,270.7128447485479,True
"Who was the director of the 1990 romantic comedy film in which  ""Exile"" was featured?",7,2864.271883385668,False
What animal do both Cocky and cockfights have in common?,0,270.7128447485479,True
In what year was the man born who coached The 1973 Indiana Hoosiers football team?,4,1424.6899817918095,True
Are W. E. B. Du Bois and Dan Simmons both writers?,0,270.7128447485479,True
Bayer 04 Leverkusen is a club that has hosted matches at which arena since 1958?,0,270.7128447485479,True
How many British ships were named Scipio the African?,7,2864.271883385668,False
"Frank Freshwaters pled guilty to voluntary manslaughter and, after a brief sentence at a prison located in which city ?",3,869.0830829186463,True
What song did the future wife of Brian May take to Number Four in the UK singles chart ?,7,3690.591627007379,False
The TV series James Callis joined in 2010 premiered on what date?,7,2864.271883385668,False
What state was the president who appointed Fran P. Mainella to be the 16th Director of the National Park Service of the United States once governor of?,3,869.0830829186463,True
"When was the singer of ""Laugh at Me"" born? ",7,2864.271883385668,False
What national basketball association player also represens the dominiDom republic national team?,7,2864.271883385668,False
What British tv show stars Jamie de Courcey and has been featured in both British and French TV?,3,869.0830829186463,True
What 5th generation USAF tactical fighter built by Lockheed Martin and Boeing will remain in service alongside the new sixth generation fighter?,7,3690.591627007379,False
"What was the nickname of the employee of an American company that manufactures footwear, sports, and casual apparel given by Bill Parcells because of his fondess for technology? ",7,3690.591627007379,False
"During the Great Depression, which U.S. President dedicated Timberline Lodge in Clackamas County, Oregon?",0,270.7128447485479,True
"What HBO original series featured an actor who also starred in the 2016 film ""The Pass""?",7,6169.550857872515,False
Wayne B. Sappleton was a star at an institution founded in what year?,4,1424.6899817918095,True
"No One Would Tell is based on the true story of Jamie Fuller, who murdered his girlfriend in a city in Essex County, Massachusetts, with a population of what?",7,2864.271883385668,False
"Where is the birthplace of ""Babe"" Hardy?",7,2864.271883385668,False
Johnny Mathis Sings included a song that started out as the instrumental title track to a film directed by whom?,4,1424.6899817918095,True
Both Teide National Park and Garajonay National Park belongs to which country?,0,270.7128447485479,True
George Rochberg's Symphony No. 5 was first performed in 1986 under the direction of what Hungarian-born orchestral and operatic conductor?,1,498.6339382509491,True
The Tama Maru No. 2 was damaged by what World War II American naval scout plane and dive bomber that was manufactured by Douglas Aircraft?,0,270.7128447485479,True
"Which  American actor was real life brother of Joey Lawrence, Matthew Lawrence ",4,1424.6899817918095,True
At what frequency the news magazine published in which Ursula Gauthier was reporter in China?,2,562.6258185867669,True
In what year was the book published that first talks about biopower?,2,562.6258185867669,True
What episode of South Park was created using the Snapz Pro X program for macOS?,1,498.6339382509491,True
"HDMS Hvidbjørnen is what class of ocean patrol vessel, also called Stanflex 3000, belonging to the Royal Danish Navy?",5,2862.169010526513,True
"Anthony D. ""Tony"" Saletan is an American folk singer and educator, who is responsible for the modern rediscovery of two of the genre's best-known songs, one being which spiritual song first recorded in the 1920s, and it became a standard campfire song in Scouting and summer camps and enjoyed broader popularity during the folk revival of the 1950s and 1960s?",7,3690.591627007379,False
Christmas Town starred the Canadian actress who also had a starring role in what cult film?,0,270.7128447485479,True
"Julien Nitzberg was the director of which documentary about a family in Boone County, West Virginia?",1,498.6339382509491,True
Where is the broadcast studio of the channel that along with CNN and BBC disputes the murderer of Neda?,7,2864.271883385668,False
The city in which Monty Waters was born is Italian for what word?,7,2864.271883385668,False
Who is this American basketball coach who previously served as a coach at Montana Tech and led the Houston Cougars men's basketball team during the season when the team finished in tenth and lost to Tulsa?,1,498.6339382509491,True
The county in Kentucky containing Peytona had how many people in its population in the 2010 census?,7,2864.271883385668,False
Which mountain range contains the highest rise of the Hazel River?,7,3690.591627007379,False
"Which religious practice of pre-Columbian Aztec civilization was shared with the Maya, Zapotec, and Nicarao people?",0,270.7128447485479,True
"What drug is the main ingredient referenced in the ""drank"" of the song Drank in My Cup?",7,3690.591627007379,False
Battlestar Galactica starred which actor and director?,0,270.7128447485479,True
Who founded one of the news channels that Amy Richards has appeared on?,7,2864.271883385668,False
What Hawaiian Navy base contains the Admiral Clarey Bridge?,0,270.7128447485479,True
Who created an award in 1990 named after the 2000 winner of the Nobel Prize in Physics?,7,3690.591627007379,False
In which city is this federal prison located where this fictional murderer from the film Slaughterhouse Rock is incarcerated?,3,869.0830829186463,True
"The actress that played Jane Bennet in the film ""Pride & Prejudice"" also stars with Tom Cruise in a film directed by Christopher McQuarrie that is based on what novel?",2,562.6258185867669,True
Judy Clarke defended an American domestic terrorist convicted for a series of anti-abortion and anti-gay-motivated bombings across the southern United States know as what?,7,2864.271883385668,True
Are Sonerila and Carludovica both genus of plants ?,0,270.7128447485479,True
Are Cross Florida Barge Canal and Lake Worth Lagoon both located in Florida?,0,270.7128447485479,True
Debbie Fields husband is associated with what hotel chain based in Atlanta Georgia?,2,562.6258185867669,True
Innervision is a song from the studio album released on what date?,7,6995.870601494227,False
Jack Moore played collegiately at the college in what NCAA conference?,0,270.7128447485479,True
Coll is known for Breacachadh also know as?,2,562.6258185867669,True
"Which ancient Lebanese city issued the coins known as shekels, used to pay taxes in the Temple of Jerusalem?",0,270.7128447485479,True
"What is the name of the yearly official list of the top 100 Companies in Ghana which was first put together in 1998 by the Government of Ghana agency established to encourage, promote and facilitate investments in all sectors of the economy of Ghana?",1,498.6339382509491,True
Emily Peachey appeared in a 2011 film directed by who?,7,2864.271883385668,False
"The largest county in Oklahoma by area, gets its name from the broad rolling hills and rolling tallgrass prairie and Cross Timbers encompassing the county and surrounding areas, including portions of Mayes, Tulsa, Washington and Kay Counties, was created in what year?",2,562.6258185867669,True
Are both Paul Schattel and Francis Ford Coppola American film directors?,3,869.0830829186463,True
"Which company specializes in coffee, Microchip Technology or Keurig Green Mountain? ",0,270.7128447485479,True
The artist behind Overpowered was also part of what hip hop duo?,7,2864.271883385668,False
"When was the Danish danseur, choreographer died who once said, ""gave the world a new idea of the ballerina in 19th-century Romantic ballets”?",7,2864.271883385668,False
"In what year did the Highway that connects the major metropolitan areas of St. Louis, Louisville and Lexington in Kentucky, Charleston, West Virginia, and Richmond, Virginia open?",7,2864.271883385668,False
What team did the Pittsburgh Penguins lose to in the opening round to the eventual Stanley Cup?,1,498.6339382509491,True
One Upon a Time in Shaolin featuring Tarik Azzougarh with what group?,2,562.6258185867669,True
Are Lupin Mine and Lost Lemon Mine both places that can be located on a map?,1,498.6339382509491,True
"How many songs has the artist who recorded Three Cord Opera had in the ""Billboard"" Adult Contemporary Top 10?",7,2864.271883385668,False
What film was written by the newspaperman born in 1880?,7,2864.271883385668,False
"Who was born first, Xavier Malisse or Gene Mayer?",0,270.7128447485479,True
Which Minnesota Timberwolves player was around 20 or younger in the 2015-16 season and also played for University of Kentucky ?,0,270.7128447485479,True
What American road racing cyclist lost to  Jens Voigt for the second year in a row?,7,3690.591627007379,False
"The Children Act is a film, released in which year, directed by Richard Eyre based on the novel, ""The Children Act"", it stars Stanley Tucci, an American character actor, writer, producer and film director?",0,270.7128447485479,True
which British coming of age sitcom television series was James Buckley  known for playing Jay Cartwright in  ,2,562.6258185867669,True
what medieval Scottish castle was build during the same period as the chapel Dedicated to the Virgin Mary?,2,562.6258185867669,True
"Which actor had a role in The Legend of Frosty the Snowman and also in ""How I Met Your Mother""",7,3690.591627007379,False
3D Wayfinder is an indoor wayfinding software and service used to help visitors to navigate larg publich buildings such as institutions which award what?,7,2864.271883385668,False
In what year was the Newlands resolution enacted?,2,562.6258185867669,True
"Jamesy Boy stars what actor who played himself on eight episodes of ""Family Guy""?",7,2864.271883385668,False
What job do both  Idrissa Ouedraogo and Jerry Paris have in common?,0,270.7128447485479,True
The video of the song Die with you is available only on a streaming service maintained by which company ?,7,3690.591627007379,False
"A Sileighty is a Nissan 180SX with headlights, front fenders, hood and front bumpers installed from a long-running line of sport coupes based on what?",2,562.6258185867669,True
 S. Truett Cathy founded a fast food chain that is headquartered in what state?,0,270.7128447485479,True
"Which genus contains the greatest number of species, Lomatia or Delosperma?",0,270.7128447485479,True
"The Electoral district of Fisher covers what city the has the known shopping mall called ""The Hub""?",7,2864.271883385668,False
What is the best known role of the host of the 64th Annual Tony Awards ? ,3,869.0830829186463,True
"The Professional Basketball Club LLC is an investment group headed by an American businessman who is the chairman of Dorchester Capital Corporation, and is also the chairman emeritus of the board of directors of what organization?",2,562.6258185867669,True
"Tampa International Airport and John F. Kennedy International Airport, are national airports?",7,3690.591627007379,False
What genre of music from the late 1970s to late 1980s includes the hit song Velfarre 2000 by the artist Bazooka Girl?,7,3690.591627007379,False
The Hellcat Spangled Shalalala is a song by the English band formed in what suburb of Sheffield?,3,869.0830829186463,True
Which country did both Klemens von Metternich and Richard von Metternich represent?,7,2864.271883385668,False
"What actress who plays a role in ""Footballers' Wives"" as has a part of a doctor in the series Spooks?",2,562.6258185867669,True
what does Completely Serious and Daniel Tosh have in common?,7,3690.591627007379,False
Which village and civil parish in Hertfordshire did Watling Chase Timberland Trail passes through,7,2864.271883385668,False
Who created the television series on which Oliver Cooper plays Levon?,7,2864.271883385668,False
"Stevie Nicks and Tairrie B, are Americans of which musical occupation?",0,270.7128447485479,True
What is the name of the 5th studio album of the artist Khia?,1,498.6339382509491,True
"Proud To Commit Commercial Suicide is a live album by industrial metal band Nailbomb and captures the band's only live appearance at the 1995 Dynamo Open Air Festival, the album cover is a picture of the aftermath of which infamous remote settlement established by the Peoples Temple, an American socialist organization under the leadership of Jim Jones, in northwestern Guyana?",0,270.7128447485479,True
 The Cleek-McCabe Site is in what region that makes up the northern part of Kentucky?,2,562.6258185867669,True
What continent has the Kogyae Strict Nature Reserve?,0,270.7128447485479,True
Chas Early is best known for portraying a comedian born in what year?,4,1424.6899817918095,True
Was Allen Drury or Jean Giono born first?,0,270.7128447485479,True
"Taxi Payant began airing on September 3, 2009 on V,, it airs in Québec instead of which titled American version of the series game show,  that aired new episodes on the Discovery Channel from 2005 to 2012?",2,562.6258185867669,True
In what year was the club founded that played Manchester City in the 1972 FA Charity Shield,3,869.0830829186463,True
"What was the air date of the ""30 Rock"" episode that guest starred an actor from the films ""Horrible Bosses"" (2011) and ""Hall Pass"" (2011)?",7,3690.591627007379,False
The sultan who ordered the extermination of specific Armenian districts in the Ottoman Empire in 1895 ws deposed on what date?,7,2864.271883385668,False
"What album, released on 27 March 1984, featured the heavy metal ballad that reached number 64 on ""Billboard"" Hot 100 in July 1984?",3,869.0830829186463,True
"Yoo Seung-ho, is a South Korean actor who rose to fame as a child actor, he headlined the historical film, The Magician, a South Korean period fantasy film, released in which year, directed by Kim Dae-seung?",1,498.6339382509491,True
What did the man whose cabinet Thomas Walsh joined as Minister for Agriculture lead the introduction of?,7,2864.271883385668,False
How She Move is a film which features a type of dancing mainly performed in groups of how many?,7,2864.271883385668,False
When was was the second commander of 1st Cherokee Mounted Rifles born? ,4,1424.6899817918095,True
"Wayne R. Mass is a former American football offensive tackle who played five seasons in the National Football League, he played college football at Clemson University, an American public, coeducational, land-grant and sea-grant research university in Clemson, in which state?",0,270.7128447485479,True
"Which animated cartoon character in the Warner Brothers ""Looney Tunes"" series did the mouse go to for help because it distrusted Daffy?",1,498.6339382509491,True
What is the capital city of the district in which Rose Mensah-Kutin was born?,7,3690.591627007379,False
"What year was the National Hockey League team, in which Melville Vail played two seasons with, founded?",3,869.0830829186463,True
Bear Lane is located just north of a constituent college of what university?,0,270.7128447485479,True
What is the nickname of the player who scored goals along with Antonio Valencia and Demitar Berbatov for Manchester at the 2010 FA Community Shield?,3,869.0830829186463,True
What profession do both Phil Alden Robinson and David Nixon share?,4,1424.6899817918095,True
"Sky Rocket was renovated into which roller coaster, that had the longest drop at the time?",1,498.6339382509491,True
Adam Arkapaw photographed the 2015 film that was directed by whom?,7,2864.271883385668,False
Moonraker co-starred which voice artist and comedian?,4,1424.6899817918095,True
what is the origin city and state of the singer in which Jorge Salan played lead guitarist for in an European tour?,5,1864.9011340246145,True
Which album by British alternative rock band The Verve is this ostinato-based song from?,5,2363.535072275564,True
"Sultans of Swing is a hit song by the British rock band Dire Straits, what is oe of the other hit singles?",0,270.7128447485479,True
In which State is the Dana-Farber Cancer Institute located?,0,270.7128447485479,True
"What actor portrayed ""Pa"" in the Little House on the Prairie tv series?",0,270.7128447485479,True
Are Time and the Christian Science Sentinel both magazines?,0,270.7128447485479,True
What other popular Cartoon Network shows is Lauren Faust responsible for creating?,0,270.7128447485479,True
"Which company did the businessman portrayed by Jonathan Hyde in the film ""Titanic"" chair?",2,562.6258185867669,True
The Missouri Tigers played at the 2008 Alamo Bowl led by which coach?,0,270.7128447485479,True
Which brand name devised by Lexicon Branding turned out to be an 85 million dollar project?,7,3690.591627007379,False
"Which list did ""Fires of Winter"" reach?",7,3690.591627007379,False
" Which musician has been in more bands in his life, Carl Barât or Jesse Michaels?",7,2864.271883385668,False
"Radio Bam (or Bam Radio) was a Sirius Radio Station that aired on Mondays at 7pm, it had frequent guest appearances from  Bam's parents April Margera and which American reality television personality, best known for appearing on ""Viva La Bam"", the ""CKY Videos"" and the ""Jackass"" television series and movies, born on July 13, 1957?",2,562.6258185867669,True
What was the person who had a sidekick who the hosted nationally televised talent competition?,7,2864.271883385668,False
"Which person is older, Ivan Bella, or Frank De Winne? ",0,270.7128447485479,True
What is the nickname of the leader of Christy Kinahan's rival gang?,4,1424.6899817918095,True
"Stand By Me, famously starring River Phoenix, was a film adapted from a short story called The Body, by which famous author?",0,270.7128447485479,True
"This medicine was marketed with a Spokestoon to minor aches, pains, inflammation, fever, headache, heartburn, stomachache, indigestion, acid reflux and hangovers, while neutralizing excess stomach acid.",5,2862.169010526513,True
Are Jens Kidman and Nate Ruess both lead vocalists?,0,270.7128447485479,True
"The Toyota TF102 was the car with which the Toyota team competed in the 2002 Formula One season, the team's inaugural Championship campaign, as with the TF101, it was piloted during the season by Mika Salo and who?",1,498.6339382509491,True
"What is the full name of the dog for whom the 1977 ""All-Star Laff-a-Lympics"" is named?",7,2864.271883385668,False
"What industry does the documentary The Romance of the Far Fur Country focus on, that is also the industry that Hudson's Bay Company operates in?",0,270.7128447485479,True
This song was originally written by Queen and covered by Dwight Yoakam.,7,3690.591627007379,False
"What member of the country-music stage concert in Nashville was born in Copeville, Texas?",2,562.6258185867669,True
"What is the name of a 2010 comedy film about five friends reuniting for a holiday weekend that stared at least one previous cast member from ""Saturday Night Live""?",7,2864.271883385668,True
"The 2009 Baylor Bears football team represented Baylor University in the 2009 NCAA Division I FBS football season, the team was coached by Arthur Ray Briles, is an American football coach and former player, is an American football coach and former player, Briles was formerly the head coach at Baylor University from 2008 through what year, from which he was fired in the wake of a major sexual assault scandal?",0,270.7128447485479,True
Nelson López is a football player that played for Argentina for which title cup?,1,498.6339382509491,True
Where was the video game developer who developed TimeShift headquartered? ,4,1424.6899817918095,True
What film was Adrian Martinez in that was directed by Glenn Ficarra?,2,562.6258185867669,True
Which alcoholic brand named after the man who rebuilt its business did Justin Timberlake sing about in 2015?,1,498.6339382509491,True
"Which vocalist was part of more bands, Spencer Chamberlain or Donnie Van Zant?",0,270.7128447485479,True
When was the American rapper which was one those whose House Shoes produced their albums born? ,7,2864.271883385668,False
"Ritwik Ghatak and Jehane Noujaim, are Bengali?",7,2864.271883385668,False
"Which American film, The Country Bears or Bambi, is based on a book by the Austrian author Felix Salten?",0,270.7128447485479,True
"The 2000 ICC KnockOut Trophy was a One Day International cricket tournament held in Kenya, which Jamaican cricketer who plays internationally, made his ODI debut during the competition?",3,869.0830829186463,True
Who is the Italian pornographic actress that was discovered by talent scout Riccardo Schicchi?,7,3690.591627007379,False
What language is the magazine founded by Christy Haubegger published in?,0,270.7128447485479,True
The 2003 Auto Club 500 was won by the 2004 champion of what?,7,2864.271883385668,False
"What choreographer for the Indian version of BBC's ""Strictly Come Dancing"" is currently judging Maharashtracha Dancing Superstar - Chhotte Masters?",5,1864.9011340246145,True
The fast food sandwich chain Subway Israel is an international franchise of this American fast food restaurant franchise that has stores in how many countries?,7,2037.9521397639564,False
"Who created the character, of whom, Captain Strong is a parody ?",6,3304.1354063100844,True
"Before Dennis Wayne joined Dennis Wayne's Dancers, what city was his ballet company based in?",0,270.7128447485479,True
"What French formula racing driver that was 2014 Formula Renault 3.5 Series runner-up drove the Toro Rosso STR12 in 2017, a Formula One racing car designed and constructed by Scuderia Toro Rosso?",0,270.7128447485479,True
"The Stanbic Bank Twenty20 formerly known as the Metropolitan Bank Twenty20 is the domestic Twenty20 cricket competition in Zimbabwe, recently, the tournament has risen in profile with some high-quality cricket, and the attraction of major international stars such as which former Australian cricketer, who recently retired from all three formats of the game, and played in the Big Bash League for the Hobart Hurricanes? ",2,562.6258185867669,True
 Taizô Kawashima was nominated for an Academy Award for the war film released in what year?,2,562.6258185867669,True
"Is This the Life We Really Want?, is the fifth studio album by English rock musician and former Pink Floyd bassist and vocalist Roger Waters, it was his first studio album in 12 years since Ça Ira, is the fourth studio album by Waters, it is an opera in how many acts?",0,270.7128447485479,True
Which player from the University of Texas 1994 Sun Bowl team was later signed to the Baltimore Ravens?,2,562.6258185867669,True
Did Bedtime Stories and Big Red both star Walter Pidgeon?,0,270.7128447485479,True
The author of the 2004 book How to Talk to a Liberal (If You Must) was born in what year?,2,562.6258185867669,True
 Which American Heavy metal band worked with producer Terry Date and released four albums during the 1980's?,7,2864.271883385668,False
Which magazine published papers more often; The Wittenburg Door or Sports Collectors Digest?,0,270.7128447485479,True
What song does the actor who plays Uncle Remis sing in Song of the South?,0,270.7128447485479,True
"Who portrays James Gordon in the Gotham episode, Rise of the Villains: Knock, Knock?",2,562.6258185867669,True
"The actress that played Shannon Reed on the soap opera ""Home and Away"" also appeared in a 2008 romantic comedy directed by Adam Brooks that is set in what city?",1,498.6339382509491,True
Loop and Ian Brown were both popular in the 1980's for what?,7,3690.591627007379,False
Who is the older brother sportscaster of a man who is an in-studio analyst alongside Seth Davis?,7,2864.271883385668,False
"Terry Beeson, is a former American football linebacker in the National Football League, he held the Seahawks record for most tackles in a season with 153 until which American football linebacker for the Seattle Seahawks, broke it in 2016?",1,498.6339382509491,True
Julius Jackson is the son of the boxer from which territory?,1,498.6339382509491,True
Did Russian mathematician Yuri Manin or Efim Zelmanov win the Fields Medal of International Congress of Mathematicians in 1994?,0,270.7128447485479,True
"Which 2004 American comedy fantasy film stars both Jennifer Garner and the star of ""The Kids Are Alright""?",2,562.6258185867669,True
The special operations force of the Irish Defence Forces had access to what according tothe modern weapons of the Irish Arm? ,7,3690.591627007379,False
"Which social media site did Lily Allen use to gain publicity and BBC airplay for her songs prior to the release of her debut album, ""Alright, Still""?",0,270.7128447485479,True
Morgan State University and University of Idaho are what types of universities?,7,2864.271883385668,False
Where was the work Gustave-Hippolyte Roger was a leading tenor in in 1846 first performed?,7,2864.271883385668,False
When was the company that Hutchinson Travel is a member of formed?,7,2864.271883385668,False
Have both Gordon Wiles and Scott Hicks been nominated for Academy Awards?,4,1424.6899817918095,True
"James John Liautaud, is the founder, chairman, and majority owner of Jimmy John’s, founded in which year?",0,270.7128447485479,True
Where is the birthplace of the Belgian former football goalkeeper of whom Anne Noe had to wear their old shirts?,7,2864.271883385668,False
Which 100 list compilation is this company where Gary Loveman served as executive vice president a member of?,3,869.0830829186463,True
"When was the French singer-songwriter, musician, actress and model born who's live album is Divinidylle Tour?",7,2864.271883385668,False
Lee Hwan-kyung debuted with a movie written by who?,6,3304.1354063100844,True
"Which President that served as a Senator from California,  did Beatrice Willard serve as an advisor?",3,869.0830829186463,True
What country of origin does Mark Stephens and James Hewitt  have in common?,7,2864.271883385668,False
"Michael Dobson voiced which character, an adversary of the X-Men, originally depicted as obese?",2,562.6258185867669,True
Who is a Swiss professional footballer who currently plays as a midfielder for a Swiss football team from the Bernese Oberland town of Thun ?,7,3690.591627007379,False
"Troy McClure is a fictional character from the American animated sitcom ""The Simpsons"" who appeared as the main character in an episode that aired when?",7,2864.271883385668,False
The films Frankenstein and Bride of Frankenstein are based on the novel by which author?,0,270.7128447485479,True
"The John Wall Dance is a dance performed by flexing the arms and twisting the wrist, John Wall, an American professional basketball player for the Washington Wizards, of the National Basketball Association (NBA), first performed the eponymous dance during his introduction at Big Blue Madness in October 2009, at which location?",1,498.6339382509491,True
Rhoda Williams had a voice as Drizella Tremaine in the animated film released in what year?,0,270.7128447485479,True
"Zaoyang and Kuytun, are in which country?",7,2864.271883385668,False
What sports complex was the 2014 MLS Cup match in California?,1,498.6339382509491,True
What kind of rock do cambarus cryptodytes live near?,7,2864.271883385668,False
"Which building is taller, Marine Midland Building or 4 World Trade Center?",0,270.7128447485479,True
For what team was a player acquired before the 1999–2000 Toronto Raptors season the all-time leader in points?,7,2864.271883385668,False
"How tall is the player that is featured on the cover of the German version of the video game ""NBA 2K16""?",7,2864.271883385668,False
"Who has been nominated for less Academy Awards, Todd Field or Mika Kaurismäki?",0,270.7128447485479,True
What is the difference between Stachyurus and Cucumis?,7,2864.271883385668,False
What is the name of the group that Ghaur's race is in a war with?,7,3690.591627007379,False
What Small native cat to North and South America did Carl B. Koford make studies on in the 50's and 70's?,0,270.7128447485479,True
"The Champaign Aviation Museum is an aviation museum in Urbana, Ohio, in which country, the museum and its volunteers are restoring a B-17 Flying Fortress back to flying status, a our-engine heavy bomber developed in the 1930s for the United States Army Air Corps (USAAC)?",0,270.7128447485479,True
How many matches have been played by the U.S. mens national soccer team in the stadium that hosted the 2011 Military Bowl? ,7,3690.591627007379,False
Who published the prequel to Sphereland?,7,2864.271883385668,False
Customer Loyalty is an episode of The Office that guest stars which Greek-Canadian comedian?,2,562.6258185867669,True
"Celeste and Jesse Forever, released in which year, is an American romantic comedy-drama film directed by Lee Toland Krieger, its stars include Andy Samberg, an American actor, filmmaker, musician and comedian?",0,270.7128447485479,True
Tom Manning is a character from the universe created by what writer-artist?,2,562.6258185867669,True
Who financed the  3D computer-animated fantasy which was one of Chris Bacon film scores?,7,2864.271883385668,False
Parmanand Deepchand Hinduja founded a company headquartered in what city?,0,270.7128447485479,True
"What is the birth date of this English scientist, whose laboratory burner design was later perfected by Peter Desaga into the Bunsen burner?",7,2864.271883385668,False
For what purpose the Hamiltonstövare dog and the Istrian Coarse-haired Hound are bred?,0,270.7128447485479,True
Which mountain in Maine has the third largest ski resort in the state?,2,562.6258185867669,True
"Who is known for their prolific work in the horror film genre, Valie Export or Gary Sherman?",0,270.7128447485479,True
Poinciana Station is the southern terminus of what Greater Orlando rail service?,1,498.6339382509491,True
"The Bourne Identity is a 2002 action spy thriller film based on Robert Ludlum's novel of the same name, and the first in which series of action spy thriller films based on the character Jason Bourne (Matt Damon), a CIA assassin suffering from extreme memory loss who must figure out who he is, created by author Robert Ludlum?",3,869.0830829186463,True
"Who inspired the name of the Danish company founded in 1991 after the merger of a number of Scandinavian travel agents, he also was a worker at the Fore River Shipyard?",1,498.6339382509491,True
"Leo Varadkar beat what Irish Fine Gael politician on June 2, 2017, 60% to 40%? ",0,270.7128447485479,True
This film released on 15 August 2003 was worked on by an actor and film producer of what nationality?,7,3690.591627007379,False
"Power Balladz, is a live comedy performance featuring a mixture of comedy, trivia, and iconic rock n' roll songs from the 70s, 80s & 90s, the comedy's musical blend includes songs by Heart, a rock band that first found success in Canada and later in the United States and worldwide, are of which nationality ?",3,869.0830829186463,True
"What 2010 American comedy-drama film stars an American actor born July 26, 1959?",4,1424.6899817918095,True
What 1983 film did the director of Baby Geniuses write the script for?,7,2864.271883385668,True
Jon Cardella formerly owned the company that was sold to which internet retailer?,1,498.6339382509491,True
"What nationality was the actress who co-starred with Peter Breck in ""Hootenanny Hoot""?",7,2864.271883385668,False
How many gold medals did the Philippines win during the 2007 Special Olympics World Summer Games?,7,2864.271883385668,True
"Which mountain is found in Pakistan, either Trivor or Muztagh Ata?",2,562.6258185867669,True
"Brackenhill Tower is a peel tower, in the parish of Arthuret, Arthuret is a civil parish in the Carlisle district of Cumbria, in which country?",0,270.7128447485479,True
The Franco-Italian army led by Eugène de Beauharnais was defreated by an Austrian army commanded by a member of what house?,7,2864.271883385668,False
"Which of the short films contained in ""How to Train Your Dragon"" franchise is a 2010 animated short film by DreamWorks Animation?",0,270.7128447485479,True
"In which city is the Lowry hotel, which opened featuring a restaurant run by celebrity chef Marco Pierre White?",3,869.0830829186463,True
Kalitta Charters is what to Kalitta Air ?,3,869.0830829186463,True
"Ohe the two classic Walt Disney films, Amy and The Jungle Book, which was written by Noreen Stone",1,498.6339382509491,True
"El Paso International Airport and Tucson International Airport, are airports with which shared classification?",7,2864.271883385668,True
What state is the college that Everson Walls played at located in?,2,562.6258185867669,True
What character did Sarah Chalke play on the most watched television show in the United States from 1989 to 1990?,3,869.0830829186463,True
Are both Veridia and Digital Summer rock bands ?,7,2864.271883385668,False
What was the population at the 201 census of the census-designated place located 2 mi. above the confluence of the Marias River with the Missouri?,7,2864.271883385668,False
"What Spitsbergen based seed bank serves to protects agricultural diversity in the far north, 1300 km from the North Pole?",0,270.7128447485479,True
Where does the motorsport usually presented which is hosted by Union County Speedway?,7,2864.271883385668,False
Who is the manufacturer of the skin care medicine in UK in which niacinamide vitamin is an active ingredient which is found in food? ,3,869.0830829186463,True
"Buck-Tick and Kitchens of Distinction, are both what type of musical bands?",7,2864.271883385668,False
"Who played bass for the debut album of the band that dissolved in 2011, and had a lead singer what born in 1960",7,3690.591627007379,False
"What is this shopping centre in Nottingham, England located near the Royal Centre tram stop?",2,562.6258185867669,True
When was one of the hosts born who hosts Newsday from Washington?,7,2864.271883385668,False
"The High Mountain Institute (HMI) is a non-profit educational organization located in Leadville, the statutory city that is the county seat, and only incorporated municipality, in Lake County, Colorado, in which country?",0,270.7128447485479,True
"What is a major airline operating flights from Kuala Lumpur International Airport and from secondary hubs in Kota Kinabalu and Kuching to destinations throughout Asia, Oceania and Europe, whos executive officer is a veteran in the tourism and aviation industry with over 30 years of experience in related fields ?",0,270.7128447485479,True
"Raghu Ram and MTV Splitsvilla, are aired in which country?",0,270.7128447485479,True
What genre of music links the bands Catherine and X? ,4,1424.6899817918095,True
"What song by an American hard rock band is referenced in the song ""On the Radio"" by Regina Spektor?",7,2864.271883385668,False
"Thurn and Taxis and Cluedo, are which form of entertainment?",2,562.6258185867669,True
Where was Paul Cook's band formed?,3,869.0830829186463,True
The Cross Coounty Community School's mascot is the second-heaviest cat after which animal?,4,1424.6899817918095,True
"Which university in the City of Lincoln, England did midfielder Sam Clucas attend?",1,498.6339382509491,True
What industry did both Byambasuren Davaa and Sylvester Stallone work in?,2,562.6258185867669,True
"Who co-presented a discussion television programme on Sunday, which replaced the 'Heaven and Earth Show', with a Welsh former sprint and hurdling athlete?",7,3690.591627007379,False
The master photographer who starred in Camp is generally acclaimed as what?,7,2864.271883385668,False
"What English historian author, born May 15th, 1967 presented ""The Spartans""?",2,562.6258185867669,True
Who wrote the 2014 RITA Award winning novel No Good Duke Goes Unpunished?,1,498.6339382509491,True
"Which Fall Out Boy album was released on February 6, 2007 but leaked on the Internet the month before?",0,270.7128447485479,True
"Mentiras, el musical, is a 2009 Mexican stage musical that uses previously released popular songs as its what? ",4,1424.6899817918095,True
National Motor Museum Monorail was originally part of a holiday camp founded by who?,0,270.7128447485479,True
"The Global Food Security Act of 2016, is a law introduced on March 24, 2015 in the 114th Congress by which Senator of Pennsylvania, who is an American attorney and politician, currently the senior United States Senator from Pennsylvania?",2,562.6258185867669,True
"What cartel did Barry Seal work for in the movie ""American Made?""",2,562.6258185867669,True
"What year was the crime novel written by Sir Arthur Conan Doyle written, featuring Sherlock Holmes?",7,2864.271883385668,False
"Which band is from the US, Pylon or Rivermaya?",0,270.7128447485479,True
"Svetha Rao, professionally known as Raja Kumari, is an Indian American songwriter, rapper and recording artist from Claremont, California, Kumari is best known for her collaboration with notable artists including Gwen Stefani, she is a co-founder and the lead vocalist of which band?",1,498.6339382509491,True
The Greatest Event in Television History is a mockumentary television series created by an American actor best known for his roll in what NBC sitcom?,6,2499.044203727256,True
Who has won more awards Ellis Ferreira or Boris Becker,0,270.7128447485479,True
"Who was born later: Andre Dubus III, or Andrew Vachss?",0,270.7128447485479,True
Which artist recorded a song with Diddy that was in the number one position of the Billboard Year-End Hot 100 Singles of 2010?,2,562.6258185867669,True
Radhika Sanghani is a writer and journalist for which publication founded by Arthur B. Sleigh in 1855?,1,498.6339382509491,True
"The star of ""Jane the Virgin"" is also known for her role as what character on ""Deepwater Horizon""?",2,562.6258185867669,True
What film starring Natalie Portman appeared at the 67th Venice International Film Festival?,0,270.7128447485479,True
"Who is best known as the singer/guitarist for the punk rock band Rancid and hip hop/punk rock supergroup the Transplants, Jacoby Shaddix or Tim Armstrong ?",7,4516.91137062909,False
What is the name of the actor who appeared in a move about a murder in Philadelphia that later inspired a Bollywood film?,7,2864.271883385668,False
"Which is a music video director, Jake Kasdan or Peter Szewczyk?",0,270.7128447485479,True
"Three Nationwide Plaza is a 408 ft(124m) postmodern highrise building located at the address 3 Nationwide Plaza in Downtown Columbus, Nationwide Plaza is the headquarters of Nationwide Mutual Insurance Company, and affiliated companies, are a group of large U.S. insurance and financial services companies based in Columbus in which US state (acronym)?",0,270.7128447485479,True
Which  American vocal group is Emperors of Soul  a 1994 box set compilation for,0,270.7128447485479,True
Which novenario are part of The Guadalupe-Reyes Marathon?,1,498.6339382509491,True
Which gold mine was opened first Ptarmigan and Tom Mine or Lupin Mine?,1,498.6339382509491,True
"When was Stephen Rea, the actor who portrayed a detective in the film V for Vendetta born? ",2,562.6258185867669,True
Are Candice Night and Ben Gibbard both Americans ?,2,562.6258185867669,True
Which British commputer scientist developed an algorithm for sorting strings in 1959/1960?,4,1424.6899817918095,True
"Five Points Mall  is an enclosed shopping mall in Marion, Indiana that features Carson's and Roses Discount Store, a regional discount store in the United States with its headquarters in what state?",3,869.0830829186463,True
Which American retailing company supplied Festival's private label brands,7,3690.591627007379,False
"Japan Airlines Co., Ltd. (JAL), is the flag carrier airline of Japan and the second largest in the country behind All Nippon Airways, JAL group companies include which regional commuter airline with its headquarters in the Terminal Building in Nagoya Airfield and in Toyoyama, Nishikasugai District, Aichi, Japan and its main hub at Nagoya Airfield?",2,562.6258185867669,True
What striker had his best 19 goal season in 2007-8?,2,562.6258185867669,True
Which film directed by Brian Percival is based on a book by Markus Zusak?,0,270.7128447485479,True
What is the other name for this athletics track event in which Papa M'Baye N'Diaye competed at the 1964 Summer Olympics and the 1968 Summer Olympics?,7,2864.271883385668,False
How many troops does the mission that Train Advise Assist Command - South is a part of advise and assist?,7,2864.271883385668,False
Roberto Gil Zuarth served as private secretary to which Mexican president who is a member of the PAN party?,0,270.7128447485479,True
"Fianna Eireann is an Irish nationalist youth organization that was founded by Bulmer Hobson and an Irish revolutionary nationalist, suffragette, and socialist, that was the first woman elected to what?",3,869.0830829186463,True
Twelve-year-old Will is left to live with his aunt and uncle at the end of war that began in what year?,5,1864.9011340246145,True
What year was the man who wrote the music score for A Long Day's Journey into Night born?,2,562.6258185867669,True
Cathode rays were first named by which German physicist?,1,498.6339382509491,True
Scary Movie 5 was released under what independent film distribution label?,2,562.6258185867669,True
"Who was first to win a Grand Slam doubles championship, Heather Watson or Édouard Roger-Vasselin?",4,1424.6899817918095,True
Did Turkish poet Tevfik Fikret spend time living at both Istanbul University and Aşiyan Museum?,0,270.7128447485479,True
On what day was the comedian who hosted the 25th TCA Awards born?,4,1424.6899817918095,True
Karidja Touré starred in the film that was directed by whom?,2,562.6258185867669,True
"Charles Robinson, Jr. was the eight mayor of a town laid out in 1629 by what engineer?",1,498.6339382509491,True
"Who starred in the film in which Hugh Keays-Byrne played ""Toecutter""?",0,270.7128447485479,True
"Who was born first, Frank Capra or Ken Mora?",0,270.7128447485479,True
"What is the capital city of the country, bordred by the Atlantic ocean and Zambia, and where the Phyllogomphus selysi species of dragonfly can be found?",0,270.7128447485479,True
What league did the shortest player ever to play in the NBA play for a team in Rhode Island from?,7,3690.591627007379,False
"Which artist typical of Afro-Surrealism was born October 7, 1963?",3,869.0830829186463,True
What league ranks higher than the one that Lewis Wing plays in?,3,869.0830829186463,True
What nationality were the Tag team wrestlers the Haas Brothers?,0,270.7128447485479,True
Are Cardillac and La donna del lago both operas?,0,270.7128447485479,True
What famous movie series did the star of BBC's One Child play a supporting role in?,0,270.7128447485479,True
"What fort other than Fort James, was built in Accra, Ghana?",0,270.7128447485479,True
"Marvin Cohen has had his play ""The Don Juan and the Non-Don Juan"" read by which voice actor who played Vizzini in ""The Princess Bride""?",0,270.7128447485479,True
 Portland Winterhawks alumni list includes a Danish professional ice hockey right winger born 15 March 1986 currently playing for what NHL Team?,2,562.6258185867669,True
De Wilp is a northeastern village in the Netherlands on the border of Groningen and which other province?,1,498.6339382509491,True
Cindy Williams is an award-winning news anchor for a tv station whose trasmitter is located on what mountain?,7,3690.591627007379,True
Jack Stewart-Clark is the owner of what 15th-century castle?,2,562.6258185867669,True
At which University does the father of the lead singer of The Joggers work ?,7,3690.591627007379,False
"Who did Kelly Mitchell support during the May 3, 2016 Indiana primaries?",1,498.6339382509491,True
"Shirley Manson and Mark Slaughter, have which mutual occupation?",0,270.7128447485479,True
What is the name of the company that John Sinklo may have performed with that inherited the work that is thought to be Shakespeare's first tragedy?,1,498.6339382509491,True
"The American web televison series, which is set in the MCU, stars an actress who is also known as ""what"" for having rolls in horror films such as ""Prom Night"" and ""Vampire Bats""?",2,562.6258185867669,True
"During the war Harry Smith worked at what pharmacy chain located in the United Kingdom, Ireland, Norway, Thailand and other territories?",2,562.6258185867669,True
"What has more locations, Fellini's Pizza or Pie Five Pizza Co.",0,270.7128447485479,True
How many career winds does Jaime Aube have at the Oxford Plains Speedway,7,3690.591627007379,False
What American retailer-owned cooperative sponsors the International Race of Champions?,6,3304.1354063100844,True
"Buddha Mountain is a 2010 drama film, starring witch Taiwanese actor, born 27 August 1983?",2,562.6258185867669,True
Patrick McEnroe and Billie Jean King shared being known for playing what sport?,0,270.7128447485479,True
Which is one of the oldest bridges in the United States located in the Fulton Ferry district in Brooklyn?,1,498.6339382509491,True
What Malcolm Forbes list did Thomas S. Ricketts wealth appear on?,0,270.7128447485479,True
How many gatherings take place every Sunday at the church that Pascoe St Leger Grenfell donated an acre of land for?,7,2864.271883385668,False
Mindon Row is a street in which Hong Kong District?,7,2864.271883385668,False
Are Steve Dildarian and Mia Tyler both former advertising copywriters?,0,270.7128447485479,True
"Which artist recorded more tracks, Mark Rankin or Steve Lukather?",7,2864.271883385668,False
Which wildlife sanctuary is located in the town in which the Hollis/Brookline High School services?,7,2864.271883385668,False
John Jett won s Super Bowl ring in Super Bowl XXX and another Super Bowl game played in what arena?,0,270.7128447485479,True
What American actor starred in Home Again and Saturday Night Live?,7,3690.591627007379,False
"Svetlana Zakharova is a Russian long-distance runner, which international marathon in Honolulu, Hawaii, she won three times?",0,270.7128447485479,True
Murder in a Blue World starred which American businessman?,3,869.0830829186463,True
"Andrew Jarman is the older brother of a former Australian rules footballer who amassed how many games of senior football at AFL, SANFL, and representative level?",2,562.6258185867669,True
"Esme Melville, was an Australian theatre, television and film actress, she was nominated for Best Supporting Actress for her role of Miss Collard in ""Romulus, My Father"", an Australian drama film, directed by Richard Roxburgh, released in what year?",0,270.7128447485479,True
Which song written by Dallas Frazier is featured on the fifth country studio album by the Oak Ridge Boys?,0,270.7128447485479,True
Mexican Claudia Rivas represents her country in competitions including the Pan-American Games. What kind of athlete is she?,2,562.6258185867669,True
Which team one the oldest association football competition in the world in 2017?,0,270.7128447485479,True
"Fir and Imperata, are a type of tree?",0,270.7128447485479,True
"Greatest Hits Volume 1 is a greatest hits compilation album by The Beatles which was exclusive to Australia and New Zealand, the album was compiled by EMI Australia to fill in the gap, much like which compilation album (subtitled But Goldies!), by the English rock band the Beatles?",1,498.6339382509491,True
"Between Charles M. Schulz–Sonoma County Airport and Lake Hood Seaplane Base, which airport is of a larger scale?",1,498.6339382509491,True
What was Clyde Julian Foley's sixth recorded hit?,2,562.6258185867669,True
Who scripted the film adaptation of a movie based off a novel written in 1979 by Edwin Torres?,7,3690.591627007379,False
Which author whose work has been adapted into 112 films also was a co-author for Open Range.,2,562.6258185867669,True
"Are Danyang, Jiangsu and Dongfang, Hainan both cities in China?",0,270.7128447485479,True
Where did Richard Lindzen work when he proposed the Iris hypothesis?,0,270.7128447485479,True
The Crusades is a 1935 historical adventure film starring an American actress who won an Academy Award in 1948 for her role in what film?,3,869.0830829186463,True
Are both Promenaea and Machaeranthera from North America?,0,270.7128447485479,True
"What singer is the backstreet boy that worked on the show ""boy band"" the older brother of? ",7,3690.591627007379,False
"Meic Stevens is a Welsh singer-songwriter, discovered by which DJ ?",1,498.6339382509491,True
"Jaume Balagueró i Bernat, is a Spanish film director widely known for his horror films, most notably REC, a Spanish zombie horror film, co-written and directed by Jaume Balagueró and Paco Plaza, released in what year?",0,270.7128447485479,True
"Which American singer, songwriter and record producer born in 1977 sang at the 2014 Billboard Music Awards?",7,2864.271883385668,False
What tetralogy was written by Philip Reeve that is a sequel of a series about a woman named Fever Crumb?,0,270.7128447485479,True
"Destination Wedding is an upcoming film starring Keanu Reeves, a Canadian actor, director, producer, and musician, and who?",1,498.6339382509491,True
what does Russian Spaniel and Broholmer have in common?,7,3690.591627007379,False
Are all members of the Epacris and Bulbophyllum genera flowering plants?,0,270.7128447485479,True
What is the name of the college that is named partially after the sovereign Prince of Orange?,7,3690.591627007379,False
 Mapplethorpe is an upcoming film starring  an English actor best known for his role in what science fiction series?,0,270.7128447485479,True
When did Dale Dye work on the miniseries for HBO called The Pacific?,7,3690.591627007379,False
Where is Ruthe Blalock Jones tribe based?,7,2864.271883385668,False
"Who was born first, Kenneth Webb or Victor Fleming?",1,498.6339382509491,True
What player who played college basketball for the University of Arizona plays for the team which plays its home games in the Smoothie King Center?,4,1424.6899817918095,True
For what role is the female star of Ricochet best known?,7,2864.271883385668,False
The Shadow stars the Russian actor who became famous as the lead role in what TV series?,7,2864.271883385668,False
Saiful Azam was with what warfare branch of the Pakistan Armed Forces?,1,498.6339382509491,True
"an American actor, producer, and fashion model whom is best known for his work in a 2000 American comedy film directed by Todd Phillips and written by Scot Armstrong and Phillips, what Syfy horror series is he currently co-starring in?",0,270.7128447485479,True
Whose was the spouse of the the father of the Egyptian chancellor to the pharoah Djoser?,7,3690.591627007379,False
What 2009 BAFTA-winning television film shares a co-star with a British television drama series written by screenwriter Nicole Taylor?,7,4516.91137062909,False
"Mel Duncan holds a degree from what private, coeducational liberal arts college located in Saint Paul, Minnesota, US?",0,270.7128447485479,True
"What American death metal band from Tampa, Florida has Eyes of the Dead opened for?",7,4516.91137062909,False
When was the private Ivy League research university in Hanover established in which  Russell P. Hughes is a  Research Professor in the Department of Chemistry?,0,270.7128447485479,True
"What is the location of this recently retired domed stadium in the southeastern United States, which was developed by the same authority that developed the Georgia World Congress Center?",0,270.7128447485479,True
"What year was the series to which the episode ""Slicked-up Pup"" belongs created?",4,1424.6899817918095,True
"At which University, is the scientist, who along with Jeff Forshaw, wrote the book The Quantum Universe: Everything That Can Happen Does Happen, a professor ?",0,270.7128447485479,True
Are Francoa and Echium both plants?,0,270.7128447485479,True
On which date the former baseball player from Detroit Tigers who worked with Dick Bremer born?,7,2864.271883385668,False
"13 was the first studio album for Black Sabbath with Ozzy Osbourne since an album which was their eighth studio album, which was released when?",2,562.6258185867669,True
"The Billion Dollar Hobo is a 1977 American comedy film starring Will Geer and an actor that is the voice of what ""SpongeBob SquarePants"" character? ",7,3690.591627007379,False
In what year was the University who operates KVSC 88.1 FM founded?,2,562.6258185867669,True
"Akira Yoshizawa was given the Order of the Rising Sun, 5th class, award by Hirohito during what era in Japanese history?",7,2864.271883385668,False
Edwin Gagiano won Best Actor Award as Alf Bueller in a show written by who?,7,2864.271883385668,False
Robert John Bardo was convicted for the murder of which American model and actress?,1,498.6339382509491,True
"Vilayat Khan helped introduce Indian Classical Music to the West, along with what other musician who was a student of Baba Allauddin Khan?",7,3690.591627007379,False
The TV campaign for the brand No7 uses a tune by a singer born in what city?,7,3690.591627007379,False
Who is the father of AFL medium-sized forward Tory Dickson?,1,498.6339382509491,True
In what city was the person that discovered British singer-songwriter Kavana based?,7,2864.271883385668,True
Where was the musician who Jake Davis first gained recognition by covering from?,7,2864.271883385668,False
What soldier born in September 1849 was part of the military campaign started by the US Army in 1874 to remove natives?,7,3690.591627007379,False
Which city in Upper Austria did 2017 European Under-23 Baseball Championship hold,2,562.6258185867669,True
"Which editor created by Allan Odgaard does the standlaone code editor, Ace, is aimed at improving upon?",0,270.7128447485479,True
Which year did Alvin Cheng organize the rally with his schoolmates in support of the hong kong umbrella movement?,0,270.7128447485479,True
Which battle to which Æthelwulf of Berkshire lost his life was a battle on 4 January 871 at Reading in what is now the English county of Berkshire?,2,562.6258185867669,True
Who held notable victories against the Lebanese-born Syrian-German professional boxer?,5,1864.9011340246145,True
"Where is  unincorporated area and census-designated place which , Takoma Langley Crossroads Transit Center is in located ",7,3690.591627007379,False
When was the American retired professional basketball player born who was re-signed to Warriors during the offseason of  2000–01 NBA?,7,2864.271883385668,False
"What is the name of this pre-school brand owned and distributed by Turner, on which Can Sandion broadcast the show ""Hi-5""?",4,1424.6899817918095,True
How many albums has the singer and songwriter who wrote Lolita and performs under the stage name LP released?,7,3690.591627007379,False
What CD music retailer operates in the most densely populated borough of New York City?,2,562.6258185867669,True
"Émile Driant was the first high-ranking casualty in the largest  and longest battle of the First World War on the Western Front between the German and French armies, fought when?",7,3690.591627007379,False
"Vittorio ""Little Vic"" Amuso, is a New York mobster and boss of the Lucchese crime family, he is currently serving a life sentence at which medium-security United States federal prison for male inmates in Maryland?",1,498.6339382509491,True
"Who is older, Colin Hay or David Draiman?",0,270.7128447485479,True
Eddie Cahill is best known for portraying a retired American ice hockey goaltender who was part of the 1980 U.S. hockey team that won the gold medal at the Olympic games that were held where?,1,498.6339382509491,True
what was the profession of both Tom Verlaine and  Marti Pellow,0,270.7128447485479,True
What type of aircraft can be used in congested or isolated areas and is used at Langley Regional Airport?,0,270.7128447485479,True
The city where Benton County State Bank Building is in had a population of what as of the 2010 United States Census?,4,1424.6899817918095,True
What soap opera created by Alan Bateman stars George Mason?,0,270.7128447485479,True
"What state did the actress, who played Cindy Campbell in a 2001 horror film, grow up in?",2,562.6258185867669,True
What was the nationality of the man with whom Hans Loewald studied philosophy? ,3,869.0830829186463,True
"What year did the man, who was impersonated by Roger Kitter in the Lego advertisement, die of a heart attack?",0,270.7128447485479,True
What do Hedley Mascot Mine and Ruth Mine have in common?,4,1424.6899817918095,True
"What is a genus of more species, Cestrum or Bauhinia?",0,270.7128447485479,True
Who did the host of Nickelodeon's 1st Annual Kids' Choice Sports Awards play in the NFL for?,7,3690.591627007379,False
Who did the choreography for The New Irving Berlin Musical?,7,3690.591627007379,False
What irish comedy duo has the number two Irish Christmas single in 2010?,0,270.7128447485479,True
Which English-language Spanish supernatural drama horror film did Andrés Muschietti directed ,0,270.7128447485479,True
Where is the state park that provices access toa single 93 mi river that flows northwestward through the southern Appalachian Mountains>,7,2864.271883385668,False
What is an alias of the parent route of U.S. Route 366?,7,2864.271883385668,False
"What weather radio station serves ta US state  that had a population of 110,925 at the 2010 census?",7,2864.271883385668,False
"What type of physical activity does Red, White & Crüe and Mike Tyson have in common?",7,2864.271883385668,False
"Of the two artists, Yannis Philippakis and Dorothee Pesch, whose country of origin is geographically closer to Austria?",1,498.6339382509491,True
Under the Cherry Moon stars the English Actress who won a 1979 BAFTA for what serial?,4,1424.6899817918095,True
Which Movie with Michael Sinelnikoff was directed by Bill Paxton ?,7,2864.271883385668,False
"Which son of a key member of the original New York City circle of the Beat Generation was born on August 2, 1955?",7,3690.591627007379,False
CityJet destinations has a wet-lease with a carrier with HQ located where?,7,2864.271883385668,False
Who now owns the resort that reflects Mandalay Resort Group's former name?,2,562.6258185867669,True
What does the sister magazine to Soap Opera Weekly cover in its magazine?,7,2864.271883385668,False
The designers of the Horten H.XVIII also designed the world's first jet-powered flying wing known by what name?,0,270.7128447485479,True
"What was this major international multi-sport event, with the opening ceremonies taking place on 27 July, and in which the South African field hockey player Bernadette Coston competed for the outh Africa women's national field hockey team?",2,562.6258185867669,True
"What two dimensions are mentioned when looking into the theory of the American social psychologist, author, and lecturer born in 1972?",7,3690.591627007379,False
Which English actress starred in both the televisions shows Trinity and Outnumbered?,3,869.0830829186463,True
"The musician that plays the sax solo on the Great White song ""Gone with the Wind"" is a member of a band inducted in to the Rock and Roll Hall of Fame in what year?",7,3690.591627007379,False
"Who has more scope of profession, Géza von Cziffra or Henry Selick?",0,270.7128447485479,True
Dead-cakes are often eaten at a gathering held before what event?,0,270.7128447485479,True
"In 2016 how many students were enrolled in the University where, Oscar Jacobson was director of the art department  ? ",7,2864.271883385668,False
What island has parts leased to Macau and a bridge to Macau?,5,1864.9011340246145,True
Did the magazine Chatelaine or the magazine W start publishing earlier?,0,270.7128447485479,True
Alexander Payne and Jim Taylor co-wrote a film with music by who?,7,2864.271883385668,False
" What man-portable, counter-radio-controlled improvised explosive device (IED) jammer was built by a corporation headquartered in Sparks, Nevada?",2,562.6258185867669,True
When was the nephew of George Alexander born?,7,3690.591627007379,False
Where is the family the writer of The Beastly Bombing  made a documentary about from?,7,3690.591627007379,False
Pey Azhwar is one of twelve azhwar saints of what Indian religion?,1,498.6339382509491,True
What year did Ritesh Sidhwani make his first film under the banner of Excel Entertainment?,2,562.6258185867669,True
Were Elem Klimov ad Michael Haneke both film directors?,0,270.7128447485479,True
"The song ""Your Mother Should Know"" is based on a line from a film released in what year?",4,1424.6899817918095,True
Pennsylvania Route 380 ends near what multi-purpose indoor arena?,2,562.6258185867669,True
"Le'Bryan Nash (born June 30, 1992) is an American professional basketball player who last played for the Rio Grande Valley Vipers, a basketball team in the NBA G League, they play their home games at the State Farm Arena, in Hidalgo in which state?",0,270.7128447485479,True
What city does Lilli Cooper and Fiorello H. LaGuardia High School have in common?,0,270.7128447485479,True
"What tragedy by William Shakespeare involves a norwegian crown prince and a character named ""Horatio""?",0,270.7128447485479,True
"Which actress who starred in ""Violet and Daisy"" also won a Primetime Emmy Award for her work on the Hulu drama series ""The Handmaid's Tale""?",7,2864.271883385668,False
What professional football club Ronnie Simpson was involved in was founded in 1887?,7,2864.271883385668,False
" Frankie & Alice is a 2010 Canadian drama film directed by Geoffrey Sax starring Halle Berry, who won what award for Best Actress for her performance in the romantic drama ""Monster's Ball"" ?",2,562.6258185867669,True
"In addition to her role in ATL, what role did Lauren London play in the BET Comedy-drama ""The Game""?",1,498.6339382509491,True
"What is the name of this American television personality and musician, who is the best friend of Rob Dyrdek with whom he starred in a reality television series?",2,562.6258185867669,True
"Who is the husband of the actress that plays Carol Stills in the ""Sex Ed"" episode of ""The Office""?",2,562.6258185867669,True
Jerry Schumacher coached the American long distance runner who won what medal at the 2008 Olympics?,2,562.6258185867669,True
"Which American lobbyist, lawyer and politician was once defeated by Bel Edwards?",0,270.7128447485479,True
"In regards to Mervyn Peake and Robert Erskine Childers, whose works included the influential novel ""The Riddle of the Sands.""",0,270.7128447485479,True
Which plant was named after a Greek Physician Dioscorea or Briza?,0,270.7128447485479,True
Richard Philip Godwin was Project Director for a nuclear-powered merchant ship that cost how much to build?,2,562.6258185867669,True
What is the nationality of the writer and director of the film The Tree of Life?,0,270.7128447485479,True
"Which film is an American science-fiction fantasy movie, Home on the Range or A Wrinkle in Time?",0,270.7128447485479,True
What is the birth date of the actor who portrays the highly skilled killer relying on his brute strength and improvising any situation to quickly dispatch his victims?,4,1424.6899817918095,True
"What was the nickname given to the player at the University of Notre Dame where he played wide receiver on the school's 1988 national champion team, by  A six-time honoree of the National Sports Media Association's ""National Sportscaster of the Year"" award?",7,3690.591627007379,False
David Pastrňák was selected by the Bruins in a draft held in what city and state?,7,2864.271883385668,False
"What was the artist behind Historia de un Ídolo, Vol. 1, a compilation album released in 2002,Vicente Fernández's nickname?",0,270.7128447485479,True
"What club headquarters is located in the city of Lyon, that had a French former footballer who played as a winger or an attacking midfielder pass through the youth training center?",0,270.7128447485479,True
"The Lisunov Li-2, originally designated PS-84, was a license-built version of the Douglas DC-3, a fixed-wing propeller-driven airliner, its lasting effect on the airline industry, and which event makes it one of the most significant transport aircraft ever made?",0,270.7128447485479,True
Was Duluth Ship Canal or Cross Florida Barge Canal cancelled for environmental reasons?,0,270.7128447485479,True
"The actor who has starred in ""Stepmom"" and ""The Right Stuff"" is currently in which HBO sci-fi drama series?",4,1424.6899817918095,True
What is the 2016  population of the city where The Old Bar was sited? ,4,1424.6899817918095,True
"Donald Paul Kirkwood is a retired professional baseball player, who played five seasons, he attended which public university, located in the cities of Auburn Hills, and Rochester Hills, Michigan?",2,562.6258185867669,True
"Which important religious, art, and architecture city in India had Pacchimiriam Adiyappa as a court musician in the 18th century?",1,498.6339382509491,True
The Kinniya Divisional Secratariat is a secratariat of a country located southeast of what other country?,7,2864.271883385668,False
"Where is the Head Office of the starter of the No issue, lelo tissue ad campaign?",3,869.0830829186463,True
"Name another movie the actor who played Bullock in the fifth episode of the television series ""Gotham"" starred in ?",7,2864.271883385668,False
 Montrose Regional Airport a public airport as opposed to Luis Muñoz Marín International Airport which is what?,2,562.6258185867669,True
What is the name of the grandma who is featured in the 2016 film starring Cha Hak-yeon?,7,3690.591627007379,False
Who were the creators of the long-running British soap opera in which Alison Pargeter plays the role of Sarah Cairns?,7,2864.271883385668,False
GoldenEye: Rogue Agent is a game published by a video game company founded by who?,7,2864.271883385668,False
Which destroyer was named after a United States Navy officer Navy Cross recipient?,7,3690.591627007379,False
Are Thunbergia and Teucrium part of the same family?,0,270.7128447485479,True
"Where was the band formed that recorded the song ""While You Loved Me""?",7,2864.271883385668,False
"Along with the New York Islanders and the New York Rangers, which other NHL franchise is popular in the New York metropolitan area?",0,270.7128447485479,True
What beverage do both Cervecería Nacional Dominicana and Ambev produce?,0,270.7128447485479,True
The Indianapolis 500 was designated a Grand Épreuve along with one of the oldest motor races in what?,7,2864.271883385668,False
"Between the two American bands The Gaslight Anthem and Squirrel Nut Zippers, which band was formed earlier?",0,270.7128447485479,True
In what city is the high school which was attended by the football player drafted by the New England Patriots seventh overall in the 1996 NFL Draft located?,7,3690.591627007379,False
 The Railway Hotel was used in a film about what Cambodian regime?,0,270.7128447485479,True
"Patty Hill is perhaps best known for co-writing, with her sister Mildred Hill a song that was translated into how many languages ?",7,2864.271883385668,False
What is the date of birth for the author of the poem The Story of Sigurd the Volsung?,7,2864.271883385668,False
"Who was the DJ of the compilation album partially produced by an English cricketer born in Christchurch, New Zealand?",7,3690.591627007379,False
"In what year was the writer of the opera ""Mazeppa"" born?",2,562.6258185867669,True
"Natalie Westling is most notable for dying her hair red for the Marc Jacobs campaign with a singer that played what character on the series ""Hanna Montana""?",3,869.0830829186463,True
"Who was one of the lead singers of the boy band Westlife from 1998 to 2012, Markus Feehily or  Yeo Hoon-min?",7,2864.271883385668,False
"What Florida city is the duo behind ""The Anthem of the Outcast"" from?",7,2864.271883385668,False
"The character played by Michael Gambon in the ""Harry Potter"" series was the founder of what organization?",0,270.7128447485479,True
What year was the prison holding one of the two arrestees in the 18 September 2014 counter-terrorism raid opened?,4,1424.6899817918095,True
"One Love is the fourth studio album by French DJ David Guetta, first released in the United Kingdom on 24 August 2009 through Virgin Records, it spawned a total of six worldwide hit singles throughout 2009 and 2010, including which song by French DJ David Guetta from the reissue of his fourth studio album, the song featured which Barbadian recording artist ?",0,270.7128447485479,True
Who painted the first portrait of the man known as Bonnie Prince Charlie?,2,562.6258185867669,True
What do Georgy Adelson-Velsky and Leonid Levin have in common?,7,3690.591627007379,False
Butautas attempted to depose the uncle who ruled the Lithuanians during what period?,7,3690.591627007379,False
Are Gaz Coombes and Petri Lindroos both vocalists?,0,270.7128447485479,True
To which taxonomical category do both Phellodendron and Boltonia belong?,7,2864.271883385668,True
what premier league team did john carlin play for in 1902?,7,2864.271883385668,False
"Thomas Ritter  is a retired German footballer who played one game for Germany in 1993 against Uruguay, as a substitute for Stefan Effenberg, a retired German footballer who last managed what club?",1,498.6339382509491,True
Ziegfeld Follies is a 1946 American musical comedy film starring an american film actress who was also a what?,3,869.0830829186463,True
"Where was the songwriter who wrote the songs for the album ""Song Hits from Holiday Inn"" born?",7,3690.591627007379,False
What was the population in 2010 of the city where Irwin Stadium is located ?,7,2864.271883385668,False
What is the birth date of the star of Igualita a mí not named Adrian Suar?,4,1424.6899817918095,True
"Mount Cammerer is a mountain on the northeastern fringe of the Great Smoky Mountains, the Appalachian Trail traverses Cammerer's south slope and a restored fire lookout at the summit offers panoramic views of the eastern Smokies, Cocke County, and which physiographic province of the larger Appalachian Mountains range?",1,498.6339382509491,True
"Frozen Ever After is a dark water ride attraction in Epcot at the Walt Disney World Resort, it opened on June 21, 2016 and replaced the former Maelstrom attraction, Maelstrom was a log flume dark ride attraction located in the Epcot theme park, at Walt Disney World Resort, in which state?",0,270.7128447485479,True
"The Delamere Way is a footpath running from Frodsham to Stockton Heath, a civil parish and suburb of Warrington, Cheshire in which country?",1,498.6339382509491,True
Can you name a movie that Josh Hartnett starred in after making O?,7,2864.271883385668,False
What insturument type did Dickie Peterson and Ely Buendia have in common?,7,2864.271883385668,False
How long has Princess Margaretha of Liechtenstein's brother reigned as Grand Duke?,7,3690.591627007379,False
which state in northern India is Trans-Karakoram Tract claimed by India as part of the state of ,0,270.7128447485479,True
"Genesee Cream Ale is a cold fermented, alcohlic beverage produced by a brewery located along which river ?",0,270.7128447485479,True
Showbiz Tycoon is a semi-biographical drama based on the life of a Hong Kong mogul that died in what year?,4,1424.6899817918095,True
"Josue Larose is a organizer from a city in Broward County, Florida. Which city?",2,562.6258185867669,True
"Which building is older, the Mısır Apartment or the Abdi İpekçi Arena?",0,270.7128447485479,True
"Gregg Rolie and Rob Tyner, are a keyboardist?",7,2864.271883385668,False
"The Merchant of Venice is a 16th-century play by William Shakespeare in which a merchant in Venice must default on a large loan provided by an abused Jewish moneylender, notable is Portia's speech about which titled quote by Portia in William Shakespeare's ""The Merchant of Venice""; it occurs during Act IV, Scene 1, set in a Venetian Court of Justice?",1,498.6339382509491,True
What was the exact date of the accident that Miracle landing is based on?,2,562.6258185867669,True
"Rachel (Sarenka) Zylberberg, was an underground activist and participant in the Warsaw Ghetto Uprising, after the German invasion of Poland at the onset of World War II, she left the capital for which was one of 16 Voivodeships in the Second Polish Republic, with the capital in Wilno (now Vilnius, Lithuania)?",1,498.6339382509491,True
"Alanna Noel Ubach (born October 3, 1975) is an American actress and singer of Puerto Rican and Mexican descent, she has provided voices for several characters in a number of animated television shows and movies, such as four characters in which 2011 American 3D computer-animated Western action comedy film, an Oscar-winning animated film, directed by Gore Verbinski?",0,270.7128447485479,True
"In the 2005 film ""Shooting Gallery"" Freddie Prinze, Jr. plays a character whose deceptive acts are often called what?",7,2864.271883385668,False
Are Raoul Walsh and Puneet Sira both British directors?,0,270.7128447485479,True
"Which university is located in more cities, the Massachusetts Institute of Technology or the University of Minnesota?",0,270.7128447485479,True
Are both Hello Mr. and Herald American published works?,0,270.7128447485479,True
The 9/12 Tea Party was a political rally sparked after a 2009 call from which reporter?,1,498.6339382509491,True
The Black Candle is a documentary film about a celebration created by who?,3,869.0830829186463,True
" ""Mandrake Root"" is a song by the globe's loudest band as listed in what book from 1975?",7,3690.591627007379,False
"When did the sixth season premiere of the show whose 12th episode of that season is called ""False Positive""?",4,1424.6899817918095,True
Which other other major ocean liner for the British Cunard Line preceded the ocean liner that was featured in a book of photographs by Philip Plisson?,0,270.7128447485479,True
From what city was high-lying bass singer and conductor Gotthold Schwarz from?,7,2864.271883385668,False
Who directed the film that chronicled Stephen Kaplan's attempt to prove thatt the Amityville Horror hauntings were a hoax?,4,1424.6899817918095,True
Are both Karamay and Meihekou transportation hubs?,0,270.7128447485479,True
Which of the following strategy games is based on the German electoral system: Die Macher or ZÈRTZ?,0,270.7128447485479,True
Howl-O-Scream is an event that occurs at the largest SeaWorld theme park in which Texas city?,0,270.7128447485479,True
Which American actress starred in Whit Stillman's movie Damsels in Distress?,1,498.6339382509491,True
The Toyota Owners 400 was sponsored from 2007 to 2011 by a brand that is owned by which company?,2,562.6258185867669,True
What actress and model was the mistress to Admiral Haratio Nelson? ,0,270.7128447485479,True
"Who is currently best known for their single ""Weatherman"" from their debut eponymous album ""Dead Sara"", Young Guns or Dead Sara ?",0,270.7128447485479,True
"Who wrote more works, J. M. G. Le Clézio or Ogden Nash?",2,562.6258185867669,True
Till-Holger Borchert is the chief curator of a museum in the capital city of what province?,4,1424.6899817918095,True
 A Decent Ride is a novel that takes place 10 years after which 2002 Irvine Welsh novel?,0,270.7128447485479,True
"""Rikki-Tikki-Tavi"" is a short story by an author that died in what year?",0,270.7128447485479,True
"Osama, written by what Israeli-born writer, won the 2012 World Fantasy Award for Best Novel beating out a novel about a time traveler who attempts to prevent the assassination of President John F. Kennedy written by Stephen King?",7,3690.591627007379,False
"Which director is American, Tom Forman or Arturo Ripstein?",0,270.7128447485479,True
"What member of the country music group Blackhawk plays guitar and also helped write the song ""Days of America""?  ",7,3690.591627007379,False
The 2016–17 Santa Clara Broncos men's basketball team represented what university that was founded in 1851,0,270.7128447485479,True
Was Federico Fellini or John M. Stahl born first?,7,2864.271883385668,False
The New Exhibition Hall was designed by an Italian architect who is the head of what company?,3,869.0830829186463,True
"Which began their carrer first, Zoltan Korda or Claude Sautet?",0,270.7128447485479,True
Which NCAA Division I collegiate athletic conference did the 2016 Washington State Cougars football team play in?,2,562.6258185867669,True
What was the name of the fighter jet flown by the subject of John Barron's 1980 biography?,7,2864.271883385668,False
what does Fatal Termination and Robin Shou have in common?,7,4516.91137062909,False
"Louise Wiker is a Swedish long-distance runner, she competed in the marathon event at the fifteenth edition of the IAAF World Championships, was held 22–30 August 2015 in Beijing, China, event title?",2,562.6258185867669,True
"The T-Type is a series of Buick automobiles that were popular during the 1980s, this marketing approach for Buick products, was a revival of a similar approach used in the 1960s (and later revived in the 1990s) with which vehicle designation, this name has been used on several high-performance cars built by Buick since 1965?",1,498.6339382509491,True
The 28th Test and Evaluation Squadron of the Air Force operating out of Okaloosa County in Florida is based at which Air Force base?,0,270.7128447485479,True
"The Mosaic covenant are recorded in the first five books of the Hebrew Bible, which also sometimes refers primarily to the Torah or first five books of the Hebrew Bible?",7,2864.271883385668,False
how is Karl von Eberstein and Sturmabteilung related?,7,3690.591627007379,False
"The lead female actress in ""City of Angels"" began her acting career in which year ?",3,869.0830829186463,True
Both Howard University Hospital and George Washington University Hospital located in which place?,0,270.7128447485479,True
Rafael Ynoa plays left-field for the MLB team based in what Colorado city?,0,270.7128447485479,True
When did the police procedural series starring William Estes debut?,3,869.0830829186463,True
Federated States of Micronesia held their Micronesian parliamentary election on?,7,2864.271883385668,False
"Titan and Balderdash, are which specific type of entertainment?",2,562.6258185867669,True
Who was born in 1868 and performed the oil drop experiment?,0,270.7128447485479,True
The 1st Battle of Kharkov was named so by a German field army born in which year ?,6,3304.1354063100844,True
"What book are the old ones, that exist on different planes of existence simultaneously apart of?",7,3690.591627007379,False
"Israeli actress, Odeya Rush, is known for her lead role in 2015 American horror comedy film based on the children's book series created by what author?",0,270.7128447485479,True
"The host of the American version of ""Punchlines"" hosted how many shows in his career?",7,2864.271883385668,False
Heavy Gear II is a sequel to a game that was released in what year?,0,270.7128447485479,True
Are Kasabian and Jawbox both from England?,0,270.7128447485479,True
 Lauren McCrostie is best known for her role in a 2014 British mystery drama film written and directed by who?,7,2864.271883385668,False
"Who was born earliest, Carl Maria von Weber or Charles Gounod?",0,270.7128447485479,True
What year was the novel that inspired the 1979 movie Robert Dalva appeared in published?,7,3690.591627007379,False
Who was known for his promotion of inoculation for disease prevention and owned the slave Onesimus?,1,498.6339382509491,True
"Who was a Senegalese writer, Edward L. Cahn or Khady Sylla?",0,270.7128447485479,True
"When did the Australian rail freight operator, whose main commodities included Aluminium oxide, become part of QR National?",2,562.6258185867669,True
"Who created the Cartoon Network cartoon, Craig McCracken is known for writings and storyboarding for?",7,2864.271883385668,False
"Which star of the TV series ""Will & Grace"" also appears in the film The Sisters?",2,562.6258185867669,True
"The father of the child who's death inspired ""Tears in Heaven"" was named number five in what magazine's ""The 10 Best Electric Guitar Players""? ",4,1424.6899817918095,True
Even Cowgirls Get the Blues was directed by the painted and photographer of what nationality?,0,270.7128447485479,True
Are Smyrnium and Nymania both types of plant?,2,562.6258185867669,True
"When did the Emperor of the French rule, whose last victorious battle was also The Battle of Saint-Dizier?",7,2864.271883385668,False
Are Augie March and James Iha both rock musicians?,0,270.7128447485479,True
"Penlee Point, the coastal headland to the SW of the village of Rame in southeast Cornwall, UK, lies at the entrance of what body of water? ",1,498.6339382509491,True
What industry makes both Dana Ivey and Rush Hour 3 popular?,2,562.6258185867669,True
What is similarity between Ivor Gurney and Robert Walser?,7,3690.591627007379,False
Taylor Swift released a song that was produced by who? ,2,562.6258185867669,True
"The actor that played Gomer Pyle on ""The Andy Griffith Show"" also co-starred with Dolly Parton in what 1982 musical?",2,562.6258185867669,True
Snow Pink was released by a group formed by what company? ,7,2864.271883385668,False
Which river flows through the valley with which the AM radio station WWJZ serves?,7,3690.591627007379,False
Who wrote the book on which a musical was based which featured the song She Used to Be Mine?,7,3690.591627007379,False
Are Hans Fallada and John Buchan both from the same country ?,0,270.7128447485479,True
"""The Closer I Get to You"" is a romantic ballad performed by African American jazz, soul, R&B, and folk singer-songwriter Roberta Flack and which  American jazz, blues, soul and gospel singer, songwriter, arranger and pianist, that signed with Atlantic Records in 1969?",0,270.7128447485479,True
"What extract is said to have certain cosmetic and hair-growth properties when using hexane, ethyl acetate, ethanol, water, methanol, or dimethyl carbinol as extractants?",7,3690.591627007379,False
"Salvatore Accardo is known for his interpretations of the works of what Italian violinist, violist, guitarist and composer?",0,270.7128447485479,True
Are both W. B. Yeats and Anita Loos a writer?,0,270.7128447485479,True
What was the population in 2010 of the city where the Mount Moriah Cemetery is located?,7,2864.271883385668,False
"Which is longer, the Madera Canal or the All-American Canal?",0,270.7128447485479,True
Does Tori Amos or John Wetton play the piano?,7,2864.271883385668,False
In between The Postal Service and Chagall Guevara which one was formed in 1989?,0,270.7128447485479,True
What award winning game is a reboot of the franchise developed by id Software?,2,562.6258185867669,True
"Ruan Zhenduo served in many cabinet-level positions in what puppet state in Northeast China and Inner Mongolia, which was governed under a form of constitutional monarchy?",0,270.7128447485479,True
In what year was the court case that upheld the constitutionality of the Special Division?,0,270.7128447485479,True
What do Holger-Madsen and Tony Scott have in common?,6,4109.226608892913,True
The third single off Tim McGraw's twelfth studio album features which two artists?,7,3690.591627007379,False
In between Jason Schwartzman and Derrick Green who joined the band Sepultura in 1997?,0,270.7128447485479,True
What is the purpose of the program that distinguishes a senior military college?,7,4516.91137062909,False
"Blood Ritual was released by which band formed in Sion, Switzerland?",1,498.6339382509491,True
Who wrote Doomquest which establishes Doctor Doom as a member of his rogues gallery?,2,562.6258185867669,True
The person William Mein Smith worked as the Surveyor General for from 1840 to 1843 was born on what date?,7,2864.271883385668,False
"In what year was the nominate cheetah subspecies, that makes the Entabeni Game Reserve it's home, classified as Vulnerable by the IUCN?",2,562.6258185867669,True
In what year was the bank which currently majority owns Euroinvestor founded?,7,2864.271883385668,False
SLS station was just south of those that were designed to give access to the RV park and casino in what Nevada suburb?,2,562.6258185867669,True
"Rue McClanahan, known for her role as Blanche Devereaux on ""The Golden Girls"" had the opportunity to reunite with what co-stars in the show Ladies Man?",1,498.6339382509491,True
Phillip Hill-Pearson worked on the British television film with which actor who played Jimmy Murphy?,2,562.6258185867669,True
What was the cost of the project for which Richard Godwin worked as a Nuclear Engineer and Project Director for the Atomic Energy Commission?,7,2864.271883385668,False
Are Adam Gontier and Björk both singers?,0,270.7128447485479,True
Beth Quist can play the national musical instrument of what country?,2,562.6258185867669,True
"Angiotensin, a peptide hormone, stimulates the release of the main mineralocorticoid hormone from what part of the adrenal gland?",7,3690.591627007379,False
"Which ""Outlaw"" star was nominated for an Emmy in 2013?",7,3690.591627007379,False
"Which is a private university, Ohio State University or Syracuse University?",0,270.7128447485479,True
In which year was this military base established that functioned as a World War II armament storage depot and is located near Seal Islands?,0,270.7128447485479,True
"Princess Maria-Olympia is the only daughter of the eldest son and second child of Constantine II, who was the last king of Greece from 1964 until when?",0,270.7128447485479,True
Love the Way You Lie was part of a medley that included the song from what 5th Rihanna album?,0,270.7128447485479,True
Who is  Georgia O'Keeffe?,7,3690.591627007379,True
What fictional Marvel Comics superhero team uses the Leapfrog as their main transportation?,7,2864.271883385668,False
What Virginian explorer passed through an area near the Clinch River?,7,3690.591627007379,False
"Which Italian-born French composer, instrumentalist, and dancer produced music for the French opera Thésée?",0,270.7128447485479,True
When was the YouTuber born who has association with Dennis Darrell Roady and who's Youtube username is VitalyzdTv?,2,562.6258185867669,True
What is the release date of the film in which Noah Lomax played the character Lewis?,7,2864.271883385668,False
In what year did the American baseball player Mark McGwire win the Man of the Year Award?,2,562.6258185867669,True
"Which filmmaker was born first, René Clair or Emilio Fernández?",0,270.7128447485479,True
Aladdin's Problem is a 1983 novella by a highly decorated German soldier who became famous for what World War I memoir?,3,869.0830829186463,True
This UFC fighter's brother is and actor and what other profession?,7,3690.591627007379,False
Herbert James Haddockwas captain of British transatlantic ocean liner which gained what nickname?,4,1424.6899817918095,True
"Leff Nicolas Pouishnoff played works by which Austrian composer born on January 31, 1979?",2,562.6258185867669,True
Rockland Railroad Station has been leased to what Class III freight railroad operating in the U.S. states of Maine and Vermont and the Canadian province of Quebec ,2,562.6258185867669,True
Are Alan Dean Foster and Morris West both novelists?,0,270.7128447485479,True
"Las Vegas Uncork'd has had a partnership over the years with which luxury hotel and resort located in Paradise, Nevada?",7,2864.271883385668,False
Which American hip hop artist had his film debut in 'Get Rich or Die Tryin' which featured his song 'I'll Whip Ya Head Boy' as the intro to the film?,0,270.7128447485479,True
"Arms is a song by American singer-songwriter Christina Perri, in 2017, it passed Auli'i Cravalho's, ""How Far I'll Go"" from which 2016, American 3D computer-animated Disney movie?",0,270.7128447485479,True
The present observation of Greenery is a holiday that stems from the celebration of a birthday of an emperor whose name means what in English ?,7,3690.591627007379,False
What company services Croydon and operated the Thameslink Great Northern franchise?,7,2864.271883385668,False
In the foothills of what mountain is the oldest continually operating brewery in Australia?,3,869.0830829186463,True
September Song was a film that starred the musician of what nationality?,2,562.6258185867669,True
What episode was directed by Jim Reardon and also inspired the sixteenth episode of another animated series?,7,2864.271883385668,False
What kind of music did Old School Flava and Grandmaster Flash and the Furious five create?,7,2864.271883385668,False
 Tekno Team 2000 was composed of Travis and this wrestler born in what year?,7,2864.271883385668,False
Don Chaney's predecessor as head coach went on to be a color commentor for what cable channel?,0,270.7128447485479,True
"Formerly titled the Collegiate Church of St Peter at Westminster, of which church was John Fecknam the last abbot?",0,270.7128447485479,True
"Mike Bellamy, a former American football player, enrolled in which college, formerly known as East Mississippi Junior College (EMJC)? ",0,270.7128447485479,True
In what month did the both the Battle of Kulcullen occur and the Irish Rebellion start?,2,562.6258185867669,True
To The Point is hosted by which former Australian politician?,2,562.6258185867669,True
What type of music does Big Data and Underworld have in common?,0,270.7128447485479,True
When was the settlement Joseph Smith was en route to when he died first built?,4,1424.6899817918095,True
"Which game was developed first, Cranium or Thurn and Taxis?",0,270.7128447485479,True
Ted Leadbitter's successor is president of what international think tank?,2,562.6258185867669,True
Are Yanzhou District and Shangqiu both located in China?,0,270.7128447485479,True
"Who won first place in the 2003 World Series of Poker, leaving Jason Lester in 4th place?",0,270.7128447485479,True
What rock band formed in New York in 1981 worked with Martin Bisi?,0,270.7128447485479,True
"Which drink, the Godfather or Negus, is a mix of two types of alcohol?",2,562.6258185867669,True
"The final for the 2015–16 DFB-Pokal was played in which sports stadium in Berlin, Germany?",0,270.7128447485479,True
"Which movie, starring Tobin Bell, had a video game released one week prior to its premier?",7,3690.591627007379,False
What is the nickname of Sara Carbonero's husband Iker Casillas?,1,498.6339382509491,True
The AXIS is an auditorium located at a hotel and casino owned by what corporation?,3,869.0830829186463,True
 Heathcliff Andrew Ledger was an Australian actor whose work included a fantasy film directed by who?,7,2864.271883385668,False
Thomas Bangalter recorded compositions for a 2002 French art psychological horror drama film that employs what kind of narrative?,0,270.7128447485479,True
"Who would be older if they were still alive today, Donald Cammell or Peter Bogdanovich?",7,4516.91137062909,False
"What ethnicity is the director of the indie film ""The Truth About Emanuel""?",3,869.0830829186463,True
"Both Tunxi District and Aral, Xinjiang, are situated in which country?",0,270.7128447485479,True
The Rieder Automatic Rifle was a model made by the company that created firearms for the forces of what country?,7,2864.271883385668,False
What post apocalyptic action film based on a novel by Francis Lawrence was directoed by Neal H. Moritz?,0,270.7128447485479,True
What year was id Tech 5 first used in a video game?,0,270.7128447485479,True
When was the wife of the man known by the nickname Boston Rob born?,3,869.0830829186463,True
What was the estimated population in 2017 of the city where the 2016 Rally Australia was held?,4,1424.6899817918095,True
"Which breed of dog is decended from bloodhounds, Greater Swiss Mountain Dog or Hanover Hound?",0,270.7128447485479,True
ToryBoy The Movie and Divine Trash are both what genre of film?,2,562.6258185867669,True
Which Russian linguist was a member of the Kazan School?,1,498.6339382509491,True
What province is the Pashto cinema located in?,2,562.6258185867669,True
What is the middle name of the daughter of Paul M. Fleiss?,4,1424.6899817918095,True
Princess Aisha bint Hussein is the sister of the King who has ruled since what year?,2,562.6258185867669,True
The comedian and actor Breckiin Meyer can be seen in which movie that involves traveling 1800 miles to retrieve a tape?,0,270.7128447485479,True
Which park (Teide National Park or Timanfaya National Park) is located in the Canary Islands in Spain and also is made up of volcanic soil?,1,498.6339382509491,True
Were John Wain and Ödön von Horváth both novelists?,4,1424.6899817918095,True
Johan Mjällby and Neil Lennon were both born in what year?,1,498.6339382509491,True
Were Jonathan Lynn and Ettore Scola both film directors?,0,270.7128447485479,True
What iconic figure or Regency England also goes by the name of George Lashwood?,1,498.6339382509491,True
"Trey Anastasio and Glenn Bidmead, have which mutual occupation?",2,562.6258185867669,True
"Which park is the New York mall, that features stores such as H&M and a high-end shoe company, located next to?",0,270.7128447485479,True
"Thundershorts is a short-form comedy website featuring what comedian who serves as the co-anchor on ""Weekend Update""?",2,562.6258185867669,True
What network was the show that Carrie-Anne Moss currently portrays a character created for?,4,1424.6899817918095,True
"Who is this American actress who is best known for her role in the AMC television horror drama ""The Walking Dead""and who wrote a play in 2015 about the Liberian women?",1,498.6339382509491,True
"Close At Hand is the second EP by James McCartney, son of Paul and Linda McCartney, a British musician and songwriter living in London, born on which date?",1,498.6339382509491,True
"The british rapper that released the song ""Never Be a Right Time"" is the co-host of what show?",7,2864.271883385668,False
Campari Knoepffler competed in 3 events at the Olympics in which city?,2,562.6258185867669,True
Which American privately held corporation specializing in mathematical computing software supports a Professor of Mathematics at Massachusetts Institute of Technology?,0,270.7128447485479,True
Do the genuses Argyreia and Lavandula belong to the same family?,0,270.7128447485479,True
The director of War Dogs also directed which film starring Breckin Meyer?,7,3690.591627007379,False
"The star of the live-action scripted television series produced by Warner Horizon Television, also co-created, starred in, produced, and directed what cult web-series?",7,3690.591627007379,False
"Who is the bass player in the band that sang the song ""All We Ever Knew""?",7,2864.271883385668,False
"An American professional basketball player for the New York Knicks, who was born in 1983,  attended a college preparatory, non-denominational, co-educational day school in what North Carolina city?",5,2363.535072275564,True
Do both Gerard Way and Ben Kweller write comic books?,0,270.7128447485479,True
 Adelaide Central Plaza is located in a pedestrian street mall that opened in what year ?,2,562.6258185867669,True
The leader of the band that came out with Monuments to an Elegy was born on what date?,7,3690.591627007379,False
What music composer worked with Ben Vaughn on an American sitcom that aired from 1996 to 2001 on NBC?,7,2864.271883385668,False
Are Cordoba Fighting Dog and Portuguese Water Dog both examples of dog breeds?,0,270.7128447485479,True
Which NFL football team that plays its home games in New York did Nevil McCaskill play for?,2,562.6258185867669,True
"Jean Epstein and Tim Whelan, are French?",2,562.6258185867669,True
"The 2010 Insight Bowl was the 22nd edition, of the college football bowl game, played at Sun Devil Stadium in Tempe, Arizona on Tuesday, December 28, 2010, it featured which team that represented the University of Missouri, in the 2010 NCAA Division I FBS football season?",5,2862.169010526513,True
Does The Straight Story and Never a Dull Moment both Star Dick Van Dyke? ,0,270.7128447485479,True
Kevin Clark is a former commissioner of a police department that services a city in which US state ?,1,498.6339382509491,True
"What two property groups own the enclosed shopping malls in Santa Rosa, California?",2,562.6258185867669,True
What was the population at the 2010 census of the town where John Rais was born?,7,2864.271883385668,False
"What actor from ""How I Met Your Mother"" performed with Timothy Nolen?",0,270.7128447485479,True
Are Gynaika Magazine and New! Magazine both tailored to a female audience?,0,270.7128447485479,True
Which president of Indonesia created a series of extrajudicial government executions between 1983 and 1985?,0,270.7128447485479,True
How old is the fossil record of the order that contains the only strictly marine herbivorous mammal?,7,2864.271883385668,False
"Rock Dog featured the voice of which actor who got his start on ""All That""?",2,562.6258185867669,True
What municipality did former municipality Pizy merge with in Switzerland?,2,562.6258185867669,True
Mercy Drive has created entrance themes for the actor and wrestler who is currently signed to what company?,0,270.7128447485479,True
Olathe North High School is in the school district in what area?,2,562.6258185867669,True
"Crewe and Nantwich is a constituency in Cheshire represented in the House of Commons of the UK Parliament since 2017, by Laura Smith, elected as what for Crewe and Nantwich at the 2017 general election?",1,498.6339382509491,True
"What song was the first song released by Universal Music Group by New Zealand singer Lorde, also to be released later on her debut studio album?",0,270.7128447485479,True
What nationality is Lord William Bentinck?,0,270.7128447485479,True
Were Michael Jackson and Joe Strummer the same nationality?,0,270.7128447485479,True
"Akeo Watanabe was a Japanese symphonic conductor, known for his recordings of the works of what Finnish composer and violinist of the late Romantic and early-modern periods?",0,270.7128447485479,True
What college founded in 1884 in Philadelphia did Vincent Kling study at?,7,2864.271883385668,False
"Which was founded first, the University of Iowa or the University of Texas at Austin?",0,270.7128447485479,True
How many songs were written by the man who shares attribution for one of his songs with a poem by Emily Huntington Miller?,7,2864.271883385668,False
"Clay County is a county located in the U.S. state of South Dakota, the county is named in honor of Henry Clay, an American lawyer and planter, statesman, and skilled orator who represented which state,in both the United States Senate and House of Representatives?",0,270.7128447485479,True
"Light Chasers is the tenth studio album, released in stores on September 14, 2010, by the American indie rock group Cloud Cult, an experimental indie rock band from Duluth, Minnesota led by which singer/songwriter?",1,498.6339382509491,True
What highway is the closest town to Montague Island located on?,4,1424.6899817918095,True
Ponoma College is one of five undergraduate schools in which consortium?,3,869.0830829186463,True
"Manoir de Ban, which is located in the municipality of Corsier-sur-Vevey, Switzerland, is know to be the property of what famous actor? ",1,498.6339382509491,True
"Geoffrey Chevalier Cheshire, was an English barrister, scholar and influential writer on law, and was the father of Leonard Cheshire, was a highly decorated of which World War II organization,  pilot and philanthropist?",0,270.7128447485479,True
"Which voice star from the 2014 film ""Jungle Shuffle"" is also a ""Saturday Night Live"" veteran?",2,562.6258185867669,True
" Visy Industries was established in Melbourne, Australia in 1948 and has since grown to become one of the world’s largest privately owned paper, packaging and recycling companies, Visy was owned by Richard Pratt until his death, on which date, was a prominent Australian businessman, chairman of the privately owned company Visy Industries, and a leading figure of Melbourne society?",1,498.6339382509491,True
What characteristic does the Quince and the Isoplexis share? ,3,869.0830829186463,True
Bernard Blancan shared the Best Actor award at Cannes in 2006 for what Rachid Bouchareb film?,2,562.6258185867669,True
What date was the screenwrither of the film directed by Garry Marshall born on?,7,3690.591627007379,False
Are both Protected and Night Mail documentaries?,7,2864.271883385668,False
"Who was born first, Ken Hughes or Peter Duffell?",7,2864.271883385668,False
What Real World alumna stars in Already Tomorrow in Hong Kong?,1,498.6339382509491,True
Dronamraju Krishna Rao focused his work on the research of this british-born scientist who passed on 1 december what year?,2,562.6258185867669,True
What Brazilian American actress starred in the remake of the 1983 scifi miniseries created by Kenneth Johnson?,4,1424.6899817918095,True
"Panda! Go, Panda! was created by one of the co-founders of what film and animation studio?",5,2862.169010526513,True
Peter Filkins held a residency at the artists' community in what New York town?,7,2864.271883385668,False
Which Swiss hockey player was picked first in the 2017 NHL Entry Draft?,0,270.7128447485479,True
Werner Gunter Jaffé Fellner was born in which metropolis and the largest city in the German state of Hesse and the fifth-largest city in Germany?,0,270.7128447485479,True
"Which city has the largest jurisdictional area in Jiansu, Lianzhou or Yancheng?",0,270.7128447485479,True
"Ginés González García served under the President of Argentina who was also Governor of Santa Cruz, what years was he President?",2,562.6258185867669,True
"According to the 2010 census, what was the population of the town loacted approcimately seven miles south of Cave Rock Tunnel?",7,2864.271883385668,False
Which team drafted Emil Johansson in the 52nd NHL Entry Draft in the seventh round?,1,498.6339382509491,True
 Melanie Hamilton Wilkes is a fictional character first appearing in a novel whose story is set during what war?,0,270.7128447485479,True
"An American reality-based nontraditional court show that debuted in syndication on September 26,2011, is produced by an Emmy winning producer and actor, who played what sport?",7,3690.591627007379,False
Harvey Fierstein wrote the play Casa Valentina. He has also wrote and stared in other plays and musicals. In what year was he inducted into the American Theater Hall of Fame?,1,498.6339382509491,True
"Who hosts UFC unleashed alongside an American actress, writer, and television personality?",2,562.6258185867669,True
Which professional wrestler is also a football player?,2,562.6258185867669,True
In which film directed by Son Yong-ho did the South Korean actor Park Sung-woong appear?,2,562.6258185867669,True
"Where is a company based that is attempting to build a flyable reproduction of a German aircraft given the nicknames ""Swallow"" and ""Storm Bird""?",7,3690.591627007379,False
What is the name of the serial killer who buried his victims in the state forest owned by the New South Wales Government?,2,562.6258185867669,True
"Roger Morris, famous for helping to develop a 50km rail tunnel linking Folkestone to Coquelles is also famous for which other project?",4,1424.6899817918095,True
"Frederick (Fred) Barnard, was an English illustrator, caricaturist and genre painter,of the Victorian era, the period of Queen Victoria's reign, from 20 June 1837 until her death on which date?",0,270.7128447485479,True
Philadelphia group The Majors performed in which genre of group-harmony R&B style?,0,270.7128447485479,True
"Henry Patrick ""Hank"" Egan Jr., is a professional basketball coach in the National Basketball Association, he has also been an assistant with the San Antonio Spurs, to which American basketball coach who is currently the head coach of the San Antonio Spurs?",0,270.7128447485479,True
"Which rock band, Social Distortion or Wolf Parade, is Canadian?",0,270.7128447485479,True
"What highway was the first suburban shopping mall in Austin, Texas located on?",7,3690.591627007379,False
"Which person skewered in ""Newsical"" is an Associate Justice of the Supreme Court of the United States?",7,3690.591627007379,False
What local government area containing the town of Winmalee is located in the Blue Mountain range west of Sydney?,1,498.6339382509491,True
Essential Montreux is a box-set by a singer known for being a guitar virtuoso in what two genres?,3,869.0830829186463,True
How many teams were members of the conference Eastern Kentucky was in in the 2013-14 season?,0,270.7128447485479,True
"Marques E. Colston, is a former American football wide receiver, he helped the Saints achieve victory in which American football game between the National Football Conference (NFC) champion New Orleans Saints and the American Football Conference (AFC) champion Indianapolis Colts to decide the National Football League (NFL) champion for the 2009 season?",0,270.7128447485479,True
"What band released three EPs: ""Box"" in 2011, which was recorded with an earlier lineup, ""Faces"", featuring the current lineup, in 2012, and ""Salsa"" in 2016, The Naked and Famous or Residual Kid? ",2,562.6258185867669,True
"Patrick Bruders began touring with Down, replacing a musician who was also the bassist for the band Pantera, and is the current bassist for what band?",7,2864.271883385668,True
What is the name of this 242-acre waterfront casino resort that will house Vic & Anthony's Steakhouse in late 2014?,2,562.6258185867669,True
"The John N. and Mary L. (Rankin) Irwin House in Keokuk, Iowa, is a historic house that was listed on the National Register of Historic Places in 1999, John N. Irwin, who bought the house and raised his family there with his wife Mary, was a five-term mayor of Keokuk who went on to serve as the territorial governor of the Idaho Territory and the Arizona Territory, are in which country?",0,270.7128447485479,True
Which war that HMS Shannon was in involved France?,2,562.6258185867669,True
What river's banks was the castle on where Andrew Dudley participated in the War of the Rough Wooing?,2,562.6258185867669,True
Were both Oliver Marach and Lukáš Dlouhý professional tennis players?,0,270.7128447485479,True
Which meet selection from a meat and three restaurant consists of a piece of steak coated with seasoned flour and pan-fried?,1,498.6339382509491,True
"What fine art painter, who is a resident of Indianapolis, Indiana, created the public mural, Ebb and Flow?",1,498.6339382509491,True
"Which is located in the US, Mariano Marcos State University or Christian Brothers University?",0,270.7128447485479,True
Who was a member of French Parliament that inspired a political group founded by George Valois and Édouard Berth?,7,3690.591627007379,False
"Who was played alongside Morten Suurballe in the three television series ""The Killing""?",0,270.7128447485479,True
"""Supernoobs"" was produced by Scott Fellows who also made what show which starred Isabela Moner and premiered on Nickelodeon on November 11, 2014?",1,498.6339382509491,True
"In 2011, what was the population of the city where the Roman Catholic Hospital is located?",7,3690.591627007379,False
"The 1999 San Marino Grand Prix was a Formula One motor race held on 2 May 1999, the 62-lap race was won by which retired German racing driver who raced in Formula One for Benetton and Ferrari, where he spent the majority of his career, as well as for Mercedes upon his brief return to the sport?",0,270.7128447485479,True
Where is the regional airline based that Jim French is the former chairman and CEO of?,4,1424.6899817918095,True
In which country Hermann Neubacher held a diplomatic post as an Austrian Nazi politician when it was under the control of the Kingdom of Italy?,7,4516.91137062909,False
"What is the founding year of this American for-profit college, which helps to operate a 2 year, dual degree high school located in Chicago, Illinois, with Chicago Public Schools?",3,869.0830829186463,True
"Both Constance Tillotson and Brian Trenchard-Smith claim actor and director in their credentials, but which of them has had a majority of their films be direct-to-video releases?",0,270.7128447485479,True
What traditional dance that originated in the Majha area of the Punjab region was pursued by a San Francisco Bay Area dance team? ,0,270.7128447485479,True
Which company operates in more countires BlackRock or Dentsply Sirona?,1,498.6339382509491,True
"Mont d'Amin is a mountain of a sub-alpine mountain range located north of the Western Alps, and mainly following what border?",7,2864.271883385668,False
"Which US naval facility and airport is located in Kauai County, Hawaii and is overseen by Navy Region Hawaii?",7,2864.271883385668,True
"Which city produced David Price , a British professional boxer ?",7,2864.271883385668,False
"What town is Morris Mac Davis from known for his song ""A Little Less Conversation""?",3,869.0830829186463,True
Is it true that both Howea and Bulbophyllum can be found in countries in the Northern Hemisphere?,2,562.6258185867669,True
Where in New York is the highway that ends at the toll barrier for Heckscher State Park in Great River?,7,3690.591627007379,False
Which opera has more acts Der Freischütz or Il trovatore,0,270.7128447485479,True
"Crouch End is a horror story by Stephen King, originally published in ""New Tales of the Cthulhu Mythos"" (1980), it contains distinct references to the horror fiction of which American author who achieved posthumous fame through his influential works of horror fiction?",2,562.6258185867669,True
Carla Gugino is known for her role as Kelor in a shared universe centered on a series of superhero films distributed by who?,1,498.6339382509491,True
"Grand Admiral a naval rank in one of the highest in the several European navies that use this system, what system are they using? ",7,2864.271883385668,False
"Who features on Young Jeezy's ""I Do"" along with André 3000 from Outkast?",1,498.6339382509491,True
"Princess Johanna Marina Eleoore of Hesse was orphaned at the age of fourteen months, when her family was killed in a plane crash, when the plane they were in hit what? ",7,3690.591627007379,False
What escaped convict is the novel STrandloper loosely based on?,0,270.7128447485479,True
What does the logo of VMAQT-1 mean in Old Irish?,7,4516.91137062909,False
What country does Macross Frontier and Mai Mai Miracle originate from? ,0,270.7128447485479,True
"Who is an American musician, best known as the rhythm guitarist and only remaining founder of the heavy metal band from New York City that released 11 studio albums, several other albums, and 26 singles, including collaborating on a single with American hip hop group Public Enemy ? ",2,562.6258185867669,True
Are Marc Rosset and Guillermo Vilas both tennis players?,0,270.7128447485479,True
Are singers Spider One and Eric Burdon both members of bands?,0,270.7128447485479,True
"Monopoly Junior and Codenames, are which specific forms of entertainment?",2,562.6258185867669,True
"Which two activites are closely associated with a popular 2004 concept which spurred  the hoax claim, Toothing?",7,2864.271883385668,False
A prop for a movie directed by Roger Donaldson is now a tourist attraction in which city?,7,3690.591627007379,False
"Patrick MacLeamy is the chairman and former CEO of which American architecture, engineering and planning firm?",0,270.7128447485479,True
Which historical event is known as the Revolution of 1688 and caused the noble in Scotland to lose control over the Church of Scotland parish churches?,0,270.7128447485479,True
"The Harsha Chhina Mogha Morcha was an agrarian revolt in Harsha Chhina, Punjab, India, that took place in 1946 under the leadership of the Communist Party, Harsha Chhina is a village near RajaSansi Airport in Amritsar, is a city in north-western India which is the administrative headquarters of the Amritsar district - located in the Majha region of the Indian state, of what?",3,869.0830829186463,True
What Eon Productions film featured a theme song performed by the band Wings?,7,3690.591627007379,True
What sport did Robert Lindstedt and Alex O'Brien play?,0,270.7128447485479,True
What Albania town is located on the banks of the Vjosa River in Gjirokastër County and after a 2015 local government reform the village of Progonat became part of its municipality?,1,498.6339382509491,True
Who was born first: Cynthia Ozick or Malcolm Lowry?,0,270.7128447485479,True
Which channel network did the animation shows The Off-Beats and KaBlam! air on?,0,270.7128447485479,True
when was the  former Conservative Member of Parliament  who was also part of those who founded  Conservative Philosophy Group born ,7,2864.271883385668,False
Where is the headquarters of an ecommerce company founded by someone who worked at an online specialty retailer for baby products?,4,1424.6899817918095,True
What was the 2010 population of the locale KAGB is licensed to?,7,2864.271883385668,False
Who umpired a Test match in the most populous city of the Australian state of Victoria?,4,1424.6899817918095,True
"For which motion picture did this American composer of film scores and contemporary classical music, who composed Juan Darién: A Carnival Mass, win the Academy Award?",7,2864.271883385668,False
"Which university, Capitol Technology University or Columbia University, is a private Ivy League research university in Upper Manhattan, New York City?",0,270.7128447485479,True
"""This Is It"" is a song co-written by American pop star and musician, Michael Jackson, and Paul Albert Anka, a Canadian-American singer, songwriter, and actor that first became famous during the late era, of which time period?",0,270.7128447485479,True
"Which film director, Frank Tashlin or Craig Serling, was also an animator?",0,270.7128447485479,True
Richard Miniter is an investigative journalist who wrote for a liberal American magazine which was owned by who in 2014?,7,2864.271883385668,False
Who was the Italian professor of genetics who edited the Theoretical Biological Forum?,1,498.6339382509491,True
"What year did a show Kristen Schaal star in be voted for :Best variety Show""?",2,562.6258185867669,True
"Which author is famous for writing historical spy novels, Alan Furst or H. P. Lovecraft?",0,270.7128447485479,True
"Which author, Claude Simon or Paul Auster, has written books that have been translated into more than forty languages?",2,562.6258185867669,True
When did the episode which followed the 1999 Kids' Choice Awards aired ,2,562.6258185867669,True
Are Sharleen Spiteri and Cho Kyuhyun from the same country?,0,270.7128447485479,True
Which musician has a solo punk rock project: Toshiko Koshijima or Frank Iero?,7,2864.271883385668,False
In which district of Prague did the Spartakiad take place?,3,869.0830829186463,True
"Buliao qing has been sung by various singers such as one who was born 10 October 1963, she was regarded as what?",7,2864.271883385668,False
What is the common name for the hostplant of Phyllocnistis Iiriodendronella that is a tree of the family Magnoliaceae?,7,2864.271883385668,False
Which band was a friendly rival to the band featuring Robbin Crosby?,4,1424.6899817918095,True
"What sport is Colin Kaepernick, also known as Kaep, known for playing?",0,270.7128447485479,True
"Which man, Morgan Freeman or Alejandro Springall, has won a Golden Globe Award and a Screen Actors Guild Award?",0,270.7128447485479,True
"Mmm Papi has a Latin pop influence, similar to what song by Madonna that was co-written and co-produced by her and Patrick Leonard?",2,562.6258185867669,True
"Who is the writer of the British television sitcom for which David Jason is best known for his portrayal of Derek ""Del Boy"" Trotter?",0,270.7128447485479,True
"SPC XL is a statistical add-in for Microsoft Excel, SPC XL provides statistical analysis including Control chart, Process capability, Histogram, and Pareto chart, a chart that contains both bars and a line graph, where individual values are represented in descending order by bars, and the cumulative total is represented by the line, named after who?",0,270.7128447485479,True
Who starred in Rough Magic that wasborn 7 April 1964?,2,562.6258185867669,True
"Mathilde Lemoine is employed by what  international, family-owned and independent financial group?",1,498.6339382509491,True
"Bad Moms features an American actress, singer-songwriter, and businesswoman who began her career in what year?",7,2864.271883385668,False
What song from the Beatles ninth studio album was written by George Harrison?,7,3690.591627007379,False
What role did actor Patrick Baladi play in the ITV thriller Marcella available on Netflix?,2,562.6258185867669,True
"Andrea Hollander Budy is an American poet, originally born in Berlin, Germany, educated at Boston University and the University of Colorado, BU is a private research university located in Boston, in which state?",0,270.7128447485479,True
What year was the sentence of the man The Nirmul Committee protested appearing at a Mosque in East London commuted to life imprisonment?,7,3690.591627007379,False
Who did the 2002 runner up sing two cover songs with on American Idol: Greatest Moments?,3,869.0830829186463,True
Pasquale Pistoriois the ex president of a multinational electronics and semiconductor manufacturer headquartered in which city ?,2,562.6258185867669,True
What country of origin does Squirrel Nut Zippers and Sponge have in common?,7,2864.271883385668,False
What is the four-letter code published in the International Civil Aviation Organization for Broumov Airport?,2,562.6258185867669,True
"What is the plant that produced TNT until 1976 and is located between the towns of Elwood, Manhattan and Wilmington in northeastern Illinois?",2,562.6258185867669,True
"Sugata Marjit is the former Vice Chancellor of which public state university located in Kolkata (formerly ""Calcutta""), West Bengal, India established on 24 January 1857?",0,270.7128447485479,True
"How many games did the player known as ""The Process"" play in his first season for the Philadelphia 76ers?",7,3690.591627007379,False
What is the name of the song by The Flys featured in the 2001 American teen crime comedy film directed by Francine McDougall?,2,562.6258185867669,True
Was The Really Nasty Horse Racing Game or Terra Mystica published first?,1,498.6339382509491,True
"Theories of rhetoric and composition pedagogy, the field of rhetoric has been a matter of considerable debate for millennia, Aristotle, was an ancient Greek philosopher and scientist born in the city of Stagira, Chalkidice, on the northern periphery of which Classical location?",7,3690.591627007379,False
Are both Strombocactus and Calypso bulbosa both genus of plants ?,7,2864.271883385668,False
"The actor that played Tony Soprano in ""The Sopranos"" stars with Tom Hardy in a 2014 crime drama film directed by who?",2,562.6258185867669,True
"Sako Shahinian and Arshile Gorky, are of which mutual nationality?",4,1424.6899817918095,True
"What is the stage name for actor who co-stared the 2016 film ""Train to Busan"" with Jung Yu-mi and Ma Dong-seok?",0,270.7128447485479,True
In what year did Richard Thomas Griffiths play a role in the movie Bedtime Stories?,0,270.7128447485479,True
"Zoop is a puzzle game developed by Hookstone Productions and published by Viacom New Media, official ""Zoop"" games have been released, including for the Macintosh ( ; (branded as Mac since 1998) is a series of personal computers (PCs) designed, developed, and marketed by who?",0,270.7128447485479,True
"Sangerville Town Hall is located at 1 Town Hall Lane (corner of South Main Street) in the village center of Sangerville, Maine, Sangerville is a town in Piscataquis County, Maine, in which country?",0,270.7128447485479,True
Which American wide receiver has a brother who was drafted by the Titans fifth overall in the 2017 NFL Draft?,2,562.6258185867669,True
Who was the Vickers .50 originally produced for?,0,270.7128447485479,True
"Queen Mab, is a fairy referred to in William Shakespeare's play ""Romeo and Juliet"", where ""she is the fairies' midwife"", in her play, her activity is described in a famous speech by which fictional character in William Shakespeare's 1597 tragedy, a close friend to Romeo and a blood relative to Prince Escalus and Count Paris?",0,270.7128447485479,True
Jaroslav Seifert and Harlan Coben are both what?,0,270.7128447485479,True
The Pitcairn Building was originally built as a regional center for a company that supplies what items?,7,2864.271883385668,False
What was the nickname of the Australian pioneer aviator who owned the Lady Southern Cross monoplane and made a flight from Austraia to London in a record 10.5 days??,2,562.6258185867669,True
Anna Ranch Heritage Center is a former cattle ranch in a census-designated place with a population of what in 2010?,7,2864.271883385668,False
Who was the head coach of the 2016 New York Giants?,7,2864.271883385668,False
"Lorentz & Sakarias is a hip-hop duo from Stockholm, Sweden, which Swedish actor have they collaborated with?",7,3690.591627007379,False
"Which singer is also a DJ, Chris Daughtry or Paul Banks?",1,498.6339382509491,True
"What association football match between A.C. Milan of Italy and Liverpool F.C. of England, was part of the 2006–07 UEFA Champions League? ",1,498.6339382509491,True
What Grammy Lifetime Achievement Award has played with Bill Lee?,7,2864.271883385668,False
"North of the Gaithersburg area, Interstate 270 passes what urbanized census-designated place in Montgomery County, Maryland?",0,270.7128447485479,True
"Who was born in a country further east, Richard Dutcher or Rosa von Praunheim?",0,270.7128447485479,True
Were both the Hanover Hound and Toy Trawler Spaniel introduced to France?,0,270.7128447485479,True
Which actor from the 2001 movie Kiss Kiss was the voice actor for J.A.R.V.I.S in Iron Man?,2,562.6258185867669,True
When was the national park Mount Le Conte is located in chartered by Congress?,2,562.6258185867669,True
"Who managed the 5,000 acre estate of Thomas Jefferson?",2,562.6258185867669,True
"In what county is Lori Swanson's home city of Eagen, Minnesota located?",0,270.7128447485479,True
"Who is a famous male singer with a voice equivalent to that of a soprano, mezzo-soprano, or contralto?",7,3690.591627007379,False
"Which astronaut is older, Philippe Perrin or André Kuipers?",0,270.7128447485479,True
"Which genus of plants is native to South and Central America, Onoclea or Phaedranassa?",0,270.7128447485479,True
What is the nickname of the national team of which Maxwell Konadu was caretaker coach ?,0,270.7128447485479,True
"Which American actress born in 1982 stars in the 2015 American drama film ""Bleeding Heart""?",1,498.6339382509491,True
The American who owned Taprobane Island died in what year? ,2,562.6258185867669,True
"Which rock band was formed first, Aaroh or Goldfinger?",0,270.7128447485479,True
"Eugene E. Lindsey, born in Sprague, Washington, 2 July 1905, graduated from the United States Naval Academy in 1927, he served an observation squadron in which Colorado""-class battleship, and was the third ship of the United States Navy to be named in honor of the seventh state?",3,869.0830829186463,True
"The Devonwood Bike Trail serves the shopping mall in Windsor, Ontario, Canada and which airport?",0,270.7128447485479,True
"What is the nationality of the person who played the protagonist in ""Mind Games""?",7,3690.591627007379,False
A German teacher born in 1931 fulfilled an integral role at what institution that was the first government highschool in South Australia?,2,562.6258185867669,True
"Hershel Greene a fictional character portrayed by Scott Wilson, saves the life of Chandler Riggs's character in an American television series which airs on what? ",0,270.7128447485479,True
"what is the Financial Training Center limited (FTC) known for? what is a example of processing, and communication of Financial Information?",7,2864.271883385668,False
What is the name of one of the native species of buckthorn that is also a powerful plant-based laxative?,7,2864.271883385668,False
Are Desiree Akhavan and Ilya Naishuller both Russian?,0,270.7128447485479,True
"Billy Bob Thornton and Gene Saks, are Americans that have which occupation in common?",2,562.6258185867669,True
"What is the name of this American actor, comedian, and musician, born in 1980, who starred with Jason Ritter in ""Ode to Janice Melt""?",2,562.6258185867669,True
Yahya Al Bishri has designed garments for a King who passed away in which year ?,0,270.7128447485479,True
How many Coleman Medals did the winner of the 2013 AFL Goal of the Year win?,7,2864.271883385668,False
Who was the third daughter of the Earl Curzon of Kedleston?,1,498.6339382509491,True
Which of the movies that Eteuati Tema worked on had a moon called Pandora?,0,270.7128447485479,True
"What 1977 film written and directed by Claude Chabrol is loosely based on a novel by the author of the poem ""Jabberwocky""?",2,562.6258185867669,True
Naomi Yashiro has been working as a cabin crew at an airlaine headquartered where?,4,1424.6899817918095,True
Christopher Robin appears in the stories of what fictional anthropomorphic teddy bear?,0,270.7128447485479,True
What is known as the Kingdom and the National Route 13 stretches towards the border?,2,562.6258185867669,True
ValuJet Flight 592 was operated by the company headquartered in what Georgia location?,3,869.0830829186463,True
Which dance form of Alex Magno originated in the mid-1970s in NY?,0,270.7128447485479,True
The Guggenheim Museum SoHo was a branch of a museum that was established in what year?,0,270.7128447485479,True
Which opera was performed first The Midsummer Marriage or The Beggar's Opera ?,0,270.7128447485479,True
Which actress in Liebestraum is also a visual artist?,7,2864.271883385668,False
"Which region did this son of Marion Kozak and British politician who was Leader of the Labour Party and Leader of the Opposition in the 2010s, represent as Member of Parliament in 2005?",3,869.0830829186463,True
What was the full name of the Roman general and statesman for which AD 52 was known as the year of the Consulship of?,7,2864.271883385668,False
"Kebo Gotti appeared on which American rapper's fourth and final single from the 2010 debut album ""Flockaveli"", the rapper is better known as who?",1,498.6339382509491,True
Kentucky is located in a region of america which constitutes as what?,7,2864.271883385668,False
Jaffa Road contains the bus station that serves which three bus routes?,2,562.6258185867669,True
Who played The Rajah in The Winning Team?,1,498.6339382509491,True
What country are both Kopparvallen and Conny Torstensson from?,0,270.7128447485479,True
Are Thom Yorke and Bruce Guthro both members of the alternative rock band Radiohead?,0,270.7128447485479,True
Kajol is a forerunner for what award that started in 2001?,4,1424.6899817918095,True
"Ludwig van Beethoven's Cello Sonata No. 3 in A major, Op. 69 was written in 1808, in the same year Beethoven also completed and published his Fifth and Sixth Symphonies, composed and completed in 1808, which was first performed in the Theater an der Wien on which date, in a four-hour concert?",3,869.0830829186463,True
"The 1996 Australian Grand Prix was a Formula One motor race held on 10 March 1996, at Melbourne, this was the debut race of the future world champion Jacques Joseph Charles Villeneuve, a Canadian professional auto racing driver and amateur musician, and is the son of which Formula One driver?",2,562.6258185867669,True
The author of books about Ugenia Lavender was also in a pop girl group that was formed in what year?,2,562.6258185867669,True
What year did the codifier of LaVeyan Satanism die?,0,270.7128447485479,True
The Missouri river has a tributary that originates from what peak in the Absaroka Range?,7,2864.271883385668,False
"Which is in Texas, DoubleDave's Pizzaworks or Uncle Maddio's Pizza Joint?",1,498.6339382509491,True
"The presenter of ""Chemistry: A Volatile History"" was born in what year?",0,270.7128447485479,True
The Mercury tracer is based on variations of the Mazada Protege which is manufactured by which company?,7,2864.271883385668,False
Lucy Alexis Liu stars as Dr. Joan Watson in which American procedural drama series in 2012?,0,270.7128447485479,True
Neetho starred which actress born on 1 February 1979?,2,562.6258185867669,True
Where is the place Norman Allen Adie moved to the United States to work at located in?,7,2864.271883385668,False
"What disappeared in ""Sonic Chronicles"" after the defeat of the main antagonist of the series?",2,562.6258185867669,True
" M. Night Shyamalan wrote and directed ""The Visit"" and ""The Village;"" of the two movies, which is more recent?",0,270.7128447485479,True
"What British preschool series, directed by Astley Baker Davies, had its music composed by Julian Nott?",0,270.7128447485479,True
Are Corylopsis and Impatiens both genus of plants ?,0,270.7128447485479,True
"In what year did the star of ""Joe Bash"" win an Emmy Award?",7,3690.591627007379,False
In which city is the conglomerate that bought Ray Ban from Bausch & Lomb ?,2,562.6258185867669,True
Nick Bottom was a character whose head is turned into that of a donkey by the character who was a figure of what country's mythology?,2,562.6258185867669,True
Who is the actor that portrays a marvel character in a ABC television series that was created by Scott Buck? ,3,869.0830829186463,True
What was opened by a member of the Minnesota Timberwolves?,7,2864.271883385668,False
"What team, managed by a man who is also and advisor to Central Coast Mariners, won the 2008 FA Cup?",3,869.0830829186463,True
Do both Game of the Goose and Medina require two or more players to play?,0,270.7128447485479,True
What American real estate developer owns the Encore hotel and casino in Las Vegas?,0,270.7128447485479,True
"How many times did the NBA center, who coached Martyna Andriuškevičius win the Euroscar?",7,2864.271883385668,False
Prandtl numbers are named after a pioneer in what applied science?,2,562.6258185867669,True
"The English-American film director, who filmed the movie ""Dunkirk"" was born on what day?",2,562.6258185867669,True
The Dhanush is a 155 mm towed howitzer used by which land-based branch and the largest component of the Indian Armed Forces?,0,270.7128447485479,True
Are the Lehigh Canal and the Gowanus Canal both located in the same state?,0,270.7128447485479,True
Young-hu Kim and Shinwa both have worked for what music company? ,1,498.6339382509491,True
Ammonium perchlorate was used in the disaster that occurred in what city?,7,2864.271883385668,False
Walt Housman attended which public secondary school that holds 1400 students?,6,3304.1354063100844,True
Who preceeded the namesake of Ches Crist as President of the United States?,2,562.6258185867669,True
The song Pepperland Laid Waste was part of a soundtrack album to a film that premiered in what month and year?,7,2864.271883385668,False
"The 13th AVN Awards ceremony, organized by Adult Video News (AVN) honored the best pornographic films of 1995 and took place on which date, at the Aladdin Theatre for the Performing Arts in Paradise, Nevada, comedian Bobby Slayton hosted the show for the first time, alongside actress co-hosts Jenna Jameson and Julia Ann, the stage name of American pornographic actress, feature dancer?",1,498.6339382509491,True
"Which Dolly Parton song was co-written by a singer from Lubbock, Texas?",7,4516.91137062909,False
MedStar Georgetown University Hospital and Howard University Hospital are both located where?,0,270.7128447485479,True
What writer of Closing time died in 1994?,7,2864.271883385668,False
Are Cephalaria and Sagina both a genus of species of flowering plants?,0,270.7128447485479,True
What do Shengzhou and Bei'an have in common?,7,4516.91137062909,True
Cross Damon resembles the hero of a novel by a writer who won the Nobel Prize in Literature in what year?,2,562.6258185867669,True
"Are both literary figures, Lorraine Hansberry and Ann-Marie MacDonald, from the same country?",0,270.7128447485479,True
What is the river 3 mi north-west of Gainsborough said to take its name from?,7,2864.271883385668,False
Which route that goes through Conyer is a 1695 mi cycle-path?,1,498.6339382509491,True
What genre does Hot Hot Heat and 1990s have in common?,7,2864.271883385668,False
What do Dionysia and Hesperaloe have in common?,2,562.6258185867669,True
Foxcatcher is a 2014 American true crime sports drama film about a wrestling team set up in what state?,0,270.7128447485479,True
Aaron Keith Heal is an Australian cricketer who played for what Australian professional men's Twenty20 cricket team whose home ground is Etihad Stadium.,1,498.6339382509491,True
No Clue is a dark comedy starring what actor known for his role on The Office? ,1,498.6339382509491,True
"What is Fanna, located about 100km northwest of Trieste, Italy known as?",2,562.6258185867669,True
"Festival Imperial is a major Costa Rican music festival organized by Cerveceria Costa Rica and their flagship beer, which Costa Rican brand of beer, manufactured by the Florida Ice & Farm Company (FIFCO)?",1,498.6339382509491,True
"Which genus has more species, Cyananthus or Polypodium?",0,270.7128447485479,True
"What actor, born on October 21, 1965, stars in the 2014 American drama film Where Hope Grows?",7,2864.271883385668,False
"In what Massachusetts county does the house at 87 Hull Street, Beverly, Massachusetts reside?   ",0,270.7128447485479,True
Bryan Christopher Callen regularly appears on a podcast by an American stand-up comedian who started his stand-up career in what year?,7,2864.271883385668,False
5 Fingers included the James Mason character who was based on the secret agent for which group?,7,2864.271883385668,False
"Franz Liszt, a prolific 19th-century Hungarian composer, virtuoso pianist, conductor, music teacher, arranger, organist, philanthropist, author, nationalist and a Franciscan tertiary based his play on a work by which Lord?",4,1424.6899817918095,True
"Who wears the football boot made by Nike, said to be for traction and agility, designed for deceptive players, and is a forward for Premier League club Tottenham Hotspur?",0,270.7128447485479,True
"Ares and Right On!, is which type of publication?",0,270.7128447485479,True
"Readville, Boston is bordered on the south by the town in what Massachusetts county, the birthplace of George HW Bush?",2,562.6258185867669,True
"527 Euryanthe is a minor planet orbiting the Sun, it was discovered in 1904 by Max Wolf and named after the heroine of an opera by which German composer, conductor, pianist, guitarist and critic, and was one of the first significant composers of the Romantic school?",1,498.6339382509491,True
"Under which government did this Italian classical composer, conductor, and teacher that became a source of inspiration for ""A Little Nightmare Music"" pursue his career?",7,3690.591627007379,False
In what city did the first UFC pay-per-view shown live on a Friday after UFC 55 take place?,0,270.7128447485479,True
"which American hard rock band has songs that have been covered by Racer X, Fu Manchu, The Smashing Pumpkins, Sebastian Bach and Fighting Gravity? ",7,2864.271883385668,True
"Ernest Whitington wrote ""Out among the People"" in a newspaper first published where?",7,2864.271883385668,False
Which star of William Shakespeare's Romeo + Juliet movie was named one of the 100 most influential people in the world by Time magazine in 2012?,7,3690.591627007379,False
Who is this English pop singer and record producer whose career extended from the late 1950s to the 1990s that contributed to the playlist of Magic in the Morning?,7,3690.591627007379,False
The lead drummer of Stand By Me is known for innovation in what type of music? ,7,2864.271883385668,False
"Reuben Hornsby was an early Texas pioneer and surveyor for Stephen F. Austin, Hornsby was the great-grandfather of which baseball Hall of Famer,and American baseball infielder, manager, and coach who played 23 seasons in Major League Baseball (MLB)?",1,498.6339382509491,True
Where is the company head quarters that makes the GU230 mobile phone?,3,869.0830829186463,True
What do System of a Down and Richard Donchian have in common? ,4,1424.6899817918095,True
What is the name of the first book in the series based on a stealth video game series developed by the Danish company IO Interactive?,7,2864.271883385668,False
"Heaven is a documentary film, released in which year, about beliefs concerning the afterlife and heaven in particular, the film was written and directed by Diane Keaton, an American film actress, director and producer?",1,498.6339382509491,True
"William McKendree Gwin (October 9, 1805 – September 3, 1885) was an American medical doctor and politician, serving in elected office in Mississippi and California, in California he shared the distinction, along with which American explorer, politician, and soldier who, in 1856, became the first candidate of the anti-slavery Republican Party for the office of President of the United States?",7,2864.271883385668,False
"Who was a Canadian producer, Melville Shavelson or Armand Schaefer?",0,270.7128447485479,True
Mark Steven Johnson and Mohammad Bakri directed what type of media?,0,270.7128447485479,True
"Who was a Canadian film producer, director, actor and screenwriter, Randal Kirk II or Sidney Olcott?",0,270.7128447485479,True
What American actor born in 1974 plays a character in commercials for Old Spice?,0,270.7128447485479,True
The winner of the 1991 Kids' Choice Awards KCA Hall of Fame Special Gold Blimp also won a Grammy for what video?,3,869.0830829186463,True
Ronan was performed at an Arizona stop of which 2014 album's tour?,3,869.0830829186463,True
Who manages the Spanish team that competes in the biennial UEFA European Under-21 Championship?,7,2864.271883385668,False
"Mina Mugil Kimes is a journalist for which sports magazine whose first issue was published on March 11, 1998? ",2,562.6258185867669,True
Johnny Pacar is an American film and television actor and musician who played in which 2005 Disney Channel Original Movie by Aly Michalka?,2,562.6258185867669,True
In what month was the album containing The Man released?,7,2864.271883385668,False
"Which school has more educational institutions, The University of Texas System or Wake Forest University?",0,270.7128447485479,True
How long was the confrontation the USS Barataria saw as part of the Cold War?,7,2864.271883385668,False
What is the profession of the daughter of the founder of Tesco,7,3690.591627007379,False
Can  Fuyang and Gaozhou be found in the same province?,0,270.7128447485479,True
"What singer-songwriter recorded the song ""Afire Love"" which was released on 20 June 2014 from his second studio album ""x""?",2,562.6258185867669,True
"The Owl Service is a low fantasy novel for young adults by what English novelist, best known for his children's fantasy novels and his retellings of traditional British folk tales?",0,270.7128447485479,True
"Jens Wahl, is a German former footballer, and won one cap for East Germany, the East Germany national football team was from 1952 to which year, the football team of East Germany?",0,270.7128447485479,True
Who was apart of the Flensburg Government and succeeded Adolf Hitler?,1,498.6339382509491,True
"What song from Jessica Mauboy's album ""Beautiful"" was promoted by a performance at a super-regional shopping centre in the Australian state of Victoria?",7,3690.591627007379,False
"Who is more recent, Rick Rosenthal or Gary Nelson?",7,2864.271883385668,False
"Who is Dan II of Denmark's father, also known as the legendary king of the Angles?",1,498.6339382509491,True
"What actor has appeared in the films ""Hamlet"", ""The Woodlanders"" and ""The Holiday""?",7,3690.591627007379,False
John Stanley Carroll attended which of the ten branches of the University of Hawai'?,7,3690.591627007379,False
What Minnesota capital city is also the hometown of boxer Jimmy Hegerle?,2,562.6258185867669,True
"What subject in his essays does the author of the 1999 American graphic novel ""Bread and Wine: An Erotic Tale of New York"" focus on?",7,2864.271883385668,False
What is the political party of the man who replaced David Johnson as the Australian Minister for Defence?,7,2864.271883385668,False
What Gordon and Mildred Gordon novel was made into a movie in which a character named Agent Zeke Kelso was portrayed?,7,3690.591627007379,False
Which Canadian province did the famous computer scientist John Tsotsos serve as the Director of the Centre for Vision Research at a famous research university?,2,562.6258185867669,True
"Who is the CEO of the Charlotte, North Carolina-headquartered company that makes Bubble Wrap?",1,498.6339382509491,True
"Northeast Catholic College, is a non-profit, liberal arts, co-educational, four-year Catholic college located in Warner, a town in Merrimack County, New Hampshire, in which country? ",0,270.7128447485479,True
What is the documentary that shows the surrender of the Empire of Japan on the last battleship commissioned by the United States during World War II?,3,869.0830829186463,True
"What children's novel told the story of Juana Maria, a Nicoleno Native American that was left alone on San Nicolas Island?",0,270.7128447485479,True
What award did the actor of the 34th President of the United States win?,7,2864.271883385668,False
Where was the University at which Helmut Anheier holds a chair located? ,7,2864.271883385668,False
Was Brentwood Cathedral or Bradford Cathedral known as the parish church of St Peter for most of it's history?,0,270.7128447485479,True
"Which division does the football team, who made the playoffs for the first time in seven seasons in 2015, play within?",7,2864.271883385668,False
Who is younger  Rick Witter or Benjamin Burnley?,7,2864.271883385668,False
"The Black Mafia, also known as the Muslim Mafia, Muslim Mob, Philadelphia Black Mafia, or which acronym, is a Philadelphia-based African-American organized crime syndicate, Black Mafia was also engaged in traditional organized crime activities such as number running, The numbers game, also known as the numbers racket, the policy racket, the Italian lottery, the policy game, or the daily number is a form of illegal gambling or illegal lottery played mostly in poor and working class neighborhoods in the United States, wherein a bettor attempts to pick three digits to match those that will be randomly drawn the following day?",2,562.6258185867669,True
What former football player coached the 2013 WKU Hilltoppers to a four way tie for third place?,2,562.6258185867669,True
"The Mexican Cession of 1848 is a historical name in the United States for the region of the modern day southwestern United States that Mexico ceded to the U.S. in the Treaty of Guadalupe Hidalgo in 1848, it had not been part of the areas east of the Rio Grande which had been claimed by the Republic of Texas, though the Texas annexation resolution in which year,incorporation of the Republic of Texas into the United States of America, which was admitted to the Union as the 28th state, had not specified the southern and western boundary of Texas?",0,270.7128447485479,True
"Helen Herz Cohen (1912 – March 23, 2006) was the Director of Camp Walden, an all-girls residential summer camp located in Denmark, a town in Oxford County, Maine, in which country?",0,270.7128447485479,True
"Francis Key Hunt was named after what American poet who wrote a poem entitled at first ""The Defence of Fort McHenry""?",0,270.7128447485479,True
What democratic secular country is home to Chrysopsyche mirifica?,7,3690.591627007379,False
Ahmad Niyaltigin was the treasurer of a sultan who rose to power by seizing what from his younger twin?,7,3690.591627007379,False
"Which actor who starred in the 2016 film Money Monster also is best known for his portrayal of Gustavo ""Gus"" Fring on the AMC shows ""Breaking Bad"" and ""Better Call Saul""?",7,2864.271883385668,False
Robbie Coltrane is known for his film roles as a fictional character based on a book series written by who?,7,3690.591627007379,False
"What is the name of a film featuring Ray Liotta and one of the stars of ""10 Things I Hate About You""?",7,3690.591627007379,False
"Which of the following films is directed by Scott Ditzenberger, ""Congo River, Beyond Darkness"", or ""Out of Place""?",1,498.6339382509491,True
"Cadillac insurance plan, is any unusually expensive health insurance plan, usually arising in discussions of medical-cost control measures in which country, the term gained popularity in the early 1990s during the debate over the Clinton health care plan, it was a 1993 healthcare reform package proposed by the administration of President Bill Clinton and closely associated with the chair of the task force devising the plan?",0,270.7128447485479,True
What city held the 1956 Summer Olympics where Robert O'Brien competed in sprint canoe?,0,270.7128447485479,True
"On what date was the musician behind ""Out of Our Minds"" born?",4,1424.6899817918095,True
"Which director won more Oscar awards, Jacques Tourneur or Ralph Nelson?",0,270.7128447485479,True
"In regards to the person who was a Member of Parliament for the Leigh constituency before Jo Platt, what year was that person born?",7,2864.271883385668,False
Who is considered a founder of the Chicano Movement that also wrote a famous epic poem?,0,270.7128447485479,True
What film distributed by United Artists was written by a screenwriter who dropped out of college?,7,3690.591627007379,False
"Who directed the movie starring Lucy Hale and American film and television actress, best known for her role as Jesse Quick in The CW's ""The Flash""?",2,562.6258185867669,True
What Lindsey Stirling song's video received 1.3 million views on YouTube after one day?,7,3690.591627007379,False
For which University did Marcus Jackson play college football ? ,7,3690.591627007379,False
Which film Robin Hood or Oz the Great and Powerful was produced first ?,0,270.7128447485479,True
Which of Brandon Thaxton or Jon Turteltaub has the highest filming skills ,1,498.6339382509491,True
"What is the United States federal government initiative to preserve and protect historic buildings, arts, and published works that the White House Millennium Council recognized the Cross-Cultural Dance Resources as part of?",0,270.7128447485479,True
Does The Brothers Creeggan or The dB's have more members?,0,270.7128447485479,True
What is the nickname for the criterium around Park 14?,4,1424.6899817918095,True
"Monsters, Inc. Mike & Sulley to the Rescue! is based on a movie made by a company that was purchased by Disney for how much?",3,869.0830829186463,True
"Café Oz Australian Bar is an Australian themed pub and restaurant in France, the food menu offers also Australian cuisine themed food such as Little Creatures Pale Ale, from which Australian brewing company based in Fremantle, Western Australia, originally established in 2000, by the original brewers of the Matilda Bay Brewing Company?",0,270.7128447485479,True
What is the area of the Island that Wailoa River State Recreation Area is on?,7,2864.271883385668,False
"Which opera is by Christoph Willibald Gluck, Iphigénie en Tauride or Der Barbier von Bagdad?",1,498.6339382509491,True
The Wirehaired Pointing Griffon and Giant Schnauzer both were developed in which country?,0,270.7128447485479,True
The younger brother of Harvey Jewell served as the national chairman for which American political party?,0,270.7128447485479,True
What state does First East Branch Magalloway River and Kennebec River have in common?,0,270.7128447485479,True
"Which 2001 comedy film, directed by Francine McDougall, the director of ""Go Figure"" (2005), follows a group of high school cheerleaders who commit an armed robbery? ",1,498.6339382509491,True
What music group had a greatest hits album that references their fourth studio album in the title?,7,4516.91137062909,False
In which year did Lawrence Fishburne play an early pioneer of of fifties rock and roll?,7,2864.271883385668,False
In what 1942 British romance film did actress/singer Jane Birkin's mother star in?,4,1424.6899817918095,True
"which census-designated place (CDP) in Lincoln County, Nevada, United States.is  Crystal Springs a popular destination forits passersby ",7,3690.591627007379,False
Are Robert Pollard and Nic Offer both American musicians?,0,270.7128447485479,True
"Who s an American engineer and politician who has been the United States Representative for Kentucky's 4th congressional district that defeated the 63rd District, representative of Kenton County?",0,270.7128447485479,True
Which architect designed a church near President Grant's tomb?,7,3690.591627007379,False
Did Richard Wilbur:or Robert Jordan used more pen names?,0,270.7128447485479,True
Derby High School is a school in the city in what Kansas county?,3,869.0830829186463,True
" Acid Brass is a musical collaboration between Turner-Prize-winning artist Jeremy Deller and the Williams Fairey Brass Band and based on fusing the music of a traditional brass band with acid house and Detroit techno, a type of techno music that generally includes the first techno productions by Detroit-based artists during what years?",2,562.6258185867669,True
The Turn of the Screw includes the English actress who played Mary Crawley on what drama series?,0,270.7128447485479,True
What position is played by the football player who was reportedly healed by Mariana Kovacevic during the 2012 African Cup of Nations?,2,562.6258185867669,True
"Which television station licensed to Kansas City, Missouri is adjacent to television station KCPT?",2,562.6258185867669,True
"Robert Kenneth Kraft, is an American businessman, he's  the chairman and chief executive officer of the Kraft Group, LLC, a group of privately held companies in the professional sports, manufacturing, and real estate development industries doing business in 90 countries, and founded in which year?",2,562.6258185867669,True
What was the the coming-of-age drama released in 2006 which stars one of the co-starring actors of British thriller film Tower Block?,6,3304.1354063100844,True
Black Adam was the adversary of what DC Superhero?,1,498.6339382509491,True
In which year Albert Bensadoun founded his retail shoe company?,2,562.6258185867669,True
"Always Watching: A Marble Hornets Story is a 2015 American supernatural horror film directed by James Moran, stars include which American actor, best known for starring in the leading role of Brian Finch in the CBS television comedy-drama, ""Limitless,"" from September 2015 to April 2016?",0,270.7128447485479,True
The Cincinnati Reds record holder for most stolen bases by a rookie in a season is a native of which city ?,7,2864.271883385668,False
"In what year did the man who released ""Fare Forward Voyagers"" die from surgical complications?",7,3690.591627007379,True
Who was the NFC team in the first Superbowl in which Dale Hamer was the head linesman?,2,562.6258185867669,True
"Is the film Shore Things, and the film Air Force, Incorporated, both documentaries made by the same person?",0,270.7128447485479,True
"Mobile, Alabama was home to a bassball player nicknamed what? ",7,2864.271883385668,False
"Who were the directors of the 1960 Italian epic adventure film starring the actor best known for his starring role in 1954's historical epic ""The Egyptian""?",1,498.6339382509491,True
When did the Basketball Tournament which  Kansas played its final in  1996–97 incept ,7,2864.271883385668,False
Are David Vincent and Troy Sanders members of the same band? ,0,270.7128447485479,True
"Who introduced the composer of the musical score for ""Kumkumacheppu"" into the Malayalam film industry?",7,6169.550857872515,True
 What do Ian Astbury and George Thorogood have in common?,7,7822.19034511594,False
Which actress plays in the American comedy film Flakes?,1,498.6339382509491,True
Who was born first John Wellborn Root or  Daniel Hudson Burnham? ,0,270.7128447485479,True
"Who directed more movies, Vincent Sherman or David Seltzer?",2,562.6258185867669,True
Near what river is the library that contains the Aberdeen Bestiary located?,7,2864.271883385668,False
Which judge of Strictly Come Dancing is a professional ballroom dancer?,2,562.6258185867669,True
"A large distribution center is for a company with over 13,000 stores and what other company?",7,3690.591627007379,False
"What film came first, King of the Grizzlies or The Many Adventures of Winnie the Pooh?",7,2864.271883385668,False
"""Whatever It Is"" a song by the Zac Brown Band, the song is the follow-up to the band's number-one debut single, which song whose frontman Zac Brown co-wrote it with Wyatt Durrette, and was first recorded in 2003 for the 2004 album ""Home Grown""?",2,562.6258185867669,True
What country of origin does Patrick Brice and Creep have in common?,2,562.6258185867669,True
Where was Honest Ed's s store located at in Canada?,2,562.6258185867669,True
"During the Indian Removals in Indiana, what is the name of the tribe whose name means ""Stand here and there""?",7,2864.271883385668,False
Debra Byrd has worked with which singer-songwriter?,2,562.6258185867669,True
Forward Records is owned by a former Lieutenant Governor of what state?,0,270.7128447485479,True
The Prince of Wales Glacier was named for what individual who was the oldest person to be next in line to the throne since Sophia of Hanover?,2,562.6258185867669,True
Which casino located southeast of mainland china is billed as the largest casino in the world?,0,270.7128447485479,True
Are Vincenzo Bellini and Mikhail Glinka of the same nationality?,0,270.7128447485479,True
What industry does Walt Aldridge and Adam Levine work in?,5,1864.9011340246145,True
What English musician and DJ wrote Littlest Things?,7,2864.271883385668,False
Which Greek Australian film and television actor born in 1966 was in the film Renegade Force?,7,2864.271883385668,False
"In which year was the English character actor, who were active during the 1940s, 1950s and 1960s and appeared in Mayerling alongside Omar Sharif and Catherine Deneuve, born?",7,2864.271883385668,False
Brandon Larracuente is known for his role in Bloodline which was produced by who?,4,1424.6899817918095,True
George Raymond Jr was a member of a political party created in what year?,7,2864.271883385668,False
Who is the director of the film with a character named Rose Tico?,3,869.0830829186463,True
Are Arshile Gorky and Eve Beglarian both painters?,0,270.7128447485479,True
"Legoman's Great Escape is a short film by Mike Sidorov and Michael Soare about a Legoman whose mission is to escape the G.I. Joe infested house while desperately trying to stay alive, G.I. Joe is a line of action figures produced and owned by which toy company ?",0,270.7128447485479,True
"What German Field Marshall was the uncle of Helmuth von Moltke the Younger, claimed to have ruined the Schlieffen Plan?",1,498.6339382509491,True
"Tjeerd Eize Korf, a Dutch professional footballer from Flevoland, is the twelfth province of what country?",0,270.7128447485479,True
What period of usage does the Oxford English Dictionary specify for the language that the Findern Manuscript was written in?,7,2864.271883385668,False
"Of the top three sections for the 2013 NHL Entry Draft, who is both a Canadian professional ice hockey forward and an alternate captain of the Colorado Avalanche organization of the National Hockey League?",0,270.7128447485479,True
What is the birth date of the former Trump campaign manager who promoted Jack Posobiec's tweets?,7,2864.271883385668,False
Which charecter did Burt Kwouk in the 1993 film Son of the Pink Panther?,0,270.7128447485479,True
What is the nationality of the filmmaker that wrote and directed The Sinister Urge?,1,498.6339382509491,True
Which English writer argued that women outhg to have an education in her book from 1792?,0,270.7128447485479,True
"When was the singer of ""Funny Face"" born? ",7,6995.870601494227,False
"Which franchise carrier operates aircraft in full British Airways livery and has its main base at OR Tambo International Airport, Johannesburg?",0,270.7128447485479,True
Where was the awards ceremony that was hosted in 2007 by an American commercial broadcast television network headquartered on Pico Boulevard hosted?,7,3690.591627007379,False
The Fall of Zinjibar and Jaar occurred during the unrest in Yemen that began in what year?,7,2864.271883385668,False
The 2012–13 Puebla season was the 66th professional season of a league currently sponsored by which company ?,7,2864.271883385668,False
"What football club based in Northwich, Cheshire did Roy Felton play for?",7,2864.271883385668,False
"Murat Šaran, is a former Bosnian professional footballer, he went on to play for Bor, Rijeka and Čelik, before making his move to Spain where he joined Levante for two seasons before retiring in which year?",1,498.6339382509491,True
What Institute Founded in 1969 and with approximately 130 campuses in 38 states of the United States had an American actor sidelined his acting career and became an education supervisor?,0,270.7128447485479,True
Which film won the award for Best Film at the 14th Lumières Awards?,4,1424.6899817918095,True
Are Archive and Young the Giant both rock groups?,0,270.7128447485479,True
The composer of the ballet L'Île Enchantée has composed how many major orchestral works?,7,2864.271883385668,False
How many steel roller coasters of the same type as The Swarm are currently operating worldwide?,7,2864.271883385668,False
"Population of 778, what is Nassu County border to?",7,2864.271883385668,False
"Which is headquartered farther north, FMC Corporation or Affiliated Managers Group?",4,1424.6899817918095,True
In what state did Anette Nell's flight crash? ,7,2864.271883385668,False
"Robert Armstrong-Jones the Welsh physician was what relation to Antony Armstrong-Jones, 1st Earl of Snowdon?",2,562.6258185867669,True
Are both Guiping and Hailin county level cities?,2,562.6258185867669,True
"Who had the longer career, Amy Lee or Jimi Hendrix?",0,270.7128447485479,True
Who was born first Kenji Mizoguchi or Alain Tanner?,0,270.7128447485479,True
"What is the nickname of the driver of the funny car, Brutus?",7,3690.591627007379,False
Saint-Paul-Saint-Louis Church was constructed on the orders of a monarch of the House of Bourban who ruled as King of France from 1610 until what year?,0,270.7128447485479,True
Julia Hahn and Steve Bannon are both former employees of what news source?,0,270.7128447485479,True
Lochner v. New York and New York v. Ferber where both handled by who?,0,270.7128447485479,True
Which English actress and singer was in Calamity Jane?,7,3690.591627007379,False
"""Simon Turner"" is the debut album of the singer and later film soundtrack composer Simon Fisher Turner, at the time Turner was being widely promoted in the UK pop press as a homegrown alternative to David Cassidy, he is known for his role as who?",7,3690.591627007379,False
"On 5th August 2011 a ""secret"" letter to Italian government was written by Jean Claude Trichet and the Chairman of what?",7,2864.271883385668,False
"When did the American singer-songwriter who sang ""Welcome to New York"" born?",7,2864.271883385668,False
"Kofi Dzamesi (born 1960) is a Ghanaian engineer and politician, since February 2017 he has served as Minister of which official Ghanaian agency responsible the creation of linkages between the Government of Ghana and the traditional authorities in the country?",2,562.6258185867669,True
"Who was the author of the book, on which Channel 4's 1982 film, for which Howard Blake wrote the soundtrack. is based ? ",2,562.6258185867669,True
Lenny Young is a collaborator on the stop motion film released in what year?,7,2864.271883385668,True
Anna B. Sheppard has worked in films with which pioneer of the New Hollywood era?,1,498.6339382509491,True
Are Lesquerella and Thujopsis both names of a genus of flowering plants?,0,270.7128447485479,True
Who was born first Vladimir Voevodsky or Anatoly Maltsev ,0,270.7128447485479,True
"For what television show co-created by Richard Appel featured a pilot episode in which the main character visits his hometown of Stoolbend, Virginia?",2,562.6258185867669,True
"The Producers is a 2005 American musical comedy film directed by Susan Stroman, the film stars an ensemble cast, including which American comedian, actor and singer, best known as a cast member of ""Saturday Night Live"" from 1985 to 1990?",7,2864.271883385668,False
"Carnegie Library, funded by Scottish-American industrialist, Andrew Canegie, is located in which county in New York?",2,562.6258185867669,True
Are Eugene O'Neill and Russell Edson both illustrators?,0,270.7128447485479,True
Consider the cemetary in which the body of Marshall King is interred. In what year was it established?,2,562.6258185867669,True
In what country is the artist who released Ice on Fire born?,7,2864.271883385668,False
In which casino was this World Series of Poker discipline first offered?,7,3690.591627007379,False
"The actor that played the title role in ""About Schmidt"" was born in what year?",3,869.0830829186463,True
What is the name of the album of Jay-Z that was released in 2001 and is ranked by Rolling Stone among the 500 greatest albums of all time?,0,270.7128447485479,True
"""Gotta Get to You"" released in which year, is a song written Blaine Larsen, Jim Lauderdale and Jimmy Ritchey, and recorded by American country music artist George Strait, an American country music singer, songwriter, actor, and music producer?",2,562.6258185867669,True
Who won the singles title at a 1973 tennis tournament held at a Los Angeles arena designed by architect Charles Luckman?,7,4516.91137062909,False
What other title did the head coach have who coached the Bulldogs in 1982?,7,2864.271883385668,False
Are both Diet Pepsi and Volvic carbonated drinks?,0,270.7128447485479,True
"What singer, who originally sang a song included as the third single in Mel McDaniel's 1980 album ""I'm Countryfied"" had the nickname ""Gentle Giant""?",7,3690.591627007379,False
What is the name of the regional transportation authority that includes the station which is proximal to Cira Centre South?,7,2864.271883385668,False
"What South African record producer collaborated with a contemporary Canadian Rapper on the song ""One Dance""?",0,270.7128447485479,True
The former head coach of the team that finished 11th place in the NBA's Western Conference in the 2011-12 season is now the head coach for which NBA team?,7,3690.591627007379,False
Which song by Desiigner was featured on Kanye West's seventh studio album?,0,270.7128447485479,True
SS Cap Polonio's destination port was the leading transshipment point for foreign trade of which country in South America?,1,498.6339382509491,True
 Hotham Alpine Resort is set on the slopes of a mountain that sits how far away from Melbourne ?,2,562.6258185867669,True
"On what campus is the TCF Bank Stadium located in Downtown East, Minneapolis?",1,498.6339382509491,True
The university that Tramaine Brock attended is in which state?,2,562.6258185867669,True
"Who is both a poet and a novelist, Tim O'Brien or Lavinia Greenlaw?",0,270.7128447485479,True
Which Soviet revolutionary and political leader created the Order of Maternal Glory?,0,270.7128447485479,True
Who wrote the title song for an album by Audra McDonald and was born in 1964?,7,3690.591627007379,False
"For which invention are both Christian Friedrich Schönbein, a the German-Swiss chemist and William Robert Grove, the Welsh judge and physical scientist given credit?",1,498.6339382509491,True
The documentary featuring the Flight director that guided the crew of Apollo 13 was produced what year?,7,3690.591627007379,False
"When Larry Johnson played for the UNLV Runnin' Rebels basketball team, in what state was his home team located?",0,270.7128447485479,True
"What year was the author of the fantasy short story and fairy tail ""Dănilă Prepeleac"" born?",2,562.6258185867669,True
Bui National Park will be partly inundated by the reservoir of the hydroelectric project that is of what power?,2,562.6258185867669,True
American heavy metal band Metallica released the song co-written by Kirk Hammett in which album that had five singles?,0,270.7128447485479,True
Which was a fighter wing of the aerial warfare branch of the combined German Wehrmacht military forces during World War II?,7,2864.271883385668,False
"Florence Reece, was an American social activist, poet, and folksong writer, and is best known for the song ""Which Side Are You On?"", which she wrote in which year, during the Harlan County War, or Bloody Harlan, was a series of coal mining-related skirmishes, executions, bombings, and strikes (both attempted and realized) that took place in Harlan County, Kentucky, during the 1930s?",0,270.7128447485479,True
"Is the documentary ""The Bluffs Butcher"" based on James Tillis, the boxer who was known as ""Quick"" due to his fast hand speed or Ron Stander, who challenged Joe Frazier for the heavyweight championship in 1972? ",1,498.6339382509491,True
"What is the vocal range of the performer on the 2010 album ""Laws of Illusion""?",3,869.0830829186463,True
Who was Brent Bennet's associate implicated alongside him in a human rights case regarding a jail in Afghanistan?,1,498.6339382509491,True
"Which occurred earlier, Operation Grenade or Lorraine Campaign?",0,270.7128447485479,True
Are Conrad Aiken and Mahatma Gandhi both poets?,0,270.7128447485479,True
"Which film is more recent, Man of Aran or 51 Birch Street?",0,270.7128447485479,True
Who promotes the mall that hosts the 2017 Men's Asian Individual Squash Championship?,4,1424.6899817918095,True
Billy McFarland was charged with wire fraud in Manhattan federal court related to the organization of a festival that was scheduled to take place on what Bahamian island?,0,270.7128447485479,True
Were Carl Maria von Weber and Claudio Monteverdi of different ethnicities?,2,562.6258185867669,True
An analog board was used in which third model of the Macintosh line?,0,270.7128447485479,True
Jason Pinkston played his entire football career for an NFL team that plays their home games at what stadium?,2,562.6258185867669,True
Are novelists Walter Van Tilburg Clark and Billie Letts both American? ,0,270.7128447485479,True
"Who was the ""king's engineer"" to the  King of Portugal, Naples, Sicily and Sardinia and Duke of Milan?",7,2864.271883385668,False
What American lyricist born in 1928 co-wrote the screenplay for the musical film The Fantastics?,0,270.7128447485479,True
What year was the actress who played Mim in Bucket born?,7,2864.271883385668,False
Which former professional footballer became manager of Watford F.C. in July 2011?,2,562.6258185867669,True
Are Playboy and Fast Company published in the same country?,7,2864.271883385668,False
"Who is older, Mark Aguirre or Adrian Dantley?",0,270.7128447485479,True
What is the population of the largest city in Trego County?,4,1424.6899817918095,True
"The WS-15, code name Emei, is a Chinese after burning turbofan engine, a stealth, twinjet, fifth-generation fighter aircraft developed by China's Chengdu Aerospace Corporation for what airforce?",0,270.7128447485479,True
What Australian actor appeared in Encounter?,2,562.6258185867669,True
Who nominated the justice who wrote the majority opinion in the Supreme Court case Christopher v. SmithKline Beecham Corp?,2,562.6258185867669,True
Who was born first Ion Creangă or Ion Luca Caragiale ?,0,270.7128447485479,True
"what american writer and editor had a ""time"" magazing Top 10 Nonfiction Book in 2011 and is a contributing editor of ""Harper's Magazine""?   A: John Jeremiah Sullivan ",0,270.7128447485479,True
Where is the University which carries the name of William Taylor located?,4,1424.6899817918095,True
"Sherpi Kangri and Kangpenqing, are related to which land mass?",7,2864.271883385668,False
"Madonna and William Friedkin, are of which nationality?",0,270.7128447485479,True
What year did the author of The Mummy's Foot die?,2,562.6258185867669,True
"The 2017 Los Angeles Chargers season is the franchise's 48th season in the National Football League (NFL), the 58th overall and the first under which former American football running back and current head coach for the Los Angeles Chargers of the NFL?",0,270.7128447485479,True
Which Rugby tournaments does Brett Herron's team compete in?,3,869.0830829186463,True
What was the father of Vaiva the common Baltic god of?,0,270.7128447485479,True
What item was used by Mariana Kovacevic to heal the football striker Asamoah Gyan during the 2012 African Cup of Nations?,1,498.6339382509491,True
What country of origin does Mad Over You and Runtown have in common?,7,2864.271883385668,False
"The Government Accountability Institute (GAI) is a conservative nonprofit investigative research organization located in Tallahassee, Florida, The group is known for its involvement with the publication of the investigative books ""Clinton Cash: The Untold Story of How and Why Foreign Governments and Businesses Helped Make Bill and Hillary Rich"", Clinton Cash: The Untold Story of How and Why Foreign Governments and Businesses Helped Make Bill and Hillary Rich is  a ""New York Times"" bestselling book, released in which year?",0,270.7128447485479,True
"What items could you find delivered to Trout Creek, Utah?",7,4516.91137062909,False
Which hatchback small family car will be the car of the category during the 2011 Super Copa Telcel?,1,498.6339382509491,True
"No. 11 Squadron RAAF was based at what base, 25 km north of Adelaide?",2,562.6258185867669,True
"What comedy film did American actor Andy Samberg star in that was released on Netflix on January 20, 2017?",1,498.6339382509491,True
Who hosted the event that Thai decathlete won gold at?,7,3690.591627007379,False
Are Ben Okri and Nicholas Evans both novelists?,0,270.7128447485479,True
What is the apparent magnitude of the spiral galaxy discovered by Frank Leavenworth?,7,2864.271883385668,False
Ben Poquette graduated from which university established in 1892?,2,562.6258185867669,True
"Shadows Wake Me was produced by guitarist Ken Myhr, who previously worked with such artists as Jane Siberry and Cowboy Junkies, a Canadian alternative band of what genre(s)?",2,562.6258185867669,True
 The leader of the Crimean Karaites followed Şahin Giray to what protectress who was the country's longest-ruling female leader and arguably its most renowned?,7,3690.591627007379,False
How many albums has the artist who made Bramble Rose made?,4,1424.6899817918095,True
The 2014 single Bigroom Blitz featured an American rapper that was born in this year?,3,869.0830829186463,True
When did the King who the most valuable sovereign was struck for die?,7,3690.591627007379,True
The suburb east of Christie Downs has what land area?,7,2864.271883385668,False
What Irish footballer joined Pacific Films in 1950?,7,2864.271883385668,False
The person who bought the cottage on Round Island in 1995 was born in what month?,7,2864.271883385668,False
Kasper Schmeichel is the son of the footballer who played at what position?,0,270.7128447485479,True
Who illustrated the books on which the Paddington animated television programme is based?,5,2862.169010526513,True
"Which airport is located in North Dakota, Grand Forks International Airport or Knox County Regional Airport?",0,270.7128447485479,True
"""Falling Away from Me"" is a song by American band Korn, was released as the first single from their fourth album ""Issues"", debuting in an episode of Comedy Central's animated series ""South Park"", entitled ""Korn's Groovy Pirate Ghost Mystery"", it was the which number episode of the third season, and the 41st overall?",7,2864.271883385668,False
"The SS-owned company that funded a Nazi association to raise the birth rate of ""Aryan"" children was created to market a reflector invented by which employee of Hitler?",7,4516.91137062909,False
Who distributed the first in it's series film which Rick Yune played a notable role in?,2,562.6258185867669,True
"Which musician has been ranked on more lists, Eric Clapton or Ann Wilson?",0,270.7128447485479,True
In what state is the national guard base that is name for America's most successful fighter ace in World War I?,3,869.0830829186463,True
"In what town with a population less than 600 could one have found the attraction, World's Largest Farm Tractor, in 1998?",7,2864.271883385668,False
"All Mine, is the second track, and first single, from which English band's, self-titled second album?",1,498.6339382509491,True
"Which is farther east, Minneapolis–Saint Paul International Airport or Cheyenne Regional Airport?",0,270.7128447485479,True
"What American rock band that was ""one of the most critically acclaimed bands of the 80's"" is featured in KSPN's AAA format? ",7,3690.591627007379,False
What kind of animal is the Yorkshire Terrier and the Cavalier King Charles Spaniel?,0,270.7128447485479,True
What producer did David Juskow work with while filming The Wrestler?,2,562.6258185867669,True
"Who has been on the most missions to space, Michael Foale or Charles Simonyi?",0,270.7128447485479,True
What eight-time medalist in the Winter Olympics hosted Minute to Win It?,1,498.6339382509491,True
"Buena Vista Canal and Love Canal, are located in the United States?",0,270.7128447485479,True
"Which documentary film was released first, Station to Station or Black Chicks Talking?",0,270.7128447485479,True
Are both Chamaelirium and Hovea flowering plants?,7,2864.271883385668,False
Traitor's Ford can be seen in a film that is a sequel to what other movie?,7,2864.271883385668,False
Hotline is a film that starred which psychic spokeswoman?,7,3690.591627007379,False
"Who has been to space more times, Hans Schlegel or Frank De Winne?",0,270.7128447485479,True
Have Abbas Kiarostami and Stuart Baird both produced films?,0,270.7128447485479,True
What 2013 superhero film did Christopher Townsend work on?,2,562.6258185867669,True
Ivan Rival is a professor of computer science at a univeristy located in what residential neighbourhood?,7,2864.271883385668,False
"What is the birthdate of this American television executive and media consultant, who was a media consultant and for whom Gabriel Sherman wrote a biography?",7,2864.271883385668,False
"Finnair, the largest airline of Finland, is a member of what airline alliance founded on February 1, 1999?",2,562.6258185867669,True
within which ancient kingdom located in present-day Eritrea is Aksumite currency used ,1,498.6339382509491,True
"Which singer, born in 1977, shared the stage with an American bluegrass singer, songwriter, and multi-instrumentalist known as the ""the new Queen of Bluegrass""?",7,3690.591627007379,False
Who wrote the music for the muscial based on L. Frank Baum's book whose title is commonly shortened to The Land of Oz?,3,869.0830829186463,True
Which Canadian team is the former coach of the 2003 Hawaii Warriors football team now coaching?,4,1424.6899817918095,True
What member of Cantopop group Twins makes a special appearance in the film Love on the Rocks?,2,562.6258185867669,True
Who portrayed Nevil Shed in the movie based on a true story surrounding the events leading to the 1966 NCAA University Division Basketball Championship?,1,498.6339382509491,True
Fire Squad is from the album released on what date?,7,6995.870601494227,False
"What is the name of the local government area near Kersbrook, South Australia?",2,562.6258185867669,True
Which United States Secretary of War under Franklin Pierce was elected President under the Provisional Confederate States Constitution?,0,270.7128447485479,True
"Who released the singles ""I Hope You Dance"" and ""Call Me Crazy""?",0,270.7128447485479,True
What is the birthday of the woman Romy Ruyssen fought in the first Invicta Fighting Championships?,7,2864.271883385668,False
"Of the cities Abdiel Vázquez has lived in, which one was the capital of Nuevo Leon?",0,270.7128447485479,True
What are the masks that Bill Johnson's character in the 1986 horror film made of?,4,1424.6899817918095,True
Are Miles Kane and The Libertines from England?,0,270.7128447485479,True
To whom did J. Walter Duncan sell the USFL team who played home games at Giants Stadium in 1983?,1,498.6339382509491,True
What genre is the Dumb and Dumber Moive?,7,3690.591627007379,False
"What is the population of the small town with an Air Force Base 7 mi northeast of Sacramento, California?",7,3690.591627007379,False
Which Magnolia actor was also a United States Navy Combat veteran in World War II?,2,562.6258185867669,True
What sitcom aired on NBC and Yahoo had a character named Michelle Slater (played by American actress Lauren Stamile)?,2,562.6258185867669,True
Are Veronica and Ulex both in the flowering plant family?,6,4109.226608892913,True
What state is Ruxton Park and Pikes Peak located in?,0,270.7128447485479,True
The satellite Bianca is named after the sister of Katherine in a Shakespeare's play believed to be written between what years?,4,1424.6899817918095,True
"Which German music group produced the song ""Rhythm Is a Dancer"" as well as the album ""The Madman's Return""?",0,270.7128447485479,True
What guitarist worked with both Earl Slick and Siouxsie and the Banshees?,2,562.6258185867669,True
Are Hal Ashby and Ciro Ippolito of the same nationality?,0,270.7128447485479,True
Where did the fictional character portrayed in Ragnarok film first appreared?,7,2864.271883385668,False
"Where was one of the vocalists in Celtic Woman: Voices of Angels, who is known for her roles playing Sandy in ""Grease"" and Elle in ""Legally Blonde,"" born?",2,562.6258185867669,True
"Santon Bridge is a small village in Copeland, Cumbria, England, at a bridge over the River Irt, The Bridge Inn is the venue for which annual competition for telling lies, held in Cumbria, England?",2,562.6258185867669,True
Which Shakespearean heroine was played by Bryce Dallas Howard in the 2006 film directed by Kenneth Branagh?,1,498.6339382509491,True
"The band who released ""Take It All Back"" also released what EP themed around worship?",7,2864.271883385668,False
What castle owned by Sir Ernest Wills has been a base for Menzies Clan Chief David Steuart Menzies?,1,498.6339382509491,True
Half magic is written by which american actress who also starred in the television series Twin Peaks?,2,562.6258185867669,True
When was the 2016 head coach of the New York Giants born?,2,562.6258185867669,True
Realex Payments provides services for this Irish bookmaker founded in Dublin Ireland in what year?,2,562.6258185867669,True
"The season in which ""The Death Camp of Tolerance"" was an episode in began airing on what date?",4,1424.6899817918095,True
"Which wrestler from Kickboxer: Vengeance was born January 18, 1969?",7,2864.271883385668,False
The man known as the Unabomber in the world of poker is of what nationality? ,7,2864.271883385668,False
"What animator worked on the 25th Disney animated feature film, as well as ""Beauty and The Beast"" and many others?",7,4516.91137062909,False
Which single seater auto-racing formula did 1977 Can-Am season series used,3,869.0830829186463,True
Twisted Colossus was featured in which 1983 American road comedy?,2,562.6258185867669,True
"Which company is in the discount travel market, The Walt Disney Company or Priceline.com?",0,270.7128447485479,True
Where is the American film director based in who's one of the film is The Running Jumping & Standing Still Film?,4,1424.6899817918095,True
"Which snooker player made the final of the 2017 China Championship and the nickname ""The Magician""?",2,562.6258185867669,True
"Tons of Sobs is the debut album by which English rock band formed in London in 1968, best known for their 1970 signature song ""All Right Now""?",1,498.6339382509491,True
William Sadler had a role in the sci-fi comedy film by which director?,7,2864.271883385668,False
In what year was a constituency created by a British Conservative party representative?,7,2864.271883385668,False
"What is the population of the only town that starts with an ""E"" that Nokomis Regional High School accepts students from?",7,2864.271883385668,False
The Philippine dance similar to Cheraw dance originated in what era?,4,1424.6899817918095,True
"""A Wild Pear"" features an interview by which Canadian interviewer and musician born on July 5, 1968?",1,498.6339382509491,True
"What country does Hezhou and Dongning, Heilongjiang share?",7,2864.271883385668,False
Which team that participated in the 1922 SAFL Grand Final has the home base located in an inner-western suburb of Adelaide?,3,869.0830829186463,True
"The Last Word and Orgasm, are which type of drinks?",0,270.7128447485479,True
What person was known for both Peston on Sunday and the Northern Rock crisis?,0,270.7128447485479,True
Which of Lodoicea and Privet. has more species?,0,270.7128447485479,True
"What was Rihanna's second single from her 2006 album ""A Girl Like Me,"" written by Ne-Yo?",2,562.6258185867669,True
This man finished third in the 1951 Pau Grand Prix and also was the Italian champion in what years?,7,2864.271883385668,False
"What member of the Big 12 Conference and competes in NCAA Division I, fielding 16 varsity teams, had an American college wrestling icon considered one of the best American amateur wrestlers in recent history?",1,498.6339382509491,True
"Which is an indie band, Days of the New or Archers of Loaf?",0,270.7128447485479,True
"Which Hungarian racing driver, born in 1978, is competing in an international Touring Car championship?",7,3690.591627007379,False
H. Frank Carey Junior-Senior High School serves students in the census-designated place in what New York county?,2,562.6258185867669,True
"Which movie produced by Uri Singer stars the actress who won critical acclaim with her appearance as Lydia Deetz in Tim Burton's ""Beetlejuice""?",7,3690.591627007379,False
What Manhattan school did the American filmmaker Sebastian Sommer study at?,1,498.6339382509491,True
When was the English former professional footballer who played as a centre-back born with whom Chris Jones played?,7,2864.271883385668,False
Who released a version of a song a few days earlier than the artist born as Geoffrey Beck?,7,3690.591627007379,False
"What fighter, trained by Riku Immonen, knocked out Andy Ogle in 8 seconds in a UFC fight?",1,498.6339382509491,True
"The Audi RS4 quattro is the top tier and highest performing version of some specific generations of the Audi A4 range of automobiles, it slots distinctly above the Audi S4, the original Audi S4, built from 1991 until which year?",1,498.6339382509491,True
"Mario Mazzacurati won the 1936 South African Grand Prix with what type of car that was founded in 1909 in the then German city of Molsheim, Alsace?",1,498.6339382509491,True
Which was published first The Liberator Magazine or Video Watchdog?,3,869.0830829186463,True
Ghosts comes from a slang term that applies to what type of ethnicities?,7,3690.591627007379,False
The municipality where the seat of the government of Montenegro was formerly known as what during 1946 and 1992?,0,270.7128447485479,True
Who created the soft drink that is older than Hires Root Beer?,7,3690.591627007379,False
Voice actor Richard White appeared in Disney's House of Mouse during what all night marathon in 2002?,7,3690.591627007379,False
Are Fran Healy and Jas Mann both Scottish?,0,270.7128447485479,True
Who owns the football club that Ángel Adán López Sandoval plays for?,7,2864.271883385668,False
Are both Martin Heidegger and Lytton Strachey from the same country?,0,270.7128447485479,True
Brooklyn Community Board 1 is delimited by  3.5 mi long tributary containing an estimated how many USgal of spilled oil?,7,3690.591627007379,False
Which political party did the son of Lev Sedov become the leader of?,7,2864.271883385668,False
In which of the 13 countries that Telenor owns networks is Grameen Telecom located?,0,270.7128447485479,True
"What is the name of this 2010 American romantic comedy film directed by Garry Marshall, released February 9, 2010 via Big Machine Records?",0,270.7128447485479,True
"U.S. Route 27 in Kentucky, runs 190.785 miles from the Tennessee border to the Ohio border, it crosses into the state at which reservoir in Kentucky?",0,270.7128447485479,True
"""Good Goodbye"" is a promotional single by American rock band Linkin Park, featuring guest vocals from American rapper Pusha T and English hip hop artist Stormzy, the song is a promotional single from their seventh studio album, ""One More Light"", released on which date through Warner Bros?",0,270.7128447485479,True
Jim Courier and Elena Likhovtseva are both famous athletes in what sport?,0,270.7128447485479,True
Buster Pearson toured with the reggae artist whose recordings were produced at what studio?,7,2864.271883385668,False
Grazia and JJ are both what?,0,270.7128447485479,True
Chocolate Starfish Tour was a tour by the band Limp Bizkit to support which of their albums?,0,270.7128447485479,True
who was a character in A midsummer's night dream as well as the name of Carl Maria von Weber's opera?,0,270.7128447485479,True
"Which of these two act operas, Lucrezia Borgia or Il pirata, was based on a three-act melodrame? ",1,498.6339382509491,True
What is I Gusti Bayu Sutha's favorite music genre?,1,498.6339382509491,True
In what country is Mashorey located?,2,562.6258185867669,True
"Rumours, engineered by Ken Caillat, is the eleventh studio album for what British-American rock band?",0,270.7128447485479,True
"What is the birthday of the actor who starred in movies like Flyboys, Milk, Pineapple Express and Rise of the Planet of the Apes?",7,2864.271883385668,False
Which 1961 British comedy film directed by Edward Buzzell takes its title from an English language nursery rhyme of nineteenth-century American origin?,1,498.6339382509491,True
Are Lee Ranaldo and Morrissey of the same nationality?,7,2864.271883385668,False
"What is the speciality of the English man who studies the French composer who wrote the motet ""Illibata Dei virgo nutrix""?",7,3690.591627007379,False
"What british literary critic lauded Stephen Booth's essay ""On the Value of Hamlet""?",1,498.6339382509491,True
"What extended play in the album by American singer-songwriter Taylor Swift, released on October 24, was released on July 15, 2008 by Big Machine Records exclusively to Walmart stores in the United States and online?",2,562.6258185867669,True
Does the Inula genus or the Fouquieria genus have more species?,0,270.7128447485479,True
At which world recognized festival did Stephen Ouimette perform on stage?,7,3690.591627007379,False
"What was geared toward children, Glamour or Disney Adventures?",0,270.7128447485479,True
The Sikorsky R-4 was a two-seat helicopter designed by a man that won the highest awardat the 1912 Moscow Aviation Exhibition for what airplane? ,4,1424.6899817918095,True
"Paul Motian and Don Manoukian, are of which nationality?",0,270.7128447485479,True
"Todd Woodbridge and Radek Štěpánek, have which occupation in common?",0,270.7128447485479,True
What coming-of-age thriller did a great-nephew of John F. Kennedy star in?,7,2864.271883385668,False
"Sam Panopoulos is credited as the inventor of a pizza topped with tomato sauce, cheese, pineapple, and Canadian bacon or what?",2,562.6258185867669,True
"Destabilise is a single by a British rock band formed i St Albans, Hertfordshire, England, under what name?",7,2864.271883385668,False
The Boston Patriots had five wins and nine losses in 1960 under this head coach who played for which university as a college student?,7,2864.271883385668,False
"Name the far right French political movement, whose name was given to a journal, and who went on to influence Acción Española, a Spanish cultural association active during the Second Spanish Republic?",0,270.7128447485479,True
Guilderland High School is part of a school district with how many students?,7,2864.271883385668,False
Are Blag Dahlia and Henry Paul both Americans?,2,562.6258185867669,True
"The song ""Ali Bomaye"" appearing in the soundtrack to ""Grand Theft Auto V"" is sung by which American rapper?",2,562.6258185867669,True
"Who was member of the Hanbali school of jurisprudence founded by Ahmad ibn Hanbal, Ibn Taymiyyah or Ibn Yunus",7,3690.591627007379,False
"In what year was the news publication, which named Stéphane Hessel in its list of top global tinkers, founded?",2,562.6258185867669,True
"It's Alive stars an American actress who, at age 13, became one of the youngest people to appear on the cover of what?",7,3690.591627007379,False
"Sons of Elvis and The Wedding Present, have which genre in common?",7,2864.271883385668,False
Which city in New South Wales has both a newspaper called The Democrat and is responsible for the government of the local area?,1,498.6339382509491,True
Don Chafin was a commander in a battle that took place in which year ?,0,270.7128447485479,True
What year were American musicians Paul Collins and Blackie Lawless both born?,2,562.6258185867669,True
"Who's band band is also associated with the careers of Eydie Gorme and an American composer, conductor and arranger, who is best remembered for his film and television scores ?",7,3690.591627007379,False
Are Yeager Airport and Albert J. Ellis Airport located in the same country?,4,1424.6899817918095,True
What was the original title during production of the film that stars Robert Davi as villian Franz Sanchez?,7,2864.271883385668,False
Which of the following is a film director known for quota quickies: George King or Jean Genet?,0,270.7128447485479,True
The lake boaters and coastal cruisers produced by Holiday mansion manufacturing company are popular on what estuary in Maryland and Virginia?,0,270.7128447485479,True
Which MLB organization which Lou Dials played for has a current majority owner named Peter Angelos?,0,270.7128447485479,True
"""Simple Song #3"" is the lead single from a 2015 Italian comedy film set where? ",7,2864.271883385668,False
"What is the nationality of the actress who plays Brittany in ""Sexy""?",2,562.6258185867669,True
"MaryAnn Mihychuk, is a Canadian politician from Manitoba, she served as Minister of Employment, Workforce and Labour in the federal Cabinet until the January 10, 2017 cabinet shuffle by Justin Trudeau, a Canadian politician, he's the 23rd and current Prime Minister of Canada and leader, of which organization?",3,869.0830829186463,True
What television network hosted the show in which Matt Ryan played the character John Constantine?,2,562.6258185867669,True
"Which game has more pieces, King of Tokyo or Tsuro?",3,869.0830829186463,True
"What game was presented by Citi took place at an outdoor athletic stadium in Pasadena, California, just outside Los Angeles?",5,2862.169010526513,True
"In what year did this criminal group, formed by former soldiers of the Mexican Armed Forces and Founded by Nabor Vargas Garcia, break away from their former employer and form their own criminal organization?",6,4109.226608892913,True
Which Japanese entertainment company released the game International Superstar Soccer 2?,0,270.7128447485479,True
Was Sam Roberts signer to Universal (Canada) before or after the disbanding of Bikini Kill?,2,562.6258185867669,True
Which family does the writer particularly discussed about their political activities in his book Dark Money?,4,1424.6899817918095,True
"What was the type of rifle used by a famous assassin who spent the night at the Ruth Paine Home on November 21st, 1963 ",3,869.0830829186463,True
Between 1815 and 1830 what was the name of the country physician Johannes Lijdius Catharinus Pompe van Meerdervoort  was originally from?,6,3304.1354063100844,True
Was Paul Day in more bands than the number of teams Marcus Cooper played for? ,0,270.7128447485479,True
What other films is the actor known for playing Sergeant Leo Barnes known for?,7,2864.271883385668,False
"Guadarrama National Park and Teide National Park, are national parks located in which country?",0,270.7128447485479,True
TerraTrike is based in a city that is on the Grand River about thirty miles east of what?,4,1424.6899817918095,True
Are Costus and Boenninghausenia plants both found in the Americas?,0,270.7128447485479,True
"In the mathematical study of cellular automata, Rule 90 is an elementary cellular automaton based on the exclusive or function, call it ""the simplest non-trivial cellular automaton"", and it is described extensively in Stephen Wolfram's book, released in what year, ""A New Kind of Science"", Wolfram, a British-American computer scientist, physicist, and businessman?",0,270.7128447485479,True
What song did Lisbeth Scott co-write and perform for a movie which grossed nearly 6 times its budget despite generally negative reviews?,2,562.6258185867669,True
"Athrun Zala is a fictional character from the Japanese science fiction anime television series ""Mobile Suit Gundam SEED"", which Canadian voice actor plays his voice in English  ?",2,562.6258185867669,True
"Which originated first, Basset Bleu de Gascogne or Parson Russell Terrier",0,270.7128447485479,True
"Which band is Scottish, Electronic or The Delgados?",0,270.7128447485479,True
What year did the Video Scandals come out that involved the entrepreneur who founded the El Independiente? ,7,3690.591627007379,False
The Plymouth City Airport was officially opened by a man that was King of the UK until what year?,2,562.6258185867669,True
What was the film debut for the actress starring in the cult science fiction film written and directed by Joe Cornish?,3,869.0830829186463,True
Where is the men's professional club basketball based on in which Gustavo Nicolás Aguirre currently plays?,6,3304.1354063100844,True
The Neoclassical monument Benito Juárez Hemicycle is located in this city of Mexico that consists of how many municipalities?,7,2864.271883385668,False
Who produced the 1980's sitcom starring Janet Dibley?,7,2864.271883385668,False
Who started their musical career first Julian Cope or Screaming Trees?,0,270.7128447485479,True
Juan Álvarez plays as a defender for a Mexican football club that was founded in what year?,2,562.6258185867669,True
What year was the latest recipient of The European Film Award for Best Actor released?,3,869.0830829186463,True
" JJ Project was formed by JYP Entertainment and debuted as a part of a seven member group whose first EP peak at number one on which ""Billboards"" chart?",0,270.7128447485479,True
What 2017 documentary film imagines a journey by a person also known as Edith Swanneck?,1,498.6339382509491,True
" Who flew on a 1985 Space Shuttle ""Challenger"" mission as a Payload Specialist, Claude Nicollier or  Lodewijk van den Berg?",2,562.6258185867669,True
"When was the political party, which along with the Socialist Workers Movement are the chief contributors to the United Left in Argentina, founded",7,2864.271883385668,True
What large village is serviced by the Kings Langley railway station and was mentioned in the Domesday Book under the name of Langelai?,2,562.6258185867669,True
The Australian band AC/DC's Bonfire inlcuded a remastered version of this album that was produced by which producer?,2,562.6258185867669,True
"Lewis Shay McGugan was a midfielder who played for which professional association football from Sheffield, England?",2,562.6258185867669,True
Orchis Fatalis starred the actor and writer of what nationality?,2,562.6258185867669,True
"Ryan Teeter is currently racing in the 2017 GP3 Series, which is a motor racing feeder series that runs in support of which FIA championship?",0,270.7128447485479,True
"Until 2010, who led the electoral alliance of which Mónica Troadello was a part?",7,2864.271883385668,False
In what year was Louis Joseph de Frances's mother born?,2,562.6258185867669,True
"Which American screen writer won a Primetime Emmy Award for his work on ""The West Wing"", and also wrote ""Sportsnight"" and ""The Newsroom""?",0,270.7128447485479,True
Pedro Mascarenhas was the first to explore the island atoll that comprises what landform?,7,2864.271883385668,False
"997 is the internal designation for the Porsche 911 model manufactured and sold by German manufacturer Porsche between 2004 (as Model Year 2005) and 2012, Targa versions of the Carrera 4 and Carrera 4S were also available, which carry on with the ""glass canopy"" roof design used on all Targa 911s from the Type 993 Generation 911 until the 991, which replaced it in 2012, 993 is the company's internal name for the version of the Porsche 911 model manufactured and sold between late 1993, and early of what year?",0,270.7128447485479,True
Which has more films associated with it The Silent World or Zeitgeist,0,270.7128447485479,True
"Which grouo released the album, ""Pale Sun, Cresent Moon""?",1,498.6339382509491,True
What is the elevation of the stadium where the 2006 Las Vegas Bowl was played?,7,2864.271883385668,False
Were both King Roger and Measure for Measure written by William Shakespeare?,0,270.7128447485479,True
"Alycia Jasmin Debnam-Carey, is an Australian actress, in 2016, she starred in the German film ""Friend Request"", an English-language German supernatural-psychological horror film, directed by who?",2,562.6258185867669,True
"Sometimes called fabulism, what genre of art was Alexander Kanoldt known for?",7,2864.271883385668,False
"WNYC Studios is a producer and distributor of podcasts and on-demand and broadcast audio, it produces and distributes several podcasts including which titled podcast hosted by Jessica Williams of ""The Daily Show"" and Phoebe Robinson of ""Broad City""?",0,270.7128447485479,True
The Justice Collective was originally established as a fund-raising record raising money for the various charities associated with a crush that occurred in the two standing-only central pens in the Leppings Lane stand allocated to what? ,0,270.7128447485479,True
What group is responsible for the award in quantum electronics associated with both maser and laser devices?,3,869.0830829186463,True
What national park contains Geology that shapes the Pacific Northwest region of the United Stated and Canada?,3,869.0830829186463,True
The Columbian Iron Works and Dry Dock Company is adjacent to what historical American coastal pentagonal bastion fort best known for its role in the War of 1812?,0,270.7128447485479,True
The Emerald Wand of Oz was published by the comapny that is headquartered in what city?,2,562.6258185867669,True
"Frank Bungarten is a classical guitarist from Germany, in 1981, he got noticed in the international guitar scene, when Andrés Segovia Torres, 1st Marquis of Salobreña, a virtuoso Spanish classical guitarist from Linares, Spain, honored him with the first prize at which event?",1,498.6339382509491,True
What former Detroit Pistons player hosted a talkshow on MTV in 1996? ,2,562.6258185867669,True
"""Angels Crying"" is the first single from which album released by Swedish singer also known as Eriksson? ",2,562.6258185867669,True
What was the first residency show of the pop singer that represented Sweden in the Eurovision Song Contest 2012? ,7,3690.591627007379,False
Who played Touchstone in the 2006 film of Shakespeare's As You Like It?,2,562.6258185867669,True
What was the 2010 population of the city where The Lansing State Journal is published?,0,270.7128447485479,True
What building was added to the National Register of Historic Places at the same time as the oldest building on Monument Square?,7,3690.591627007379,False
"What year was the debut single of the singer of ""3am (Pull Up)""?",7,3690.591627007379,False
"Jennifer Lynch and Douglas Sirk, have which mutual occupation?",0,270.7128447485479,True
"The first major project for the Roller Coaster Corporation of America was renamed, and is now called what?",7,2864.271883385668,False
Which player on the 1979-80 Manchester United team has also been a football coach and manager with Queens Park Rangers?,2,562.6258185867669,True
Wharton appeared as The Hippy in a comedy film written and directed by who?,2,562.6258185867669,True
On which island of New Zealand is the city where Diocletian is from located?,2,562.6258185867669,True
"Which Irish rebel and patriot is the Irish folk band ""The Wolfe Tones,"" known for their album Sing Out for Ireland, named after?",0,270.7128447485479,True
"What star of the Allegheny Uprising was original known as ""Marion Mitchell Morrison""?",0,270.7128447485479,True
What television network features a reality show that stars a former American football and baseball player who now works as an analyst for CBS sports?,7,3690.591627007379,True
Charles Hutchison and William K. Howard were simultaneously active in the film industry between what years?,7,2864.271883385668,False
"Tommy Lee Jones and Marshall Neilan, are of which nationality?",0,270.7128447485479,True
Heart on My Sleeve is a song first released by which Australian singer?,2,562.6258185867669,True
"Which album's proceeds benefited the John Coltrane Home located in Suffolk County,New York?",4,1424.6899817918095,True
"What age was the American social entrepeneur who was one of eight who got killed in 2015 when an Amtrak train travelling from Washington, D.C. to New York City derailed?",2,562.6258185867669,True
Laure Gardette edited the 2013 French drama film directed by whom?,7,2864.271883385668,False
We are able to see comets through binoculars with the aid of what magnifying devices?,2,562.6258185867669,True
"Even though Big Stone Gap takes place in Virginia, where is Adriana Trigiani based?",1,498.6339382509491,True
Are both Maurice Blanchot and Georges Simenon writers?,0,270.7128447485479,True
Are both White Town and Starsailor musical acts with the same number of performers? ,0,270.7128447485479,True
"During which war did the commander serve the ""Tropic Lightening""? ",7,3690.591627007379,False
Johnny Pemberton plays the character Bo Thompson on a NBC sitcom created by who?,4,1424.6899817918095,True
Celebration was recorded by the singer who was a leading presence when what cable channel premiered?,0,270.7128447485479,True
"Chimpanzee and Johnny Tremain, are both media of what type?",7,2864.271883385668,False
Natasha Wightman was in the 2005 dystopian thriller directed by whom?,2,562.6258185867669,True
"Which country did the footballer, who played striker for the Atlético Madrid, play for the national team?",0,270.7128447485479,True
"Which country is the TV channel that hosted ""Yo,Guillermo"" located in? ",4,1424.6899817918095,True
What movies and shows has Emilie de Ravin been in as Belle,2,562.6258185867669,True
Were Tomáš Šmíd and Fabrice Santoro both professional tennis players?,0,270.7128447485479,True
Which Ghanaian district capital shares its name with a number of other towns in Ghana and is located in one of the new districts created in 2008? ,7,3690.591627007379,False
Guiping and Linxia City are both what?,3,869.0830829186463,True
Southridge mall is tied to the largest or second largest mall in state?,7,3690.591627007379,False
The Canterbury cap is descended from an ancient headcovering originally worn where?,7,2864.271883385668,False
In what city do you find a a railway halt near a Castle overlooking the Firth of Clyde?,7,3690.591627007379,False
"Edsger Wybe Dijkstra (] ; 11 May 1930 – 6 August 2002) was a Dutch computer scientist and an early pioneer in many research areas of computing science who held the Schlumberger Centennial Chair in Computer Sciences at the University of Texas at Austin from 1984 until his retirement in 1999, he was a professor of mathematics (1962–1984), at which university of technology located in Eindhoven, Netherlands?",0,270.7128447485479,True
Where was the rock band whose song released in June 2001 that topped the Adult 40 for 23 weeks from?,7,3690.591627007379,False
"July 31, 1912 this Nobel Prize winner in Economic Sciences founded EdChoice?",0,270.7128447485479,True
What year was the band who released Signs of Light formed?,4,1424.6899817918095,True
What type of game are both Total Overdoes and Chili Con Carnage?,2,562.6258185867669,True
Who is the president of organization that Forrest Griffin vs. Stephan Bonnar was thought to be one of the greatest fights in history?,2,562.6258185867669,True
"Which ReDRagon member was born on March 1, 1987 ?",2,562.6258185867669,True
Which American black comedy film did Peter Berg directed ,0,270.7128447485479,True
What film with actor Barry Keoghan was selected to compete for the Palme d'Or?,0,270.7128447485479,True
What day of the week did a Finnish children's TV show shown from 1961 to 1968 about brids also known as psittacines of the roughly 393 species in 92 genera that make up the order Psittaciformes?,2,562.6258185867669,True
Jim Bambra has contributed to which single-player role-playing gamebooks?,7,2864.271883385668,False
"Who has more citizenship, Ferenc Molnár or Orhan Pamuk?",4,1424.6899817918095,True
Are Kevin Woo and Epic Mazur both male?,0,270.7128447485479,True
"Which one is a genus of perennial herbaceous, Gladiolus or Chelone?",2,562.6258185867669,True
What is the birthdate of this English former footballer who played as a striker and who played for the 2012-13 Sheffield United F.C. season?,7,2864.271883385668,False
"How much retail space is in the major development in London that holds Gordon Ramsay's restaurant, Bread Street Kitchen?",4,1424.6899817918095,True
"What was the birthname of the bisexual model born on October 15, 1971 that appeared in the Men magazine?",7,3690.591627007379,False
The Knicks-Nuggests brawl was the most penalized on-court fight since an infamous brawl 2 years earlier in what city?,3,869.0830829186463,True
Siegfried and Idomeneo are both what type of performances?,7,4516.91137062909,False
"Which canal ran longer, Sandy and Beaver Canal or Beaver and Erie Canal?",0,270.7128447485479,True
"On January 30, 2017, Elaine Duke was nominated by President Donald Trump to become the United States Deputy Secretary of Homeland Security under a man born in which year ?",6,2499.044203727256,True
Is The American Ruling Class and Stevie a film?,7,2864.271883385668,False
 What industry are both Donald Sawyer and Roger Corman apart of,2,562.6258185867669,True
Are the rock bands Travis and Shiny Toy Guns from the same country?,0,270.7128447485479,True
The lead vocalist of the band Vega4 is from what Northern Irish town?,7,2864.271883385668,False
Who coached the team for which Oliver Ross played college football? ,7,6995.870601494227,False
Which member of Trumps 2017 administration defeated Rodney Stooksberry in the 2016 general election?,2,562.6258185867669,True
how is In Good Company and Scarlett Johansson connected?,7,3690.591627007379,False
"In which city is this American banker, businessman, investor, poker player, and amateur mathematician who founded the launch vehicle development company Beal Aerospace currently based?",1,498.6339382509491,True
Who directed the film that Meher Vij aced in in 2015?,2,562.6258185867669,True
Give Me a Home Among the Gumtrees was an entry to replace what song attributed to John Bull?,1,498.6339382509491,True
Did Noah and The Virgins have the same number of members and their start?,7,2864.271883385668,False
What decade did Axl Rose and Masatoshi Ono vie for musical popularity?,0,270.7128447485479,True
"What year was Ray McKinnon, who wrote, and produced the film Chrystal, born?",1,498.6339382509491,True
"Do the films ""Return to Oz"" and ""Cars 3"" have the same director?",0,270.7128447485479,True
Which movie came out first Go Further or Pumping Iron ?,0,270.7128447485479,True
"Who were the parents of the singer, who covered the song ""So Sad About Us"" and has a half-brother named David Cassidy?",7,3690.591627007379,False
"Who wrote this 1987 Newberry Honor-winning young-adult wilderness survival novel and the fifth and final novel of that same series, called Brian's Hunt?",0,270.7128447485479,True
The Hôtel de Crillon is located on what major public square in Paris?,0,270.7128447485479,True
"Which Japanese animator and film director was also credited as ""Yoshihiro Wanibuchi,"" and directed the 2006 movie Paprika?",0,270.7128447485479,True
"Which animal comic book short story written, drawn, and lettered by Carl Barks featured an anthropomorphic white duck with a yellow-orange bill, legs, and feet?",7,2864.271883385668,False
"The actor that played Larry ""Pinto"" Kroger in ""Animal House"" stars with Robert De Niro and Kenneth Branagh in a 1994 horror film directed by who?",1,498.6339382509491,True
Who was born first out of Ash Lieb and Robert Frost?,0,270.7128447485479,True
"Which artist painted a portrait of Pieter Cnoll, the Director General in Batavia, and his family?",2,562.6258185867669,True
Ulrich of Eppenstein served as an abbot for an Abbey located in which city in Switzerland ?,7,2864.271883385668,True
Jack Hoffman was introduced to the current running back for which team while the player was at the University of Nebraska?,7,8648.510088737652,False
What is the genre of the 1998 film that Haunting Me was featured in?,7,2864.271883385668,False
"Which breed of dog is larger, the German Pinscher or the Cirneco dell'Etna?",0,270.7128447485479,True
What is the Indian name meaning of the town in which Robert H. Reny opened his first store?,7,2864.271883385668,False
Cotton Mather was politically influential in what oldest defined region in the US?,0,270.7128447485479,True
"What actress starred in Poor Pretty Eddie, and as Kizzy Reynolds ""Roots""?",1,498.6339382509491,True
Mahatma Gandhi led India to independence through nonviolent civil disobedience which was sometimes referred to as what?,7,2864.271883385668,False
"The author of ""The Origins of Totalitarianism"" was born in what country?",7,2864.271883385668,False
"Who was the American actor who starred in ""Maniac Cop"" and ""Bubba Ho Tep""?",2,562.6258185867669,True
"The work of philosophy and social criticism known as the ""Dialectic of Enlightenment"" was written, in part, by Theodor W. Adorno, a philosopher, sociologist, and composer know for for his critical theory of what?",0,270.7128447485479,True
"What radio station premiered Within Temptation's first single ""Faster"" from their fifth studio album on January 21,2011?",1,498.6339382509491,True
What is the english literally translated name of the Canadian team which Michel Dubois played a part of two WHA seasons with?,7,2864.271883385668,False
Alisha Daniels is a fictional character from the television show Misfits which airs on which British public-service television broadcaster?,0,270.7128447485479,True
"Which American television series stars, as its main character, the American Actor and Comedian noted for his ""Perfect Fool"" comedy character?",7,6169.550857872515,False
"What kind of voice did the vocalist for You're a Mean One, Mr. Grinch record for Jolly Holiday?",7,3690.591627007379,False
"Which plant is grown as an ornamental species, Notholirion or Bomarea?",0,270.7128447485479,True
The British National Party (BNP) subscribes to what form of radical authoritarian nationalism?,4,1424.6899817918095,True
What type of category does Origanum and Athyrium have in common?,0,270.7128447485479,True
The Woman is Dangerous stars an American film and television actress who began her career as a dancer and what else?,7,2864.271883385668,False
What is the nationality of the actor who played the role of George Dunlop in the film Shoot the Moon?,2,562.6258185867669,True
The actor Michael Keaton play a role that opened what restaurant in 1954?,7,3690.591627007379,False
Ethan Phillips plays the character Neelix in what sci-fi tv series?,7,2864.271883385668,False
Are Joshua Dugdale and Richard Benjamin both actors?,0,270.7128447485479,True
"Francis Farewell Starlite is an American musician, producer, songwriter, and is the frontman of which American musical group project?",0,270.7128447485479,True
"Nita Kumar completed her Ph.D. from the University of Chicago in History and has taught at the University of Chicago, Brown University, and the University of Michigan among other places, she presently holds the Brown Family Chair of South Asian History at which independent, coeducational and private liberal arts college with a curricular emphasis on economics, finance, international relations, government and public affairs, located in Claremont, California, United States?",1,498.6339382509491,True
In what county is the company that KZQD is licensed to located?,3,869.0830829186463,True
Are Trevor McNevan and Leslie West both citizens on the same country?,0,270.7128447485479,True
What genuses does Pleioblastus and Tibouchina belong to?,7,4516.91137062909,False
"Henry Cejudo beat Besarion Gochashvili and others to became the Olympic champion 55 kg freestyle wrestler, in which year?",0,270.7128447485479,True
"When was the company that published Casey Rae's book, Music Copyright in Practice: An Authoritative Guide, founded ? ",7,2864.271883385668,False
Daniel Johns and Justin Currie both did what in their respective music groups?,4,1424.6899817918095,True
 Naneun Ggomsuda made a satire song based on the 19th-century Christian hymn by whom?,4,1424.6899817918095,True
"Who is Major League Soccer's first all-time leader in regular season goals, known for playing forward and attacking midfielder?",0,270.7128447485479,True
"Which movie did Richard Bluff work on next after the one that was nominated for three awards, including the Teen Choice Award?",7,2864.271883385668,False
Seo Ju-hyun stars in a 2017 South Korean series that replaced what show on MBC?,2,562.6258185867669,True
Juan Figer Svirski manages which Brazilian professional footballer who plays for Atlético Mineiro and the Brazil national team as a forward?,1,498.6339382509491,True
"Which band has had more hit singles, American Authors or  Bear Hands?",0,270.7128447485479,True
What sport is seen in the paragraphs above?,7,2864.271883385668,False
"Who sat in on guitar at the Let It Rock concert and had a top 5 hit on the U.S. ""Billboard"" Hot 100 chart, named ""Angel Eyes?",6,2499.044203727256,True
Do The Drums and Pussy Galore play music of similar genres?,0,270.7128447485479,True
What profession Yeo Hoon-min and Bill Champlin have in common?,0,270.7128447485479,True
Josh Aubrey played college football at a school in what city?,7,2864.271883385668,False
 Erwin König was killed by a soviet sniper born in which year ?,2,562.6258185867669,True
Are both Cissus and Ruscus considered flowering plants?,0,270.7128447485479,True
"Between Brian Kidd and Mikel Arteta, what year was the older one born?",1,498.6339382509491,True
Pyotr Ilyich Tchaikovsky and Giuseppe Verdi have this profession in common.,0,270.7128447485479,True
"Who was the director of the 2002 American black comedy film in which the actress, who made her film debut in the satire ""Divorce American Style"", starred?",7,3690.591627007379,False
Are both Blaise Cendrars and Julian Barnes are a citizen of the same country?,0,270.7128447485479,True
In what year did Florentijn Hofman create the largest rubber duck sculpture?,0,270.7128447485479,True
"Which team did a two time NBA All-Star player, born April 13,1979 move to from the New Orleans Hornets in the 2004-05 season?",2,562.6258185867669,True
"Which of the two colleges are private, Bilkent University or Boise State University?",1,498.6339382509491,True
What type of legal entity is Biecco Lawrie Limited if it manufactures medium-voltage switchgears as a commercial activity on behalf of the Government of India?,7,3690.591627007379,False
"Which is a magazine about bodybuilding, Women's Physique World or VIVmag?",0,270.7128447485479,True
"Which was established first, the publication America's Civil War or the website Heeb?",1,498.6339382509491,True
"Who has received more medals, Andrei Okounkov or Valery Goppa?",0,270.7128447485479,True
The Irish Mob existing since the early 19th century is said to have murdered which Lebanese American bookmaker from South Boston? ,1,498.6339382509491,True
The republican senator who got re-elected in the 996 United States Senate election in Oklahoma was born on which day ?,2,562.6258185867669,True
"Born in 1976, what German-American actress was part of the voice cast in The Galapagos Affair: Satan Came to Eden?",2,562.6258185867669,True
"What is the nationality of the author of ""Play Dirty""?",2,562.6258185867669,True
"Who was formed first,The Used orBlessid Union of Souls ?",0,270.7128447485479,True
"What is a Japanese anime series and the sixth ""Pretty Cure"" installment by Izumi Todo, Otra Película de Huevos y un Pollo or Fresh Pretty Cure! ?",0,270.7128447485479,True
"Jo Seung-woo, is a South Korean actor, he is best known for his leading roles in Inside Men, released in which year, is a South Korean neo noir political crime action film written and directed by Woo Min-ho based on Yoon Tae-ho's webtoon ""The Insiders""?",0,270.7128447485479,True
What was the pro-slavery group called that Silas Soule clashed with?,6,3304.1354063100844,True
Guy Walters competed against which former professional boxer that is a two-weight world champion?,7,3690.591627007379,False
Who directed the Indian crime action film which  Ram Sampath composed song for ,7,2864.271883385668,False
Mark of the Gorilla is 1950 Jungle Jim film that starred an actor best known for playing which character ?,2,562.6258185867669,True
Are Anthony Himbs and David Hewlett both Canadian?,0,270.7128447485479,True
What Richie Valen cover did Selena sing?,6,2499.044203727256,True
] Moose Pond is located in a town with a population of what at the 2010 census?,7,2864.271883385668,False
Who is Harry's nemesis in the Half-Blood Prince?,1,498.6339382509491,True
"In Norway, Pinnekjøtt, Stick Meat, is a main course dinner dish of lamb or mutton, this dish is largely associated with the celebration of Christmas, served with puréed swede and potatoes, beer and Akvavit, is a flavoured spirit, that has been produced since the 15th century, principally produced in which country?",2,562.6258185867669,True
"Godspeed, was under Captain Bartholomew Gosnold, an English lawyer, explorer, and privateer who was instrumental in founding of which organization?",1,498.6339382509491,True
Are James Merrill and James Joyce both American poets?,0,270.7128447485479,True
Which opera had more acts: Madama Butterfly (original) or Rigoletto?,0,270.7128447485479,True
Who was the director of the 1968 Metrocolor Cold War era suspense and espionage film that had its screenplay written by the novelist who wrote under the pseudonym Ian Stuart?,1,498.6339382509491,True
Nayo Wallace portrayed the character of Sarabi in a musical directed by who ?,7,2864.271883385668,False
"Katie Aselton and Toni Collette star alongside American comedian, who describes herself as “alt-cabaret provocateur?”",4,1424.6899817918095,True
"Where was the Australian contract killer, featured in Underbelly: A Tale of Two Cities, born?",4,1424.6899817918095,True
"What group of people does Texcoco, State of Mexico and National Museum of Anthropology have in common?",2,562.6258185867669,True
What did the wife of the 15th Mughal Emperor serve as?,4,1424.6899817918095,True
Frank Roman was the band directer of what marching band that was founded in 1908 by a group of 14 students?,2,562.6258185867669,True
Who is credited with presiding over the transition of childrens literature from parables to works that appealed to imagination and emotion?,7,3690.591627007379,False
When was the president of Sudan and head of the National Congress Party born who was ordered to arrest by Stevan Arnold Majiedt?,2,562.6258185867669,True
"Who is the owner of a small publishing firm focused on a series of related science fiction role-playing games, the first published in 1977 by Game Designers' Workshop?",7,2864.271883385668,False
Yeo Jin-goo played the young version of the lead role in which 2008 South Korean erotic story? ,2,562.6258185867669,True
When did Sarah Polley become known as a child actor?,7,3690.591627007379,False
"Which airline, which is the largest airline in hawaii operate in the 1960's with Atlantic Gulf Airlines?",0,270.7128447485479,True
"Joachim Gottschalk, was a German stage and film actor during the late 1930s, a romantic lead in the style of who, which was an English stage and film actor, director and producer?",1,498.6339382509491,True
"What was the predominant Western and Central European culture of Early Iron Age Europe from the 8th to 6th centuries BC that  the lakeside village of Hallstatt, Austria is considered the model ?",0,270.7128447485479,True
"Skagboys is a 2012 novel by Scottish writer Irvine Welsh, it is a prequel to his 2002 sequel, which novel published in 2002 by Scottish writer Irvine Welsh, and is the sequel to ""Trainspotting""?",0,270.7128447485479,True
"The two major classic films Westward Ho the Wagons! and The One and Only, Genuine, Original Family Band were productions of what major entertainment titan?",3,869.0830829186463,True
John Sandeman Allen was part of the South Norfolk constituency in the UK general election held on what date?,4,1424.6899817918095,True
The professional mixed marshal artist who appeared in the 2015 documentary Game Face was born in what year?,4,1424.6899817918095,True
"Which artist is from England, Kim Dong-jun or Alison Goldfrapp?",7,2864.271883385668,False
The Albany Metro Mallers football team plays its home games at a stadium that was once a reservoir for what?,6,3304.1354063100844,True
"Times Square is a major commercial intersection, tourist destination, entertainment center and neighborhood in the Midtown Manhattan section of New York City, one of the world's busiest pedestrian areas, it is also the hub of where, which refers to the theatrical performances presented in the 41 professional theatres with 500 or more seats located in the Theater District and Lincoln Center along Broadway, in Midtown Manhattan, New York City?",3,869.0830829186463,True
"Lucy Hawking co-wrote the book ""George and the Unbreakable Code"" with which famous theoretical physicist?",0,270.7128447485479,True
Which television series was also used as the theme song for the hip-hop version of the song performed by Lou Rawls ,1,498.6339382509491,True
Which brand was marketed earlier--Crusha or Grapette?,0,270.7128447485479,True
Notable planes made at Woodford Aerodrome include what British four-engined Second World War heavy bomber?,1,498.6339382509491,True
"What film, with actor Adam J. Yeend, was about the relationship of Elizabeth Taylor and Richard Burton?",2,562.6258185867669,True
Which Metro-Goldwyn-Mayer film was From This Moment On included in ,3,869.0830829186463,True
"Jason Michael Lee (born April 25, 1970) is an American actor, producer and skateboarder, He is also known for his roles in Kevin Smith films such as ""Mallrats"", Kevin Patrick Smith (born August 2, 1970) is an American filmmaker, actor, comic book writer, author, and what?",3,869.0830829186463,True
Esther Norma Arrostito is a founder of a revolutionary movement who's name alludes to a group that fought in what war?,6,3304.1354063100844,True
The National Education Goals Panel discontinued their reports by the Act that reauthorized which piece of legislation?,2,562.6258185867669,True
Which state of india is the 10th largest state in which Ahiwara is a town and a nagar panchayat in Durg district?,0,270.7128447485479,True
In what city was Maud Briggs Knowlton a director of a museum?,6,3304.1354063100844,True
"TuxWhich film was most recent, ""The Strongest Man in the World"" or ""Tux"" which is based on the manga series ""Tuxedo Gin""?",0,270.7128447485479,True
What was Bill Dvorak's fifth cousin's nationality?,2,562.6258185867669,True
"Lodoicea and Nothofagus, are genus of what mutual species?",7,3690.591627007379,False
Kenneth Marlar Taylor had a friend best known for being one of the few United States Army Air Corps fighter pilots able to get airborne to engage Japanese forces in the attack on Pearl Harbor whose name was what?,0,270.7128447485479,True
"Who was born first,  Rómulo Gallegos or Beatrix Potter?",0,270.7128447485479,True
Which Spanish conquistador killed Atahualpa and was subsequently assassinated and succeeded as governor by Cristóbal Vaca de Castro?,0,270.7128447485479,True
"Uli's Famous Sausage is a butcher shop and sausage vendor founded by German master butcher Uli Lengenberg, it is located at which public market overlooking the Elliott Bay waterfront in Seattle, Washington, United States?",0,270.7128447485479,True
"Faygo and Shasta, have which mutual detail characteristics?",5,2862.169010526513,True
"Rana Gujral is an Indian American Entrepreneur, Executive, a Columnist and an Investor, in 2017, he was awarded the ""Entrepreneur of the Month"" by ""CIO Magazine"", also known as CIO.com, was founded in 1987 in Framingham, Massachusetts, to serve executives and technology decision makers in the information technology field and the burgeoning role of which occupation?",3,869.0830829186463,True
"Did both H. Bruce Humberstone and Michael Haneke work on the 1997 film ""Funny Games?""",0,270.7128447485479,True
Who was a former science teacher that was fired for branding a student with a Christian cross?,2,562.6258185867669,True
"Brauerei Paderborner is a brewery in the German city of Paderborn, which was purchased by which German brewery, in the Arnsberg Forest Nature Park outside of Warstein?",1,498.6339382509491,True
How many words was the short story for which Forerunner was best known? ,7,2864.271883385668,False
The place where VAQ-131 is based is in what US state?,2,562.6258185867669,True
Sorghum × drummondii is a type of grass harvested for what type of edible fruit?,7,3690.591627007379,False
"Zooey Deschanel, who played in Bridge to Terabithia, also played in what Fox sitcom?",0,270.7128447485479,True
"Ross Shor Lynch, is an American singer, songwriter, and actor, he is also starring in a new horror/thriller movie called ""My Friend Dahmer,"" a 2017, an American biographical drama film, written and directed by who?",2,562.6258185867669,True
The male star of My Santa was born in what year?,7,2864.271883385668,False
"Fiona Bruce is a British Conservative Party politician, who is the Member of Parliament for which constituency in Cheshire, represented in the House of Commons of the UK Parliament since 2010?",0,270.7128447485479,True
"Who is a Grand Slam champion after winning the 2015 French Open men's doubles title with Marcelo Melo, Fabio Fognini or Ivan Dodig ?",0,270.7128447485479,True
"""No puede ser"" was sang in the 1990 concert of a popular operatic singing group whose first performance was on what date?",1,498.6339382509491,True
Roughlee is located located at the foot of the hill that has a summit of what elevation?,7,2864.271883385668,False
Elois Jenssen earned Academy Awards nominations for design work on an American science fiction action-adventure film written and directed by who?,2,562.6258185867669,True
"King is a 1978 American television miniseries about Martin Luther King Jr., that included his niece, who is an american activist, and representative for what district in the Georgia House of Representatives?",2,562.6258185867669,True
which one of Harald Kloser films is a political thriller?,7,2864.271883385668,False
"Susan Heyward appears in ""Powers"" alongside an actor known for playing what character in ""The Riches""?",7,2864.271883385668,False
"Where are both Heshan, Guangxi and Jian'ou located?",0,270.7128447485479,True
The Prince of the Pagodas's music was commissioned from a composer who passed away in which year ?,2,562.6258185867669,True
What is the name of the movie produced by Nasir Hussain and has a remake named Keyamat Theke Keyamat?,0,270.7128447485479,True
"Where do the team for which Kyle Wootton is currently playing, play their home games ? ",2,562.6258185867669,True
Batman: The Killing Joke is a 1988 DC Comics graphic novel featuring characters Batman and who else?,0,270.7128447485479,True
What was the 2015 population of the city where Garsington Manor in located?,7,3690.591627007379,False
John Craig Freeman is a professor at a college founded by who ?,7,2864.271883385668,True
Harold E. Bradshaw was a member of the vets organization founded in what city?,7,2864.271883385668,False
"What flight did the United Nations Security Council Resolution 1506 concerning Lockerbie, Scotland consist of?",0,270.7128447485479,True
What Colombian singer have the members of Lo-Fi worked with?,2,562.6258185867669,True
"An American singer-songwriter  whom has released four video albums and has appeared in thirty-eight music videos self-penned and co-produced, alongside Nathan Chapman, a song that was released in 2008 on August 8th, where are all proceeds from this song being donated to?",7,3690.591627007379,False
"What is the team, for which David Hillier earnt 1 cap, considered to be for the England national football team?",7,2864.271883385668,False
To which taxonomic category do both Aciphylla and Diospyros belong?,0,270.7128447485479,True
"While Gordon Robert ""Gordie"" Tapp was known as as a  radio and television presenter, comedian and a CBS broadcaster, the actress who played his wife on the show ""Hee Haw"" was also a? ",2,562.6258185867669,True
Were H. P. Lovecraft and John Updike the same nationality?,0,270.7128447485479,True
"Who appeared in 270 films between 1910 and 1952 and directed 38 silent films between 1915 and 1927, Richard Boleslawski or Howard M. Mitchell?",0,270.7128447485479,True
Which President was escorted by the battleship whose pieces are now featured at the Glendale Veterans War Memorial?,4,1424.6899817918095,True
"Sir John Piers, 6th Baronet is known for being the subject of an early poem by a poet who passed away in which year ?",2,562.6258185867669,True
Are Sunny Day Real Estate and All Time Low both from the United States?,0,270.7128447485479,True
Who is older Chris Barfoot or Géza von Cziffra?,0,270.7128447485479,True
Whose 2001 album was influence by a coal miner's records from the 1920?,7,2864.271883385668,False
What does Robert Croc and Crookston Castle have in common?,7,2864.271883385668,False
Sepoy Kamal Ram was the second-youngest Indian recipient of an award that was first presented by Queen Victoria in what year?,0,270.7128447485479,True
"WVKB is licensed to which LaRue county, Kentucky town?",2,562.6258185867669,True
Who was born first out of Valery Goppa and Alexander Gelfond?,0,270.7128447485479,True
"What was the nationality of the comedian who died the day after the final filming of a show featuring ""Father Ted?""",0,270.7128447485479,True
Are CCM Magazine and World both Christian based magazines?,0,270.7128447485479,True
What nationality is the person who hosts Sunrise with David Koh?,0,270.7128447485479,True
Who publishes the game series that Retro City Rampage is a parody of?,0,270.7128447485479,True
North Salem Town Hall is a historic town hall located in a a county established in what year?,3,869.0830829186463,True
Who has the greatest scope of work Richard Rush or Garry Marshall,0,270.7128447485479,True
"What band was the Academy Award nominee, for his work on the original score of the film directed, and produced by Spike Jonze, that  follows a man who develops a relationship with an intelligent computer operating system personified through a female voice, in?",1,498.6339382509491,True
How many people died in the fire Brooklyn Theatre that was owned by Sarah Crocker Conway?,7,2864.271883385668,False
What is the real name of the actor that appeared in both Badlands and The West Wing?,7,3690.591627007379,False
"Nobia A. Franklin, was a Texas beautician and entrepreneur, her business, geared towards beauty products for black women, was ranked third in the country behind Madam C. J. Walker, an African American entrepreneur, philanthropist, and a political and social activist, passed away on which date?",1,498.6339382509491,True
What nationality is the actor who played the voice of Simon in the live action film series 'Alvin and the Chimpmunks'?,0,270.7128447485479,True
Which Harry Potter film was #2 when Kamen Rider Decade: All Riders vs. Dai-Shocker opened at the #1 spot?,0,270.7128447485479,True
What anime did Unscandal perform theme music for and is written and illustrated by Jin Kobayashi?,2,562.6258185867669,True
Bombshell included the actress who gained fame in 2006 on what television show?,7,2864.271883385668,False
"Jonathan Mark Hedges is the Editor of ""Country Life"", published by a consumer magazine selling over how many copies each year?",7,2864.271883385668,False
Joey Richter co-starred as which Harry Potter character in 2009 fan parody musicals?,7,2864.271883385668,False
"The Saratov Approach was released throughout a geographic region of the United States, settled by Mormons beginning in what year?",7,2864.271883385668,False
"Which band has more members, English rock band Slowdive, or British rock band Skunk Anansie?",2,562.6258185867669,True
"The 1959 European Cup Final featured Real Madrid, winning their fourth European Cup in a row beating Reims for the second time in four years follwoing this years final which was played on 13 June 1956 in front of how many people?",7,2037.9521397639564,False
"The Hurricane Heist, directed by Rob Cohen, was originally entitled what name?",1,498.6339382509491,True
" Harrah's Lake Tahoe is a hotel and casino owned and operated by the fourth-largest gaming company in the world, with annual revenues of what in 2013?",3,869.0830829186463,True
What is the nationality of the then Governor of Hong Kong who carried out the electoral reform that lead to the creation of the Hotels and Catering functional constituency?,0,270.7128447485479,True
One of the founders of BALR was a Dutch professional football player who played right back for which Italian club?,7,3690.591627007379,False
"Are these both in the Üsküdar district of Istanbul, Fethi Paşa Korusu and Yeni Valide Mosque?",0,270.7128447485479,True
"What comedian and actor played in the film ""Which Way Is Up?",1,498.6339382509491,True
What was the company orginally named first?,7,2864.271883385668,False
Spearhafoc vanished with the gold and jewels he had been given to make into a crown for a king that ruled during what years?,7,3690.591627007379,False
"This international developer and publisher made games for Wii, PlayStation Portable, Nintendo DS, iOS, Android, Amazon, PC and Mac platforms.",5,2862.169010526513,True
Kalle Makinen is nicknamed 'Sergio' after another famous footballer; what teams does the original Sergio play for?,2,562.6258185867669,True
The 1997–98 FC Barcelona season began with the addition of the striker who was of what nationality?,7,2864.271883385668,False
"Which has smaller flowers, Campsis or Kalmiopsis?",0,270.7128447485479,True
Are both Valley International Airport and Worcester Regional Airport located in the same state?,0,270.7128447485479,True
Jeep Cherokee was a variant of a popular car that was sold between what years ?,7,2864.271883385668,False
What team did Pete Elezovic play for that joined the AFL?,7,3690.591627007379,False
When was the Houston Rockets point guard recruited by Frank Sullivan born?,7,2864.271883385668,False
"Billy Greer, is the current bass guitarist for the band Kansas, he also was a member of the brief 2009 Kansas side project ""Native Window"" along with David Ragsdale, he has been the violinist for which band, from 1991 to 1997 and from 2006 to the present?",7,2864.271883385668,False
"Who is older, Dave Grohl or David Vanian?",4,1424.6899817918095,True
"Which was created first, 20,000 Leagues Under the Sea or Superdad?",0,270.7128447485479,True
Who coached the future Indianapolis Colts 2014 NFL Draft third round draft pick while the wide receiver played at the University of Mississippi? ,3,869.0830829186463,True
Azor Betts began his practice in which British proprietary colony?,1,498.6339382509491,True
"What 2,363 seat live performance venue was At the Ryman recorded?",0,270.7128447485479,True
What was the flag carrier airline Air India and its subsidiary Air India Express Limited formed to oversee?,2,562.6258185867669,True
Which author wrote a novel containing a horror icon known as Pennywise the Dancing Clown?,0,270.7128447485479,True
"Still in the Basement is the second EP by Soul Intent, and featured what American rapper, record producer, and actor?",1,498.6339382509491,True
Which Irish actress will appear in the play The Ferryman who is known for her work in Star Wars?,2,562.6258185867669,True
Are Louis de Bernières and Anya Seton from different countries?,0,270.7128447485479,True
Are Mertensia and Sasa plants from differing genuses?,0,270.7128447485479,True
Which country music artist known for her song Pink Warrior has shared the stage with Miranda Lambert?,2,562.6258185867669,True
When was the manager of the goalkeeper for English club Manchester United and the Spain national team born?,7,2864.271883385668,False
A Bloodhound and a Bloody Mary are both what type of a drink?,0,270.7128447485479,True
Was Oceans of the Mind and Quanta Magazine online?,0,270.7128447485479,True
When was the American microbiologist who developed MMR vaccine born?,2,562.6258185867669,True
"What county named after the Potawatomi tribe of Native Americans contains the city of Wheaton, Kansas?",1,498.6339382509491,True
Who directed the 2017 American erotic romantic drama based on E. L. James's novel that is the sequel to a 2015 American erotic romantic drama film directed by Sam Taylor-Johnson about a college graduate who begins a sadomasochistic relationship with young business magnate ? ,0,270.7128447485479,True
Which dinosaur was named after the province where Bartolome Saravi was General Minister in 1847?,2,562.6258185867669,True
 Tales for the Midnight Hour served as the precursor to other similar works including a series of three children's books written by Alvin Schwartz and illustrated by who?,0,270.7128447485479,True
The term phrase structure grammar was originally introduced by a linguist that is a laureate professor at what university?,2,562.6258185867669,True
"Which magazine, Photoplay or McCall's was a monthly American women's magazine,  that enjoyed great popularity through much of the 20th century, peaking at a readership of 8.4 million in the early 1960s?",0,270.7128447485479,True
"Pittsfield Colonials was priorly known under a name, and were based where?",4,1424.6899817918095,True
"In what year was the actress that starred alongside Sady Rebbot in the 1962 film ""Vivre sa vie"" born?",2,562.6258185867669,True
Who directed the  American romantic comedy-drama which Mackenzie Davis  made her film debut in ,2,562.6258185867669,True
Who was the Fleet Admiral of the Unites States Navy that Typhoon of 1944 was named after?,0,270.7128447485479,True
"What is the name of the director and producer of a 2016 American fantasy adventure film which features the voices of Stephen Fry, Timothy Spall and Alan Rickman?",7,3690.591627007379,False
"Köprülüzade Numan Pasha, was a statesman who was the grand vizier of which empire, founded at the end of the 13th century in northwestern Anatolia in the town of Söğüt (modern-day Bicelik Province) by the Oghuz Turkish tribal leader Osman?",0,270.7128447485479,True
Where did the march written by Vasily Agapkin premiere?,1,498.6339382509491,True
"The Zhukov Air and Space Defense Academy was named for a Soviet Red Army officer who commanded the 1st Belorussian Front in the Battle of Berlin, during what war?",0,270.7128447485479,True
"The Troelfth Cake, is a 1773 French allegory and satire on which event that took place in 1772 as the first of three partitions that ended the existence of the Polish-Lithuanian Commonwealth by 1795?",0,270.7128447485479,True
Who is the artist who has collaborated with Jneiro Jarel and known for a British rock band?,1,498.6339382509491,True
"Columbus, Ohio is located in which county?",0,270.7128447485479,True
"James T. Richardson is notably outspoken on which high-profile case that was born on February 20, 1954?",2,562.6258185867669,True
"Heyawake is a binary-determination logic puzzle published by what Japanese publisher that specializes in games, and especially, logic puzzles?",7,2864.271883385668,False
Are Tapes 'n Tapes and My Morning Jacket from the same location?,0,270.7128447485479,True
Are Gabe Saporta and Klaus Meine both entrepreneurs?,0,270.7128447485479,True
"Who was born first, Steve Perry or Alison Goldfrapp?",7,2864.271883385668,False
Cars 3 is a 2017 animated comedy adventure film released by an American film production company that took on its current name in what year?,7,2864.271883385668,False
The cast of The Danish Girl includes an American actress who made her film debut in 2004 in what drama?,7,2864.271883385668,False
Blue Duck was best known for posing with which female American outlaw?,7,2864.271883385668,False
In what year did Hans Hilfiker design the swiss railway clock with Mobatime?,0,270.7128447485479,True
D. Ray White is the father of the folk dancer of what nationality?,1,498.6339382509491,True
"Which of Doreen Cannon fellow students  later played Frank Costanza on the NBC sitcom ""Seinfeld"" and Arthur Spooner on the CBS comedy series ""The King of Queens""?",0,270.7128447485479,True
Are Ruta and Fenestraria both native African plants?,0,270.7128447485479,True
Martin Beck grew up 20 blocks from a neighborhood within what city of New York?,1,498.6339382509491,True
"What college campus contains The Cathedral of Learning, designed by Charles Zeller Klauder?",0,270.7128447485479,True
The Curse of Rocky Colavito is one of several sports superstitions centered on the failure to win a championship in any major league sport for how many years?,7,2864.271883385668,False
 Elora Danan is a fictional character from a British-American high fantasy film directed by who?,0,270.7128447485479,True
What is the population of the nearest city to the Granite Dells?,7,3690.591627007379,False
"Which band has more member, Broken Bells or Navarone?",2,562.6258185867669,True
"What singer of ""Love Gets Me Every Time"" is the best-selling female artist in country music history?",0,270.7128447485479,True
"Pura Gede Perancak is a prominent sea temple, of which type that has historically been used as a geographical, cultural, and later religious identifier for people indigenous to South Asia, in Perancak, Bali, Indonesia?",1,498.6339382509491,True
Was the 9th FINA Swimming World Championships (25 m) held in an indoor or outdoor arena?,7,2864.271883385668,False
Craig Lindfield plays as a Winger for a football club that plays their home games at what park?,6,3304.1354063100844,True
American rapper Nicki Minaj has participated in which 2014 American comedy film alongside Cameron Diaz?,0,270.7128447485479,True
Rainbow Connection was written by the composer of what nationality?,0,270.7128447485479,True
What is the birth date of the woman Paul McCartney was engaged to after Linda McCartney's death?,7,2864.271883385668,False
"In 2014, Parrish participated in the 19th season of a show that premiered on which day ?",2,562.6258185867669,True
"James Rogers served with what American colonial frontiersman, who was his brother, and who served in the British army during the French and Indian War, and the American revolution?",2,562.6258185867669,True
"Andrew James Stockdale was featured on the 2010 single ""By the Sword"" by what British-American musician and songwriter who is best known as the lead guitarist of Guns N' Roses?",0,270.7128447485479,True
Who was the director of the 1988 American comedy-fantasy which stars Jeffrey Duncan Jones?,3,869.0830829186463,True
"Amhert, Massachusetts, is a town located in the valley of the longest river in which region of the United States?",7,4516.91137062909,True
"In what year was the writer of the 1887 story ""Kidnapped"" born?",2,562.6258185867669,True
Are Pizhou and Jiujiang in the same province?,0,270.7128447485479,True
Chingari was inspired by a French-American film directed by who?,2,562.6258185867669,True
Watchers is a film starring which actress?,4,1424.6899817918095,True
"Who is the rapper that performed the song ""The Food"" on the show of an award winning American stand-up comedian, actor, writer, and producer, born in 1973?",2,562.6258185867669,True
What is the occupation of both Nic Nassuet and Ray Toro?,2,562.6258185867669,True
Which Democratic Party politician from South Dakota was re-elected to the Senate in 1974 over a colonel in the United States Air Force who received the Medal of Honor for his actions in the Vietnam War?,0,270.7128447485479,True
Which game CirKis or Top Secret Spies was produced first ?,1,498.6339382509491,True
"What american stage, film  and television actress, born in 1917 starred in A Letter to Three Wives?",0,270.7128447485479,True
Did both the Selective Draft Law Cases and Atkins v. Virginia find that the Constitution had been violated?,0,270.7128447485479,True
In which year was the maiden flight of the light combat aircraft developed in South Korea's first fighter development program,4,1424.6899817918095,True
"The 1979 Memorial Cup occurred May 6–13, in Quebec, participating teams included the Western Hockey League (WHL) is a major junior ice hockey league based in Western Canada and the Northwestern portion, of which country?",7,2864.271883385668,True
"What rapper who's debut single was ""Crank That"", collaborated with The Pack?",1,498.6339382509491,True
Which airline merged with the company with who Prem Mathur worked for in 1953?,2,562.6258185867669,True
"The song ""Bluebird"", which is credited to Paul and Linda MCCartney, was released on what album that also marked the fifth album by Oaul McCartney since his deoarture from the Beatles in 1970?",2,562.6258185867669,True
How tall (antenna included) is the 102-story skyscraper atop which WXNY-FM has a transmitter?,6,2499.044203727256,True
What is the birth date of this South Korean actor who had a leading role in Confession of Murder?,7,2864.271883385668,False
What was the first year the NinjaTel van's model released?,7,2864.271883385668,False
Are Ballota and Cibotium both native to temperate regions?,0,270.7128447485479,True
"Lois Lowry, is an American writer credited with more than thirty children's books, she has won two Newbery Medals, for ""Number the Stars"", published in which year?",0,270.7128447485479,True
What was the profession of the regular panelist on the British television panel game show It's Only a Theory?,4,1424.6899817918095,True
Michael Standing has become an agent for former a teammate who plays for which English football club?,2,562.6258185867669,True
Which show that Michael Wandmacher composed for shares a name with its creator?,1,498.6339382509491,True
"What album recorded over a two-year period between 1989 and 1991 included Kevin Shields as the main composer, musician and producer? ",0,270.7128447485479,True
Were Terry Jones and Thomas Schlamme both members of the Monty Python comedy troupe?,0,270.7128447485479,True
What is the estimated wealth intensifying of the novel on which the film Blue Blood is based ?,7,3690.591627007379,False
What is the prize in the game show hosted by an actress known for portraying the supporting character Peg in a Spanish-American teen sitcom?,7,3690.591627007379,False
The Facts Behind the Helsinki Roccamatios only received acclaim after which other 2001 Yann Martel novel was released?,0,270.7128447485479,True
What comedy film series is noted for its opening credits sequences and for featuring fictional detective Jacques Clouseau?,0,270.7128447485479,True
"Which film director is the founder of the Application Movie Pitch Pro, Derek Estlin Purvis or Andrzej Munk?",0,270.7128447485479,True
Kant Pan worked on which film produced by Brooksfilms and distributed by 20th Century Fox ?,7,2864.271883385668,False
What village in the town of Hempstead is the home for a team John Paul Loviglio plays for?,7,2864.271883385668,False
Which of the two were founded first out of Syracuse University and University of Washington?,0,270.7128447485479,True
"Goffstown, New Hampshire is the home to which only women's prison in New Hampshire?",2,562.6258185867669,True
"Which film director, Frank Pierson or Peter Tscherkassky, primarily used a darkroom rather than digital film to produce their works?",0,270.7128447485479,True
"Premier LeagueBlackburn Rovers F.C. finished in the top half of which sport organization, for the third successive season, this time ending up in 7th place, its manger was Mark Hughes?",0,270.7128447485479,True
"Who received more awards for their works, Paul Celan or Jonathan Kellerman?",0,270.7128447485479,True
"The 42d Attack Squadron of the United States Air Force flies General Atomics MQ-9 Reaper, sometimes called Predator B, is an unmanned aerial vehicle (UAV) capable of remotely controlled or autonomous flight operations, developed by General Atomics Aeronautical Systems (GA-ASI), primarily for which organization?",0,270.7128447485479,True
 Flight 102 was a cargo flight operated by an airline based in which city ?,7,2864.271883385668,False
Charles Howard was a gentleman at the court of the second what?,7,3690.591627007379,False
What federal parliamentary republic in central-western Europe has a southern Black Forest?,0,270.7128447485479,True
"Battle of Chancellorsville and Battle of Leyte Gulf, are battles fought by Americans?",7,2864.271883385668,True
Question: Michael and Peter Spierig directed this 2014 science fiction film that won Matt Villa his second AACTA Award. ,0,270.7128447485479,True
Who was the director of the 1980 American biographical film in which Beverly D'Angelo plays Patsy Cline?,2,562.6258185867669,True
"What is the provision of micro loan to the poor entrepreneurs and small businesses lacking access to banking and related services, offered by a company that helps  entrepreneurs living with mental health and addiction challenges who are interested in pursuing self-employment?",7,3690.591627007379,False
"Ursula Gunther was a German musicologist, who specialized in the music of what Italian opera composer?",7,2864.271883385668,False
In what city was the Bill Cosby album For Adults Only recorded?,7,3690.591627007379,False
When did Grammar school that Michael Handley was educated at convert to academy status?,7,2864.271883385668,False
John Haase's associate was born in what year?,7,2864.271883385668,False
What is the name of an Afghanistan Sarbani tribe?,7,3690.591627007379,False
"WWDP, virtual channel 46 (VHF digital channel 10), is affiliated with which television station serving Boston, Massachusetts, United States that is licensed to Norwell, who's the multi-channel video retailer and American cable, satellite and broadcast television network?",2,562.6258185867669,True
What do University of Arizona and University of Massachusetts Amherst have in common?,0,270.7128447485479,True
"Which of the following films is a documentary about a London, Midland, and Scottish Railway mail train: Night Mail or What Would Jesus Buy?",0,270.7128447485479,True
Warner Bros distributed what musical comedy film in which Carmen Twillie was one of the singers?,2,562.6258185867669,True
 Roy Black is a civil and criminal defense trial attorney who has represented an American financier and registered sex offender who served how many months in prision for his conviction of soliciting an underage girl for prostitution?,3,869.0830829186463,True
"The character Samantha Jones from ""Sex and the City"" was escorted by whom at the 2nd Genie Awards?",7,3690.591627007379,False
"What American director, born Joseph McGinty Nichol, directed the pilot episode of ""Chuck""?",1,498.6339382509491,True
"In what year was the director of the film ""Bucking Broadway"" born?",4,1424.6899817918095,True
Secret in their Eyes stars a British actor who enrolled at the Nationial Youth Theater in 1995 and gained a scholarship to where?,7,3690.591627007379,False
"Achuguayo is the god of what religion in Tenerife, the largest and most populated island of the seven Canary Islands?",7,3690.591627007379,False
"According to the 2010 census, what was the population of the CDP in which Captain Robert Robinson was born?",7,3690.591627007379,False
"What school were Hryhoriy Veryovka and the composer of ""Carol of the Bells"" faculty members at? ",0,270.7128447485479,True
In what year was the politician after whom Northside High School was previously named born?,4,1424.6899817918095,True
 Which song on the fourth studio album by French DJ David Guetta feature vocals by Kelly Rowland on the song When Love Takes Over?,7,4516.91137062909,False
What did a suitor of queen Elizabeth I say Sir Roger Williams was?,3,869.0830829186463,True
Kyle Schickner and Charles Lamont both lived in what city?,2,562.6258185867669,True
Which political ideology was the premise of The National Action Party?,7,3690.591627007379,False
"In what year was the band behind ""Doncamatic"" created?",7,2864.271883385668,False
"Which game was created first, Bailout! The Game or Dark Tower?",0,270.7128447485479,True
Who produced the album that has Exit as the tenth track? ,7,2864.271883385668,False
What country is San Antonio del Monte in technically? ,0,270.7128447485479,True
Which singer won an award at he 40th Annual American Music Awards who is known for writing narrative songs about her personal life?,0,270.7128447485479,True
Who created the television series in which Lauren Tom portrays Celia Mack ?,2,562.6258185867669,True
Which of the following has hosted cover models Kim Kardashian and Katy Perry: Paper or Heeb?,0,270.7128447485479,True
How long is the bicycle trail that is near the Melbourne Zoo?,2,562.6258185867669,True
How can the name of the city that Pelegrina Pastorino died in be translated?,7,3690.591627007379,False
"Which Canadian-American actress, born in 1954, stars in Where the Wild Things Are?",7,2864.271883385668,False
The graduate medical school of which Spaulding Rehabilitation Hospital is a part is located in which neighborhood of which city?,7,2864.271883385668,False
Are Prevention and Drum! both American magazines?,0,270.7128447485479,True
When was the physicist who hosted Wonders of the Solar System born? ,4,1424.6899817918095,True
"Four Darks in Red is shown in Mark Rothko's mural projects for what skyskraper, that is located at 375 Park Avenue in Manhattan?",0,270.7128447485479,True
Do the genuses Coniogramme and Merremia belong to the same family?,0,270.7128447485479,True
Ibou Omar Touray plast as a left back for a professional football club that plays in what leauge?,2,562.6258185867669,True
Who designed the second most produced American fighter aircraft during World War II?,7,2864.271883385668,False
What is the type of particle of the concept that was proposed by the Soviet physicist who also discovered the theory of superfluidity?,7,3690.591627007379,False
Are Chantal Claret and Hayley Williams both singer-songwriters?,0,270.7128447485479,True
Who plaid for Arsenal W.F.C?,7,2864.271883385668,False
Who Killed Nelson Nutmeg? starred the actress who played what role in the Harry Potter series?,0,270.7128447485479,True
"Rosemary Pauline ""Rose"" West, is a British serial killer, now an inmate at HMP Low Newton, Brasside, Durham, after being convicted of ten murders in 1995, her husband, named what,an English serial killer who committed at least 12 murders between 1967 and 1987 in Gloucestershire, the majority with his wife, committed suicide in prison while awaiting trial ?",7,2864.271883385668,False
"What is the name of the 2008 cookbook, based on a Yountville, California restaurant, written by Thomas Keller and Michael Ruhlman?",7,3690.591627007379,False
What was the population in 2010 of the village where James W. and Anne Smith Phyfe Estate is located ? ,4,1424.6899817918095,True
Type I Rifle retains the box magazine that is by the arms manufacturer of what nationality?,7,3690.591627007379,False
"What does the ARY Film Awards of Merit present annually recognizing a character, group of characters, institution or concept that stands in or represents opposition against which the protagonist must contend?",2,562.6258185867669,True
"Which pilot was born earlier, Klaus-Dietrich Flade or Philippe Perrin?",0,270.7128447485479,True
"Which competitor to ""Strange Stories"" was edited by John W. Campbell?",3,869.0830829186463,True
WIND ranks behind which Rome-based telecommunications company?,0,270.7128447485479,True
What was the film in which the Black Reel Award for Outstanding Actor recipient was cast as James Covey?,2,562.6258185867669,True
"Between Ulli Lommel and Maurice Pialat, who has had a more diverse career?",0,270.7128447485479,True
"What does the name of the first castle erected in 13th century, means what in Gaelic?",7,3690.591627007379,False
"Which superhero in the Marvel Comic, ""Runaway"" both possesses the Fistigons and has control over the Leapfrog?",2,562.6258185867669,True
When was the Italian general and air power theorist dies who's theories strong opponent was Amedeo Mecozzi?,3,869.0830829186463,True
"In addition to composing and singing, Avadhoot Gupte also directed which 2015 musical film starring Santosh Juvekar and Tejaswini Pandit?",1,498.6339382509491,True
"In the Tupac Shakur song Hail Mary, who is the close friend he used for one of the verses?",7,3690.591627007379,False
Who is a natural philosopher who coined the term hymenophore?,2,562.6258185867669,True
"War Front, is an American Thoroughbred racehorse, in 2006 he won which American Thoroughbred horse race held annually near the end of July at Saratoga Race Course in Saratoga Springs, New York?",2,562.6258185867669,True
Are Kaempferia and Wulfenia both types of plant?,0,270.7128447485479,True
Scholar and educator  Isaac S.D. Sassoon is a member of the Sassoon family because of their great wealth they accumulated they are also called what?,0,270.7128447485479,True
"What is the title of the Canadian film directed by Jeremy Ma and Angus Ng whose common elements include satire, dark humor, incongruity, the abasement of reason, and controversy regarding the philosophical condition of being ""nothing""?",1,498.6339382509491,True
"Who was born first, Stan Wawrinka or Sandy Mayer?",0,270.7128447485479,True
Who is an English footballer who plays as a midfielder for the club originally known as Kirkham & Wesham?,4,1424.6899817918095,True
 Paul Machliss is a film editor who has worked on a comic science fiction film directed by who?,2,562.6258185867669,True
Wisdom was a female of the species of seabird that ranges across what area?,7,2864.271883385668,False
"Which actress who starred in ""About Last Night..."" endorsed the Werewolf Diet?",1,498.6339382509491,True
"What American actor and comedian known for playing the role of Newman in Seinfeld, also stars in the series The Exes on TV Land?",2,562.6258185867669,True
"What band is based in Los Angeles, California, Youngblood Hawke or Starset?",0,270.7128447485479,True
The Most Outsanding Player of the 2007 NCAA tournament was traded to which team during the 2010–11 Denver Nuggets season?,7,3690.591627007379,False
"Who has more scope of profession, Drew Daywalt or Werner Herzog?",0,270.7128447485479,True
"What is the name of the South Korean model and actor, who starred in Who Are You: School 2015?",7,2864.271883385668,False
"What artist released a free red 7"" vinyl with ""NME"" magazine and released an album in June 2017?",7,2864.271883385668,False
What year was the final Wilco album for which Ken Coomer was with band completed?,1,498.6339382509491,True
Which actor starred in a 2000 Korean film written and directed by Kim Ki-duk?,7,2864.271883385668,False
In how many countries did a song written by Rolf Magnus Joakim Larsson go to the number one spot?,7,3690.591627007379,False
Kim Jong-chul's older half-brother was thought to have fallen out of favour after embarrassing the regime in 2001 with a failed attempt to visit where?,3,869.0830829186463,True
"The artist that recorded ""Heartbreak Hurricane"" was born on what date?",3,869.0830829186463,True
What French director directed the silent films The Christmas Dream and The Impossible Voyage?,7,3690.591627007379,False
Are Alfred L. Werker and Merian C. Cooper both directors?,0,270.7128447485479,True
"Where was the second brewpub of the brewery, which Jack Joyce founded, opened?",7,3690.591627007379,False
Yahya Abdul-Mateen II will appear in a film about what circus?,7,2864.271883385668,False
Which Argentine actress won the Best Actress award at the Moscow International Film Festival in 1977 for her role in Crazy Women?,1,498.6339382509491,True
"What film, that was written and directed by Brad Bird, did Spencer Fox act in?",0,270.7128447485479,True
"Which magazine, In These Times or Tall Timber Short Lines, is an American politically progressive/democratic socialist monthly magazine of news and opinion published in Chicago, Illinois?",0,270.7128447485479,True
The Eagle's Brood starred which film actor who also played the role of Hopalong Cassidy?,1,498.6339382509491,True
Are both tennis players Kathy Jordan and Daniel Vacek from the same country?,0,270.7128447485479,True
What 2014 French comedy won two awards at the 20th Lumières Awards?,7,3690.591627007379,False
WBTJ serves which independent city in the U.S. state of Virginia?,7,4516.91137062909,False
Thad Cochran defeated a man in 2014 who represents what district in Mississippi?,7,2864.271883385668,False
"Who was born first, Kevin Curren or Martina Navratilova?",0,270.7128447485479,True
"Rock im Park 2001 is a live album and DVD by the American nu metal band Limp Bizkit, released in 2008,  it features a performance from June 1, 2001 by the band at which festival in Nuremberg, that are two simultaneous rock music festivals held annually?",0,270.7128447485479,True
Who collaborated with the American violinist considered on of the greatest on the album West Meets East?,2,562.6258185867669,True
"Annie Lenox wrote ""Julia"" that was the soundtrack to what film?",2,562.6258185867669,True
"Are Donggang, Liaoning and Yan'an in the same province?",0,270.7128447485479,True
What kind of group does U2 discography and Sunday Bloody Sunday have in common?,7,3690.591627007379,False
"Who is a Canadian singer-songwriter, multi-instrumentalist and producer who's solo musical project is  Homeshake?",7,3690.591627007379,False
What is the title of one of Pippi in the South Seas writers books?,7,2864.271883385668,False
"Which person who had a live-action role in ""Peter Rabbit"" received a Bachelor of Arts in Media Arts from Dublin Institute of Technology?",1,498.6339382509491,True
What year was the composer born that was responsible for the music and lyrics for the Doctor Dolittle musical?,7,2864.271883385668,False
Which stock exchange located in Hong Kong was Bank of China was listed on in 2002?,0,270.7128447485479,True
Who created a documentary about one of the starts of Chandler?,7,3690.591627007379,False
What is the pronunciation of the studio album that included the song written by Ed Sheeran and Johnny McDaid?  ,3,869.0830829186463,True
hat is the position played by Djalma Campos most responsible for?,7,2864.271883385668,False
Subbalakshmi's daughter won what award at Asianet Television Awards 2016?,6,3304.1354063100844,True
Who was regarded as an offensive coordinator of the Panthers football team?,7,2864.271883385668,False
"CF Industries Holdings, Inc. is a North American manufacturer and distributor of agricultural fertilizers, based in Deerfield, Illinois, for its first,of how many year, it was a federation of regional agricultural supply cooperatives, a co-operative federation or secondary co-operative is a co-operative in which all members are, in turn, co-operatives?",1,498.6339382509491,True
Laura S. Walker State Park is located near a swamp that has a size of how many acres ?,7,2864.271883385668,False
what was the birth year of a sociologist of science who testified for the plaintiffs in a case involving a state Board of Education?,3,869.0830829186463,True
Eejanaika is a steel 4th Dimension roller coaster at an amusement park that was opened on March 2nd of what year?,6,3304.1354063100844,True
"When was the American film and television composer born who's current arrangement was introduced at the beginning of the third season of ""The Simpsons""?",2,562.6258185867669,True
Benoit Benjamin played for the franchise that was founded in what year as an expansion team?,7,3690.591627007379,False
What name is Jose Ramón Gil Samaniego who starred in the 1932 American Film 'Huddle' best known as?,3,869.0830829186463,True
What sovereign country is home to Imi Mqourn?,1,498.6339382509491,True
What are both Mesquite and Bruckenthalia?,2,562.6258185867669,True
What occupation do Dustin Kensrue and Jimmy Urine share?,7,2864.271883385668,False
The Light That Failed is based on a novel by an author of what nationality?,1,498.6339382509491,True
The Chile Pepper Institute never accepted a chili pepper that was the hybrid of what species created in England?,2,562.6258185867669,True
Which  small town is the capital of Amansie West,1,498.6339382509491,True
Are Ornithogalum and Monstera both flowering plants?,7,2864.271883385668,False
"What editor-in-chief of Church History graduateed from an American public land-grant, sea-grant, and space grant research university in Gainesville, Florida?",7,3690.591627007379,False
What is the seating capacity of the home stadium of the Gulf Coast League Braves?,4,1424.6899817918095,True
Of what origin is the director of the movie that has Paige Morgan as the main protagonist?,7,3690.591627007379,False
For which the American college basketball star at Loyola Marymount University died during a game?,7,3690.591627007379,False
Erin Wiedner and Monte Hellman are both American film directors?,0,270.7128447485479,True
The book Spinoza includes a foreword by a philosopher born in which year ?,2,562.6258185867669,True
Which retired Israeli general was the head of the sole military wing of the Israeli security forces?,7,3690.591627007379,False
Are both Hattiesburg–Laurel Regional Airport and John Wayne Airport located in the same state?,0,270.7128447485479,True
"Which has more to do with the Boston Marathon, Zootopia or Stylianos Kyriakides?",0,270.7128447485479,True
Is George Washington University or Brown University further north?,0,270.7128447485479,True
"Stobart Air, legally incorporated as ""Stobart Air Unlimited Company"" and formerly named Comhfhobairt (Gaillimh) and trading under the business name Aer Arann, is an Irish regional airline headquartered in Dublin, it operates scheduled services under the brands Aer Lingus Regional and which is the largest independent regional airline in Europe, based in Exeter, operating more UK domestic flights than any other airline?",1,498.6339382509491,True
Happy Birthday is a mixtape  that features a rapper who earned what in 2010?,7,2864.271883385668,False
The Allenton house fire led to the arrest of the father who was guilty of causing the deaths of how many children?,7,3690.591627007379,False
Which city on the banks of the Rhine is home to a museum of contemporary history with around one million visitors every year?,2,562.6258185867669,True
C. Scott Vanderhoef was the running mate of the minority leader who is now part of which New York district?,7,3690.591627007379,False
What type of cyclists were teammates of a former professional cyclist born in 1974 who is currently an environmental consultant?,7,3690.591627007379,False
How many students are in the school in which Henry Alex Rubin studied film?  ,4,1424.6899817918095,True
"Carol M. Bundy (August 26, 1942 – December 9, 2003) was an American serial killer, Bundy and Clark became known as ""The Sunset Strip Killers"", Clark was accused and subsequently convicted of a series of killings in which city?",0,270.7128447485479,True
"Who is the boy in Gary Paulsen's series which includes the first book ""Hatchet""?",0,270.7128447485479,True
What film released by CJ Entertainment in 2012 featured the first Asian model to walk Dior Homme's show?,2,562.6258185867669,True
The Griffin Auto Company Building is named after the company that is in what region of the US?,7,3690.591627007379,False
How many season had the Seattle Seahawks had in the same year that was the 90th NFL Season? ,7,2864.271883385668,False
"What is the year of the event that occured first, the Second Annual ""Comedy Short Cuts"" Diverse City Festival was held, or Sofia Vergara was born?",0,270.7128447485479,True
What is the post-nominal abbreviation for the university where the Banded Mongoose Research Project is based?,7,2864.271883385668,False
"ON what date did the man who played Michael Sullivan, Jr. in Road to Perdition first appear in The Adventures of Supergirl",2,562.6258185867669,True
Are Worcester Polytechnic Institute in Massachusetts and Princess Sumaya University for Technology in Jordan both technology colleges?,0,270.7128447485479,True
"What is the place with a total of 643135 sqft and 70 in-line stores, that is now the last of it's kind after the largest enclosed shopping center in Huntsville closed in early 2017?",7,3690.591627007379,False
Clunk Click Every Trip starred the DJ and fundraiser who hosted what BBC television show?,4,1424.6899817918095,True
"Which small village in the North Kesteven district of Lincolnshire, England that has a monastery called Haverholme Priory?",7,2864.271883385668,False
"Who is older, Arthur Koestler or Clarice Lispector?",0,270.7128447485479,True
What 2006 American romantic comedy film was directed by Edw?ard Fitzgerald Burns,7,3690.591627007379,False
 The Covington County School District is a public school district based in a town with a population of what at the 2010 census?,4,1424.6899817918095,True
"What is the other name for the area at which Ranney Hill, Northwest Territories anomaly  rose? ",7,3690.591627007379,False
"""Laws of Deception"" was written by the older brother of what famous actor?",7,2864.271883385668,False
"Ashley Smith-Brown is a professional footballer who plays for Heart of Midlothian, but who also played on loan for what Dutch professional football club based in Breda, and who play at the Rat Verlegh Stadium?",1,498.6339382509491,True
"The actress married to Roger Davis who was offered the role of Victoria Winters is best known for her role as what character in ""Charlie's Angels""?",2,562.6258185867669,True
"What music entity was voted highest on the charts, M. Shadows or Fun?",1,498.6339382509491,True
Which one of the two authors (Louis de Bernières and Orhan Pamuk) have more translations of their work?,0,270.7128447485479,True
Rachel Crow has appeared on which Nickelodeon show hosted by Jeff Sutphen?,2,562.6258185867669,True
Are both Dickinson Theodore Roosevelt Regional Airport and Kenai Municipal Airport in the United States?,0,270.7128447485479,True
"Which award did this fine dining restaurant, located in a town of a population of 6,025 as of 2010, win in 1992?",7,3690.591627007379,False
"The Valigeria Franzi was an Italian manufacturer of leather bags and luggage founded in Milan in 1864 by Rocco Franzi, Guccio Gucci worked for the company until he set up Gucci in what year, an Italian luxury brand of fashion and leather goods, part of the Gucci Group, which is owned by the French holding company Kering?",0,270.7128447485479,True
What years did ponsonby baronet serve a conservative politician before they became a prime minister,7,3690.591627007379,False
"Who was the daughter of American writer Laura Ingalls Wilder that published the short Novel, Young Pioneers?",0,270.7128447485479,True
How many novels has the author of the novel Child of God written?,7,6169.550857872515,False
Oxford is the 52nd largest city where?,0,270.7128447485479,True
"Who was born first, Stiv Bators, or Suggs? ",0,270.7128447485479,True
"Give Us This Night (1936) was attempting to build on the popularity of what American soprano nicknamed the ""Tennessee Nightingale?""",1,498.6339382509491,True
"A stressed member engine, is a vehicle engine used as an active structural element of the chassis to transmit forces and torques, rather than being passively contained by the chassis with anti-vibration mounts, Automotive engineers use the method for what particular purpose in vehicles, Automobile Engineering is a branch study of engineering which teaches manufacturing, designing, mechanical mechanisms as well operations of automobiles?",2,562.6258185867669,True
"Gangwon State University, is a public college in Gangneung City, Gangwon Province, is which sovereign state in East Asia, constituting the southern part of the Korean Peninsula?",7,2864.271883385668,False
"Which hospital can house more patients,  St. Elizabeths Hospital or the Psychiatric Institute of Washington?",0,270.7128447485479,True
Nickelodeon Movies have produced the mystery adventure film based on the comics series by which Belgian cartoonist?,0,270.7128447485479,True
"What British science fiction television series had it's episode entitled ""Smile"" written by the winner of the 2012 Guardian Prize for ""The Unforgotten Coat""?",0,270.7128447485479,True
Who produced the 1977 film John Richardson was in?,7,2864.271883385668,False
"Which genus contains more species, Dacrydium or Araiostegia?",0,270.7128447485479,True
For how long did the author of STAT: Standing Tall and Talented book series have a career in basketball?,7,2864.271883385668,False
Which film written by Chris Coghill starred Jack O'Connell?,3,869.0830829186463,True
Which character in Harry Potter and the Prisoner of Azkaban helped Harry rescue Hermione Granger from a troll?,1,498.6339382509491,True
"Which American author wrote ""The Colour Out of Space"" and ""The Call of Cthulhu""?",7,2864.271883385668,False
"The actor playing Dr. Juliet Burke on ""Lost"" starred in what 2002 American Christmas movie that was the second installment of a trilogy?",2,562.6258185867669,True
"The Wolf of the Sila, is a 1949 Italian drama film directed by Duilio Coletti, and starring which Italian actress, that died on 16 December 1989?",1,498.6339382509491,True
Maria Mercedes had a prole in the Australian production of the musical created by whom?,7,2864.271883385668,True
Which publication was published first The Artist's Magazine or Details ? ,0,270.7128447485479,True
"""Make Me Bad"" is a song written and recorded by the American nu metal band Korn for their fourth studio album, ""Issues"", the fourth studio album by what American nu metal band ?",0,270.7128447485479,True
What Team did the Tampa Bay Buccaneers sign Jeron Mastrud off of? ,2,562.6258185867669,True
How are both Buckminster Fuller and Marianne Moore have artistic similarities? ,7,3690.591627007379,False
The lead singer of the alternative metal band Faith No More appeared on the album entitled Profanation which was the last album by which group?,1,498.6339382509491,True
When was the motorsport team founded for which Philippe Alliot raced for RAM and the team was best known for its Formula One?,7,2864.271883385668,False
École secondaire publique Louis-Riel is named after a founder of which province?,0,270.7128447485479,True
"Brady James Monson Corbet, is an American actor and filmmaker, he made his feature film directorial debut with ""The Childhood of a Leader"", a historical mystery drama film, co-written, produced and directed by Brady Corbet, and is Corbet's feature film directorial debut, released in which year?",0,270.7128447485479,True
What was the nickname of the man who objected Sidney Osborne Bufton in the Pathfinder project?,7,2864.271883385668,False
Cirta was repopulated by Romans by the founder of what Roman empire?,7,2864.271883385668,False
"The Fortune Cookie (alternative UK title: Meet Whiplash Willie) is a 1966 black It was produced and directed by Samuel ""Billy"" Wilder, an Austrian-American filmmaker, screenwriter, producer, artist, and journalist whose career spanned, more than how many decades?",6,4109.226608892913,True
When was the founder of The City of Oxford High School for Boys born?,7,2864.271883385668,False
"Which is a genus of more species, Crambe or Nomocharis?",0,270.7128447485479,True
What mountain range can be seen from Schweitzer Mountain Resort in northwestern Idaho and is named for the state flower of Montana?,1,498.6339382509491,True
The Cat Creeps starred which Danish actor who lived in the US?,7,2864.271883385668,False
"What prefix was removed with government's tranistion to a Republic in 1950 from the fourth ranking airforce of the world, which includes No. 48 Squadron IAF assigned to Maintenance Command and participates in operations involving air, land and airdrop of troops, equipment, supplies, and support or augment special operations forces, when appropriate.",2,562.6258185867669,True
"200 Press is an EP by which singer, songwriter, and record producer?",2,562.6258185867669,True
John Lucian Savage is best known for a dam on the border between what two states?,2,562.6258185867669,True
Are Beyond the Heights and Beyond the Gates of Splendor both documentaries?,0,270.7128447485479,True
